COLUMNA,DESCRIPCION,TIPO_DATO,LONGITUD,CODIGO_VALIDO
DOMINIO_ESTUDIO,Descripción del dominio de estudio de la información,Varchar,255," Grande, Mediana, Pequeña, Micro, Localidad de 500,000 y más habitantes, Localidad de 50,000 a 499,999 habitantes , Construcción, Manufacturas, Comercio, Servicios"
C_1,Número de empresas_Total de empresas,Numeric,"12,15",0.0 - 999999999999.999999999999999
C_3,Número de empresas según el rango de edad de operaciones_Total de empresas,Numeric,"12,15",0.0 - 999999999999.999999999999999
D_3,Número de empresas según el rango de edad de operaciones_0-2 años,Numeric,"12,15",0.0 - 999999999999.999999999999999
E_3,Número de empresas según el rango de edad de operaciones_3-5 años,Numeric,"12,15",0.0 - 999999999999.999999999999999
F_3,Número de empresas según el rango de edad de operaciones_6-10 años,Numeric,"12,15",0.0 - 999999999999.999999999999999
G_3,Número de empresas según el rango de edad de operaciones_11-20 años,Numeric,"12,15",0.0 - 999999999999.999999999999999
H_3,Número de empresas según el rango de edad de operaciones_21 y más años,Numeric,"12,15",0.0 - 999999999999.999999999999999
C_3a,Número de empresas según edad promedio_Total de empresas,Numeric,"12,15",0.0 - 999999999999.999999999999999
D_3a,Número de empresas según edad promedio_Edad promedio,Numeric,"12,15",0.0 - 999999999999.999999999999999
C_4_1,"Personal ocupado que laboró en las empresas, según tipo y periodo de referencia_Al mes de la entrevista (2021)_Total de personal ocupado",Numeric,"12,15",0.0 - 999999999999.999999999999999
D_4_1,"Personal ocupado que laboró en las empresas, según tipo y periodo de referencia_Al mes de la entrevista (2021)_Personal dependiente de la razón social",Numeric,"12,15",0.0 - 999999999999.999999999999999
E_4_1,"Personal ocupado que laboró en las empresas, según tipo y periodo de referencia_Al mes de la entrevista (2021)_Personal no dependiente de la razón social",Numeric,"12,15",0.0 - 999999999999.999999999999999
F_4_1,"Personal ocupado que laboró en las empresas, según tipo y periodo de referencia_Durante 2020_Total de personal ocupado",Numeric,"12,15",0.0 - 999999999999.999999999999999
G_4_1,"Personal ocupado que laboró en las empresas, según tipo y periodo de referencia_Durante 2020_Personal dependiente de la razón social",Numeric,"12,15",0.0 - 999999999999.999999999999999
H_4_1,"Personal ocupado que laboró en las empresas, según tipo y periodo de referencia_Durante 2020_Personal no dependiente de la razón social",Numeric,"12,15",0.0 - 999999999999.999999999999999
I_4_1,"Personal ocupado que laboró en las empresas, según tipo y periodo de referencia_Durante 2019_Total de personal ocupado",Numeric,"12,15",0.0 - 999999999999.999999999999999
J_4_1,"Personal ocupado que laboró en las empresas, según tipo y periodo de referencia_Durante 2019_Personal dependiente de la razón social",Numeric,"12,15",0.0 - 999999999999.999999999999999
K_4_1,"Personal ocupado que laboró en las empresas, según tipo y periodo de referencia_Durante 2019_Personal no dependiente de la razón social",Numeric,"12,15",0.0 - 999999999999.999999999999999
C_4_2,"Personal ocupado de nivel directivo que laboró en las empresas, según género y periodo de referencia_Al mes de la entrevista (2021)_Total de personal ocupado",Numeric,"12,15",0.0 - 999999999999.999999999999999
D_4_2,"Personal ocupado de nivel directivo que laboró en las empresas, según género y periodo de referencia_Al mes de la entrevista (2021)_Personal directivo_Total ",Numeric,"12,15",0.0 - 999999999999.999999999999999
E_4_2,"Personal ocupado de nivel directivo que laboró en las empresas, según género y periodo de referencia_Al mes de la entrevista (2021)_Personal directivo_Hombres",Numeric,"12,15",0.0 - 999999999999.999999999999999
F_4_2,"Personal ocupado de nivel directivo que laboró en las empresas, según género y periodo de referencia_Al mes de la entrevista (2021)_Personal directivo_Mujeres",Numeric,"12,15",0.0 - 999999999999.999999999999999
G_4_2,"Personal ocupado de nivel directivo que laboró en las empresas, según género y periodo de referencia_Durante 2020_Total de personal ocupado",Numeric,"12,15",0.0 - 999999999999.999999999999999
H_4_2,"Personal ocupado de nivel directivo que laboró en las empresas, según género y periodo de referencia_Durante 2020_Personal directivo_Total ",Numeric,"12,15",0.0 - 999999999999.999999999999999
I_4_2,"Personal ocupado de nivel directivo que laboró en las empresas, según género y periodo de referencia_Durante 2020_Personal directivo_Hombres",Numeric,"12,15",0.0 - 999999999999.999999999999999
J_4_2,"Personal ocupado de nivel directivo que laboró en las empresas, según género y periodo de referencia_Durante 2020_Personal directivo_Mujeres",Numeric,"12,15",0.0 - 999999999999.999999999999999
K_4_2,"Personal ocupado de nivel directivo que laboró en las empresas, según género y periodo de referencia_Durante 2019_Total de personal ocupado",Numeric,"12,15",0.0 - 999999999999.999999999999999
L_4_2,"Personal ocupado de nivel directivo que laboró en las empresas, según género y periodo de referencia_Durante 2019_Personal directivo_Total ",Numeric,"12,15",0.0 - 999999999999.999999999999999
M_4_2,"Personal ocupado de nivel directivo que laboró en las empresas, según género y periodo de referencia_Durante 2019_Personal directivo_Hombres",Numeric,"12,15",0.0 - 999999999999.999999999999999
N_4_2,"Personal ocupado de nivel directivo que laboró en las empresas, según género y periodo de referencia_Durante 2019_Personal directivo_Mujeres",Numeric,"12,15",0.0 - 999999999999.999999999999999
C_5,Número de empresas según su régimen fiscal_Total de empresas,Numeric,"12,15",0.0 - 999999999999.999999999999999
D_5,Número de empresas según su régimen fiscal_Persona física con actividades empresariales,Numeric,"12,15",0.0 - 999999999999.999999999999999
E_5,Número de empresas según su régimen fiscal_Persona física de incorporación fiscal (Régimen de incorporación fiscal),Numeric,"12,15",0.0 - 999999999999.999999999999999
F_5,Número de empresas según su régimen fiscal_Persona moral del régimen general,Numeric,"12,15",0.0 - 999999999999.999999999999999
G_5,Número de empresas según su régimen fiscal_Persona moral con fines no lucrativos,Numeric,"12,15",0.0 - 999999999999.999999999999999
H_5,Número de empresas según su régimen fiscal_Únicamente está registrada ante alguna instancia estatal o municipal,Numeric,"12,15",0.0 - 999999999999.999999999999999
I_5,Número de empresas según su régimen fiscal_No tiene régimen (no está incorporada),Numeric,"12,15",0.0 - 999999999999.999999999999999
J_5,Número de empresas según su régimen fiscal_Otro,Numeric,"12,15",0.0 - 999999999999.999999999999999
C_6,Número de empresas según tecnologías con las que cuentan_Total de empresas,Numeric,"12,15",0.0 - 999999999999.999999999999999
D_6,Número de empresas según tecnologías con las que cuentan_Internet,Numeric,"12,15",0.0 - 999999999999.999999999999999
E_6,"Número de empresas según tecnologías con las que cuentan_Equipo informático (computadora, impresora, fax, copiadora, servidores, entre otros)",Numeric,"12,15",0.0 - 999999999999.999999999999999
F_6,"Número de empresas según tecnologías con las que cuentan_Programas informáticos o sistemas especializados (contables, recursos humanos, operación, entre otros)",Numeric,"12,15",0.0 - 999999999999.999999999999999
C_7,"Número de empresas según el medio para promocionarse, realizar ventas o expandir su mercado_Total de empresas",Numeric,"12,15",0.0 - 999999999999.999999999999999
D_7,"Número de empresas según el medio para promocionarse, realizar ventas o expandir su mercado_Redes sociales (Facebook, Twitter, Instagram, WhatsApp, Telegram, entre otras)",Numeric,"12,15",0.0 - 999999999999.999999999999999
E_7,"Número de empresas según el medio para promocionarse, realizar ventas o expandir su mercado_Sitio o página de Internet (de la empresa o de terceros)",Numeric,"12,15",0.0 - 999999999999.999999999999999
F_7,"Número de empresas según el medio para promocionarse, realizar ventas o expandir su mercado_Aplicaciones móviles de la empresa",Numeric,"12,15",0.0 - 999999999999.999999999999999
G_7,"Número de empresas según el medio para promocionarse, realizar ventas o expandir su mercado_Plataformas de venta en línea (Amazon, Mercado Libre, entre otros)",Numeric,"12,15",0.0 - 999999999999.999999999999999
H_7,"Número de empresas según el medio para promocionarse, realizar ventas o expandir su mercado_Materiales impresos (volantes, catálogos, folletos, anuncios en vías de tránsito, entre otros)",Numeric,"12,15",0.0 - 999999999999.999999999999999
I_7,"Número de empresas según el medio para promocionarse, realizar ventas o expandir su mercado_Publicidad en medios masivos (radio, televisión, entre otros)",Numeric,"12,15",0.0 - 999999999999.999999999999999
J_7,"Número de empresas según el medio para promocionarse, realizar ventas o expandir su mercado_Anuncios en periódicos y revistas",Numeric,"12,15",0.0 - 999999999999.999999999999999
K_7,"Número de empresas según el medio para promocionarse, realizar ventas o expandir su mercado_Otro",Numeric,"12,15",0.0 - 999999999999.999999999999999
C_8,Número de empresas según factores de afectación para su operación por escala_Afectó mucho_Total de empresas,Numeric,"12,15",0.0 - 999999999999.999999999999999
D_8,Número de empresas según factores de afectación para su operación por escala_Afectó mucho_Falta de financiamiento,Numeric,"12,15",0.0 - 999999999999.999999999999999
E_8,Número de empresas según factores de afectación para su operación por escala_Afectó mucho_Costo del financiamiento,Numeric,"12,15",0.0 - 999999999999.999999999999999
F_8,"Número de empresas según factores de afectación para su operación por escala_Afectó mucho_Problemas técnicos con los activos fijos (maquinaria, equipo, computadoras, entre otros)",Numeric,"12,15",0.0 - 999999999999.999999999999999
G_8,"Número de empresas según factores de afectación para su operación por escala_Afectó mucho_Incremento en los costos de operación (pago de servicios, nómina, precio de insumos, entre otros)",Numeric,"12,15",0.0 - 999999999999.999999999999999
H_8,Número de empresas según factores de afectación para su operación por escala_Afectó mucho_Exceso de deudas,Numeric,"12,15",0.0 - 999999999999.999999999999999
I_8,"Número de empresas según factores de afectación para su operación por escala_Afectó mucho_Problemas con el personal (baja calidad del trabajo, alta rotación, problemas con sindicatos, entre otros)",Numeric,"12,15",0.0 - 999999999999.999999999999999
J_8,Número de empresas según factores de afectación para su operación por escala_Afectó mucho_Conflictos familiares,Numeric,"12,15",0.0 - 999999999999.999999999999999
K_8,Número de empresas según factores de afectación para su operación por escala_Afectó mucho_Inseguridad y criminalidad,Numeric,"12,15",0.0 - 999999999999.999999999999999
L_8,Número de empresas según factores de afectación para su operación por escala_Afectó mucho_Excesivos trámites burocráticos,Numeric,"12,15",0.0 - 999999999999.999999999999999
M_8,Número de empresas según factores de afectación para su operación por escala_Afectó mucho_Regulación fiscal / impuestos,Numeric,"12,15",0.0 - 999999999999.999999999999999
N_8,Número de empresas según factores de afectación para su operación por escala_Afectó mucho_Restricciones a su actividad / cierres temporales,Numeric,"12,15",0.0 - 999999999999.999999999999999
O_8,Número de empresas según factores de afectación para su operación por escala_Afectó mucho_Otro,Numeric,"12,15",0.0 - 999999999999.999999999999999
P_8,Número de empresas según factores de afectación para su operación por escala_Afectó poco_Total de empresas,Numeric,"12,15",0.0 - 999999999999.999999999999999
Q_8,Número de empresas según factores de afectación para su operación por escala_Afectó poco_Falta de financiamiento,Numeric,"12,15",0.0 - 999999999999.999999999999999
R_8,Número de empresas según factores de afectación para su operación por escala_Afectó poco_Costo del financiamiento,Numeric,"12,15",0.0 - 999999999999.999999999999999
S_8,"Número de empresas según factores de afectación para su operación por escala_Afectó poco_Problemas técnicos con los activos fijos (maquinaria, equipo, computadoras, entre otros)",Numeric,"12,15",0.0 - 999999999999.999999999999999
T_8,"Número de empresas según factores de afectación para su operación por escala_Afectó poco_Incremento en los costos de operación (pago de servicios, nómina, precio de insumos, entre otros)",Numeric,"12,15",0.0 - 999999999999.999999999999999
U_8,Número de empresas según factores de afectación para su operación por escala_Afectó poco_Exceso de deudas,Numeric,"12,15",0.0 - 999999999999.999999999999999
V_8,"Número de empresas según factores de afectación para su operación por escala_Afectó poco_Problemas con el personal (baja calidad del trabajo, alta rotación, problemas con sindicatos, entre otros)",Numeric,"12,15",0.0 - 999999999999.999999999999999
W_8,Número de empresas según factores de afectación para su operación por escala_Afectó poco_Conflictos familiares,Numeric,"12,15",0.0 - 999999999999.999999999999999
X_8,Número de empresas según factores de afectación para su operación por escala_Afectó poco_Inseguridad y criminalidad,Numeric,"12,15",0.0 - 999999999999.999999999999999
Y_8,Número de empresas según factores de afectación para su operación por escala_Afectó poco_Excesivos trámites burocráticos,Numeric,"12,15",0.0 - 999999999999.999999999999999
Z_8,Número de empresas según factores de afectación para su operación por escala_Afectó poco_Regulación fiscal / impuestos,Numeric,"12,15",0.0 - 999999999999.999999999999999
AA_8,Número de empresas según factores de afectación para su operación por escala_Afectó poco_Restricciones a su actividad / cierres temporales,Numeric,"12,15",0.0 - 999999999999.999999999999999
AB_8,Número de empresas según factores de afectación para su operación por escala_Afectó poco_Otro,Numeric,"12,15",0.0 - 999999999999.999999999999999
AC_8,Número de empresas según factores de afectación para su operación por escala_No afectó_Total de empresas,Numeric,"12,15",0.0 - 999999999999.999999999999999
AD_8,Número de empresas según factores de afectación para su operación por escala_No afectó_Falta de financiamiento,Numeric,"12,15",0.0 - 999999999999.999999999999999
AE_8,Número de empresas según factores de afectación para su operación por escala_No afectó_Costo del financiamiento,Numeric,"12,15",0.0 - 999999999999.999999999999999
AF_8,"Número de empresas según factores de afectación para su operación por escala_No afectó_Problemas técnicos con los activos fijos (maquinaria, equipo, computadoras, entre otros)",Numeric,"12,15",0.0 - 999999999999.999999999999999
AG_8,"Número de empresas según factores de afectación para su operación por escala_No afectó_Incremento en los costos de operación (pago de servicios, nómina, precio de insumos, entre otros)",Numeric,"12,15",0.0 - 999999999999.999999999999999
AH_8,Número de empresas según factores de afectación para su operación por escala_No afectó_Exceso de deudas,Numeric,"12,15",0.0 - 999999999999.999999999999999
AI_8,"Número de empresas según factores de afectación para su operación por escala_No afectó_Problemas con el personal (baja calidad del trabajo, alta rotación, problemas con sindicatos, entre otros)",Numeric,"12,15",0.0 - 999999999999.999999999999999
AJ_8,Número de empresas según factores de afectación para su operación por escala_No afectó_Conflictos familiares,Numeric,"12,15",0.0 - 999999999999.999999999999999
AK_8,Número de empresas según factores de afectación para su operación por escala_No afectó_Inseguridad y criminalidad,Numeric,"12,15",0.0 - 999999999999.999999999999999
AL_8,Número de empresas según factores de afectación para su operación por escala_No afectó_Excesivos trámites burocráticos,Numeric,"12,15",0.0 - 999999999999.999999999999999
AM_8,Número de empresas según factores de afectación para su operación por escala_No afectó_Regulación fiscal / impuestos,Numeric,"12,15",0.0 - 999999999999.999999999999999
AN_8,Número de empresas según factores de afectación para su operación por escala_No afectó_Restricciones a su actividad / cierres temporales,Numeric,"12,15",0.0 - 999999999999.999999999999999
C_9,Número de empresas según factores de afectación para su crecimiento por escala_Afectó mucho_Total de empresas,Numeric,"12,15",0.0 - 999999999999.999999999999999
D_9,Número de empresas según factores de afectación para su crecimiento por escala_Afectó mucho_Falta de financiamiento,Numeric,"12,15",0.0 - 999999999999.999999999999999
E_9,Número de empresas según factores de afectación para su crecimiento por escala_Afectó mucho_Costo del financiamiento,Numeric,"12,15",0.0 - 999999999999.999999999999999
F_9,Número de empresas según factores de afectación para su crecimiento por escala_Afectó mucho_Situación económica del país,Numeric,"12,15",0.0 - 999999999999.999999999999999
G_9,Número de empresas según factores de afectación para su crecimiento por escala_Afectó mucho_Mercado reducido para sus productos,Numeric,"12,15",0.0 - 999999999999.999999999999999
H_9,Número de empresas según factores de afectación para su crecimiento por escala_Afectó mucho_Elevada competencia,Numeric,"12,15",0.0 - 999999999999.999999999999999
I_9,Número de empresas según factores de afectación para su crecimiento por escala_Afectó mucho_Inseguridad y criminalidad,Numeric,"12,15",0.0 - 999999999999.999999999999999
J_9,Número de empresas según factores de afectación para su crecimiento por escala_Afectó mucho_Bajo poder adquisitivo de los clientes,Numeric,"12,15",0.0 - 999999999999.999999999999999
K_9,Número de empresas según factores de afectación para su crecimiento por escala_Afectó mucho_Falta de apoyos del gobierno,Numeric,"12,15",0.0 - 999999999999.999999999999999
L_9,Número de empresas según factores de afectación para su crecimiento por escala_Afectó mucho_Falta de tecnología en la empresa,Numeric,"12,15",0.0 - 999999999999.999999999999999
M_9,Número de empresas según factores de afectación para su crecimiento por escala_Afectó mucho_Excesivos trámites burocráticos,Numeric,"12,15",0.0 - 999999999999.999999999999999
N_9,Número de empresas según factores de afectación para su crecimiento por escala_Afectó mucho_Restricciones a su actividad / cierres temporales,Numeric,"12,15",0.0 - 999999999999.999999999999999
O_9,Número de empresas según factores de afectación para su crecimiento por escala_Afectó mucho_Otro,Numeric,"12,15",0.0 - 999999999999.999999999999999
P_9,Número de empresas según factores de afectación para su crecimiento por escala_Afectó poco_Total de empresas,Numeric,"12,15",0.0 - 999999999999.999999999999999
Q_9,Número de empresas según factores de afectación para su crecimiento por escala_Afectó poco_Falta de financiamiento,Numeric,"12,15",0.0 - 999999999999.999999999999999
R_9,Número de empresas según factores de afectación para su crecimiento por escala_Afectó poco_Costo del financiamiento,Numeric,"12,15",0.0 - 999999999999.999999999999999
S_9,Número de empresas según factores de afectación para su crecimiento por escala_Afectó poco_Situación económica del país,Numeric,"12,15",0.0 - 999999999999.999999999999999
T_9,Número de empresas según factores de afectación para su crecimiento por escala_Afectó poco_Mercado reducido para sus productos,Numeric,"12,15",0.0 - 999999999999.999999999999999
U_9,Número de empresas según factores de afectación para su crecimiento por escala_Afectó poco_Elevada competencia,Numeric,"12,15",0.0 - 999999999999.999999999999999
V_9,Número de empresas según factores de afectación para su crecimiento por escala_Afectó poco_Inseguridad y criminalidad,Numeric,"12,15",0.0 - 999999999999.999999999999999
W_9,Número de empresas según factores de afectación para su crecimiento por escala_Afectó poco_Bajo poder adquisitivo de los clientes,Numeric,"12,15",0.0 - 999999999999.999999999999999
X_9,Número de empresas según factores de afectación para su crecimiento por escala_Afectó poco_Falta de apoyos del gobierno,Numeric,"12,15",0.0 - 999999999999.999999999999999
Y_9,Número de empresas según factores de afectación para su crecimiento por escala_Afectó poco_Falta de tecnología en la empresa,Numeric,"12,15",0.0 - 999999999999.999999999999999
Z_9,Número de empresas según factores de afectación para su crecimiento por escala_Afectó poco_Excesivos trámites burocráticos,Numeric,"12,15",0.0 - 999999999999.999999999999999
AA_9,Número de empresas según factores de afectación para su crecimiento por escala_Afectó poco_Restricciones a su actividad / cierres temporales,Numeric,"12,15",0.0 - 999999999999.999999999999999
AB_9,Número de empresas según factores de afectación para su crecimiento por escala_Afectó poco_Otro,Numeric,"12,15",0.0 - 999999999999.999999999999999
AC_9,Número de empresas según factores de afectación para su crecimiento por escala_No afectó_Total de empresas,Numeric,"12,15",0.0 - 999999999999.999999999999999
AD_9,Número de empresas según factores de afectación para su crecimiento por escala_No afectó_Falta de financiamiento,Numeric,"12,15",0.0 - 999999999999.999999999999999
AE_9,Número de empresas según factores de afectación para su crecimiento por escala_No afectó_Costo del financiamiento,Numeric,"12,15",0.0 - 999999999999.999999999999999
AF_9,Número de empresas según factores de afectación para su crecimiento por escala_No afectó_Situación económica del país,Numeric,"12,15",0.0 - 999999999999.999999999999999
AG_9,Número de empresas según factores de afectación para su crecimiento por escala_No afectó_Mercado reducido para sus productos,Numeric,"12,15",0.0 - 999999999999.999999999999999
AH_9,Número de empresas según factores de afectación para su crecimiento por escala_No afectó_Elevada competencia,Numeric,"12,15",0.0 - 999999999999.999999999999999
AI_9,Número de empresas según factores de afectación para su crecimiento por escala_No afectó_Inseguridad y criminalidad,Numeric,"12,15",0.0 - 999999999999.999999999999999
AJ_9,Número de empresas según factores de afectación para su crecimiento por escala_No afectó_Bajo poder adquisitivo de los clientes,Numeric,"12,15",0.0 - 999999999999.999999999999999
AK_9,Número de empresas según factores de afectación para su crecimiento por escala_No afectó_Falta de apoyos del gobierno,Numeric,"12,15",0.0 - 999999999999.999999999999999
AL_9,Número de empresas según factores de afectación para su crecimiento por escala_No afectó_Falta de tecnología en la empresa,Numeric,"12,15",0.0 - 999999999999.999999999999999
AM_9,Número de empresas según factores de afectación para su crecimiento por escala_No afectó_Excesivos trámites burocráticos,Numeric,"12,15",0.0 - 999999999999.999999999999999
AN_9,Número de empresas según factores de afectación para su crecimiento por escala_No afectó_Restricciones a su actividad / cierres temporales,Numeric,"12,15",0.0 - 999999999999.999999999999999
C_10,Número de empresas según el tipo de propietario_Total de empresas,Numeric,"12,15",0.0 - 999999999999.999999999999999
D_10,Número de empresas según el tipo de propietario_Una persona física,Numeric,"12,15",0.0 - 999999999999.999999999999999
E_10,Número de empresas según el tipo de propietario_Una familia o un grupo de personas con algún parentesco,Numeric,"12,15",0.0 - 999999999999.999999999999999
F_10,Número de empresas según el tipo de propietario_Una sociedad o asociación de personas sin parentesco,Numeric,"12,15",0.0 - 999999999999.999999999999999
G_10,Número de empresas según el tipo de propietario_Otro,Numeric,"12,15",0.0 - 999999999999.999999999999999
C_11,Número de empresas según persona que toma principalmente las decisiones_Total de empresas,Numeric,"12,15",0.0 - 999999999999.999999999999999
D_11,Número de empresas según persona que toma principalmente las decisiones_Director (a) general o gerente,Numeric,"12,15",0.0 - 999999999999.999999999999999
E_11,Número de empresas según persona que toma principalmente las decisiones_Socio (a) mayoritario (a) o fundador (a),Numeric,"12,15",0.0 - 999999999999.999999999999999
F_11,Número de empresas según persona que toma principalmente las decisiones_Familiar de la persona propietaria o fundadora,Numeric,"12,15",0.0 - 999999999999.999999999999999
G_11,Número de empresas según persona que toma principalmente las decisiones_Presidente (a) del consejo de administración,Numeric,"12,15",0.0 - 999999999999.999999999999999
H_11,Número de empresas según persona que toma principalmente las decisiones_Otro (a),Numeric,"12,15",0.0 - 999999999999.999999999999999
C_12,Número de empresas según rango de edad de quien toma principalmente las decisiones_Total de empresas,Numeric,"12,15",0.0 - 999999999999.999999999999999
D_12,Número de empresas según rango de edad de quien toma principalmente las decisiones_De 18 a 30 años,Numeric,"12,15",0.0 - 999999999999.999999999999999
E_12,Número de empresas según rango de edad de quien toma principalmente las decisiones_De 31 a 40 años,Numeric,"12,15",0.0 - 999999999999.999999999999999
F_12,Número de empresas según rango de edad de quien toma principalmente las decisiones_De 41 a 50 años,Numeric,"12,15",0.0 - 999999999999.999999999999999
G_12,Número de empresas según rango de edad de quien toma principalmente las decisiones_De 51 a 65 años,Numeric,"12,15",0.0 - 999999999999.999999999999999
H_12,Número de empresas según rango de edad de quien toma principalmente las decisiones_Más de 65 años,Numeric,"12,15",0.0 - 999999999999.999999999999999
C_13,Número de empresas según sexo de la persona que toma principalmente las decisiones_Total de empresas,Numeric,"12,15",0.0 - 999999999999.999999999999999
D_13,Número de empresas según sexo de la persona que toma principalmente las decisiones_Hombre,Numeric,"12,15",0.0 - 999999999999.999999999999999
E_13,Número de empresas según sexo de la persona que toma principalmente las decisiones_Mujer,Numeric,"12,15",0.0 - 999999999999.999999999999999
C_14,Número de empresas según nivel de estudios de la persona que toma principalmente las decisiones_Total de empresas,Numeric,"12,15",0.0 - 999999999999.999999999999999
D_14,Número de empresas según nivel de estudios de la persona que toma principalmente las decisiones_Sin instrucción,Numeric,"12,15",0.0 - 999999999999.999999999999999
E_14,"Número de empresas según nivel de estudios de la persona que toma principalmente las decisiones_Educación básica (preescolar, primaria, secundaria)",Numeric,"12,15",0.0 - 999999999999.999999999999999
F_14,"Número de empresas según nivel de estudios de la persona que toma principalmente las decisiones_Educación media superior (bachillerato general, bachillerato bivalente, profesional técnico)",Numeric,"12,15",0.0 - 999999999999.999999999999999
G_14,"Número de empresas según nivel de estudios de la persona que toma principalmente las decisiones_Educación superior (licenciatura, ingeniería, especialidad, posgrado)",Numeric,"12,15",0.0 - 999999999999.999999999999999
C_15,Número de empresas según acciones que se llevan a cabo en la planeación_Total de empresas,Numeric,"12,15",0.0 - 999999999999.999999999999999
D_15,Número de empresas según acciones que se llevan a cabo en la planeación_Se llevó a cabo al menos una acción,Numeric,"12,15",0.0 - 999999999999.999999999999999
E_15,Número de empresas según acciones que se llevan a cabo en la planeación_Se realizan pronósticos de ventas y rentabilidad de la empresa para los siguientes 12 meses,Numeric,"12,15",0.0 - 999999999999.999999999999999
F_15,"Número de empresas según acciones que se llevan a cabo en la planeación_Se establecen metas a largo plazo (más de un año) para la empresa, se asignan responsables y existen esfuerzos activos para alcanzarlas",Numeric,"12,15",0.0 - 999999999999.999999999999999
G_15,Número de empresas según acciones que se llevan a cabo en la planeación_Se tiene una estrategia para definir y administrar el nivel de endeudamiento de la empresa,Numeric,"12,15",0.0 - 999999999999.999999999999999
C_16,Número de empresas según situaciones que dificultan la planeación financiera de la empresa_Total de empresas,Numeric,"12,15",0.0 - 999999999999.999999999999999
D_16,Número de empresas según situaciones que dificultan la planeación financiera de la empresa_No se tiene suficiente conocimiento para elaborar un plan financiero,Numeric,"12,15",0.0 - 999999999999.999999999999999
E_16,Número de empresas según situaciones que dificultan la planeación financiera de la empresa_La demanda de sus bienes o servicios es muy incierta e inestable,Numeric,"12,15",0.0 - 999999999999.999999999999999
F_16,Número de empresas según situaciones que dificultan la planeación financiera de la empresa_No se tiene suficiente personal para dedicarle tiempo a la elaboración y seguimiento de planes,Numeric,"12,15",0.0 - 999999999999.999999999999999
G_16,Número de empresas según situaciones que dificultan la planeación financiera de la empresa_No se cuenta con personal especializado para manejar productos y servicios financieros,Numeric,"12,15",0.0 - 999999999999.999999999999999
H_16,Número de empresas según situaciones que dificultan la planeación financiera de la empresa_No se respetan los objetivos establecidos en la planeación,Numeric,"12,15",0.0 - 999999999999.999999999999999
I_16,Número de empresas según situaciones que dificultan la planeación financiera de la empresa_No se otorga la relevancia necesaria a este tema en la empresa,Numeric,"12,15",0.0 - 999999999999.999999999999999
J_16,Número de empresas según situaciones que dificultan la planeación financiera de la empresa_No se tienen dificultades,Numeric,"12,15",0.0 - 999999999999.999999999999999
C_19,Porcentaje promedio de ingresos por la venta de productos o servicios al extranjero,Numeric,"12,15",0.0 - 999999999999.999999999999999
C_20,"Número de empresas según resultado financiero después del pago de impuestos, así como su porcentaje promedio con relación a los ingresos totales_Total de empresas",Numeric,"12,15",0.0 - 999999999999.999999999999999
D_20,"Número de empresas según resultado financiero después del pago de impuestos, así como su porcentaje promedio con relación a los ingresos totales_Empresas con ganancias",Numeric,"12,15",0.0 - 999999999999.999999999999999
E_20,"Número de empresas según resultado financiero después del pago de impuestos, así como su porcentaje promedio con relación a los ingresos totales_Porcentaje promedio de ganancias respecto a los ingresos totales",Numeric,"12,15",0.0 - 999999999999.999999999999999
F_20,"Número de empresas según resultado financiero después del pago de impuestos, así como su porcentaje promedio con relación a los ingresos totales_Empresas con pérdidas",Numeric,"12,15",0.0 - 999999999999.999999999999999
G_20,"Número de empresas según resultado financiero después del pago de impuestos, así como su porcentaje promedio con relación a los ingresos totales_Porcentaje promedio de pérdidas respecto a los ingresos totales",Numeric,"12,15",0.0 - 999999999999.999999999999999
H_20,"Número de empresas según resultado financiero después del pago de impuestos, así como su porcentaje promedio con relación a los ingresos totales_Empresas sin pérdidas ni ganancias",Numeric,"12,15",0.0 - 999999999999.999999999999999
C_22,Porcentaje promedio de las deudas respecto a los activos totales e ingresos al 31 de diciembre_Porcentaje promedio del total de deudas respecto a los activos totales,Numeric,"12,15",0.0 - 999999999999.999999999999999
D_22,Porcentaje promedio de las deudas respecto a los activos totales e ingresos al 31 de diciembre_Porcentaje promedio del total de deudas respecto a los ingresos totales,Numeric,"12,15",0.0 - 999999999999.999999999999999
C_23,Número de empresas que conocen o han escuchado hablar sobre los diferentes tipos de instituciones financieras_Total de empresas,Numeric,"12,15",0.0 - 999999999999.999999999999999
D_23,Número de empresas que conocen o han escuchado hablar sobre los diferentes tipos de instituciones financieras_Banca comercial ,Numeric,"12,15",0.0 - 999999999999.999999999999999
E_23,Número de empresas que conocen o han escuchado hablar sobre los diferentes tipos de instituciones financieras_Banca de desarrollo,Numeric,"12,15",0.0 - 999999999999.999999999999999
F_23,Número de empresas que conocen o han escuchado hablar sobre los diferentes tipos de instituciones financieras_Sociedad Financiera de Objeto Múltiple (SOFOM),Numeric,"12,15",0.0 - 999999999999.999999999999999
G_23,Número de empresas que conocen o han escuchado hablar sobre los diferentes tipos de instituciones financieras_Sociedad Cooperativa de Ahorro y Préstamo (SOCAP),Numeric,"12,15",0.0 - 999999999999.999999999999999
H_23,Número de empresas que conocen o han escuchado hablar sobre los diferentes tipos de instituciones financieras_Unión de Crédito,Numeric,"12,15",0.0 - 999999999999.999999999999999
I_23,Número de empresas que conocen o han escuchado hablar sobre los diferentes tipos de instituciones financieras_Sociedades Financieras Populares (SOFIPO),Numeric,"12,15",0.0 - 999999999999.999999999999999
J_23,Número de empresas que conocen o han escuchado hablar sobre los diferentes tipos de instituciones financieras_Casas de bolsa,Numeric,"12,15",0.0 - 999999999999.999999999999999
K_23,Número de empresas que conocen o han escuchado hablar sobre los diferentes tipos de instituciones financieras_Instituciones de financiamiento colectivo (crowdfunding),Numeric,"12,15",0.0 - 999999999999.999999999999999
C_24,Número de empresas que conocen o han escuchado hablar sobre las actividades de las entidades del sistema financiero mexicano_Total de empresas,Numeric,"12,15",0.0 - 999999999999.999999999999999
D_24,"Número de empresas que conocen o han escuchado hablar sobre las actividades de las entidades del sistema financiero mexicano_Sociedades de información crediticia (Buró de Crédito, Círculo de Crédito)",Numeric,"12,15",0.0 - 999999999999.999999999999999
E_24,Número de empresas que conocen o han escuchado hablar sobre las actividades de las entidades del sistema financiero mexicano_Aseguradoras,Numeric,"12,15",0.0 - 999999999999.999999999999999
F_24,Número de empresas que conocen o han escuchado hablar sobre las actividades de las entidades del sistema financiero mexicano_Afores,Numeric,"12,15",0.0 - 999999999999.999999999999999
G_24,Número de empresas que conocen o han escuchado hablar sobre las actividades de las entidades del sistema financiero mexicano_Banco de México (Banxico),Numeric,"12,15",0.0 - 999999999999.999999999999999
H_24,Número de empresas que conocen o han escuchado hablar sobre las actividades de las entidades del sistema financiero mexicano_Comisión Nacional para la Protección y Defensa de los Usuarios de Servicios Financieros (CONDUSEF),Numeric,"12,15",0.0 - 999999999999.999999999999999
I_24,Número de empresas que conocen o han escuchado hablar sobre las actividades de las entidades del sistema financiero mexicano_Instituto para la Protección al Ahorro Bancario (IPAB),Numeric,"12,15",0.0 - 999999999999.999999999999999
J_24,Número de empresas que conocen o han escuchado hablar sobre las actividades de las entidades del sistema financiero mexicano_Comisión Nacional Bancaria y de Valores (CNBV),Numeric,"12,15",0.0 - 999999999999.999999999999999
C_25,Número de empresas que otorgaron crédito o financiamiento_Total de empresas,Numeric,"12,15",0.0 - 999999999999.999999999999999
D_25,Número de empresas que otorgaron crédito o financiamiento_Clientes de la empresa,Numeric,"12,15",0.0 - 999999999999.999999999999999
E_25,Número de empresas que otorgaron crédito o financiamiento_La matriz o el grupo controlador de la empresa,Numeric,"12,15",0.0 - 999999999999.999999999999999
F_25,Número de empresas que otorgaron crédito o financiamiento_Alguna subsidiaria del grupo controlador de la empresa,Numeric,"12,15",0.0 - 999999999999.999999999999999
G_25,Número de empresas que otorgaron crédito o financiamiento_Personal o socios (as) de la empresa,Numeric,"12,15",0.0 - 999999999999.999999999999999
H_25,Número de empresas que otorgaron crédito o financiamiento_Otro,Numeric,"12,15",0.0 - 999999999999.999999999999999
C_26,"Número de empresas que utilizaron recursos propios para solventar sus operaciones, pagar transacciones o realizar alguna otra actividad_Total de empresas",Numeric,"12,15",0.0 - 999999999999.999999999999999
C_26_1_1,"Número de empresas que utilizaron sus utilidades para financiar o solventar sus operaciones, según características de esta fuente_Total de empresas",Numeric,"12,15",0.0 - 999999999999.999999999999999
C_26_1_2,"Número de empresas que vendieron activos para financiar o solventar sus operaciones, según características de esta fuente_Total de empresas",Numeric,"12,15",0.0 - 999999999999.999999999999999
C_26_1_3,"Número de empresas que utilizaron ahorros, aportaciones o recursos de los (as) socios (as) para financiar o solventar sus operaciones, según características de esta fuente_Total de empresas",Numeric,"12,15",0.0 - 999999999999.999999999999999
C_26_1_9,"Número de empresas que utilizaron otras fuentes para financiar o solventar sus operaciones, según características de esta fuente_Total de empresas",Numeric,"12,15",0.0 - 999999999999.999999999999999
C_26_0,"Número de empresas que ocuparon recursos propios para solventar sus operaciones, pagar transacciones o realizar alguna otra actividad, por fuente de financiamiento_Total de empresas",Numeric,"12,15",0.0 - 999999999999.999999999999999
D_26_0,"Número de empresas que ocuparon recursos propios para solventar sus operaciones, pagar transacciones o realizar alguna otra actividad, por fuente de financiamiento_Utilidades de la empresa",Numeric,"12,15",0.0 - 999999999999.999999999999999
E_26_0,"Número de empresas que ocuparon recursos propios para solventar sus operaciones, pagar transacciones o realizar alguna otra actividad, por fuente de financiamiento_Venta de activos de la empresa (cualquier activo)",Numeric,"12,15",0.0 - 999999999999.999999999999999
F_26_0,"Número de empresas que ocuparon recursos propios para solventar sus operaciones, pagar transacciones o realizar alguna otra actividad, por fuente de financiamiento_Ahorros, aportaciones o recursos de los (as) socios (as)",Numeric,"12,15",0.0 - 999999999999.999999999999999
G_26_0,"Número de empresas que ocuparon recursos propios para solventar sus operaciones, pagar transacciones o realizar alguna otra actividad, por fuente de financiamiento_Otra",Numeric,"12,15",0.0 - 999999999999.999999999999999
C_26a,Número de empresas que utilizaron recursos propios para financiar o solventar sus operaciones_Total de empresas,Numeric,"12,15",0.0 - 999999999999.999999999999999
D_26a,Número de empresas que utilizaron recursos propios para financiar o solventar sus operaciones_Monto total de recursos (miles de pesos),Numeric,"12,15",0.0 - 999999999999.999999999999999
C_27,"Número de empresas que utilizaron recursos propios para solventar sus operaciones, pagar transacciones o realizar alguna otra actividad, según razones de uso_Total de empresas",Numeric,"12,15",0.0 - 999999999999.999999999999999
D_27,"Número de empresas que utilizaron recursos propios para solventar sus operaciones, pagar transacciones o realizar alguna otra actividad, según razones de uso_Es más sencillo obtener estos recursos que otros",Numeric,"12,15",0.0 - 999999999999.999999999999999
E_27,"Número de empresas que utilizaron recursos propios para solventar sus operaciones, pagar transacciones o realizar alguna otra actividad, según razones de uso_Los recursos se obtienen más rápido que un crédito",Numeric,"12,15",0.0 - 999999999999.999999999999999
F_27,"Número de empresas que utilizaron recursos propios para solventar sus operaciones, pagar transacciones o realizar alguna otra actividad, según razones de uso_Se prefiere no solicitar crédito",Numeric,"12,15",0.0 - 999999999999.999999999999999
G_27,"Número de empresas que utilizaron recursos propios para solventar sus operaciones, pagar transacciones o realizar alguna otra actividad, según razones de uso_Es menos costoso que solicitar financiamiento",Numeric,"12,15",0.0 - 999999999999.999999999999999
H_27,"Número de empresas que utilizaron recursos propios para solventar sus operaciones, pagar transacciones o realizar alguna otra actividad, según razones de uso_Falta de acceso a financiamiento",Numeric,"12,15",0.0 - 999999999999.999999999999999
I_27,"Número de empresas que utilizaron recursos propios para solventar sus operaciones, pagar transacciones o realizar alguna otra actividad, según razones de uso_Otra",Numeric,"12,15",0.0 - 999999999999.999999999999999
C_28,Número de empresas que desde su inicio de operaciones han solicitado o tenido algún financiamiento_Total de empresas,Numeric,"12,15",0.0 - 999999999999.999999999999999
D_28,Número de empresas que desde su inicio de operaciones han solicitado o tenido algún financiamiento_Empresas que han solicitado financiamiento,Numeric,"12,15",0.0 - 999999999999.999999999999999
E_28,Número de empresas que desde su inicio de operaciones han solicitado o tenido algún financiamiento_Empresas que han tenido financiamiento,Numeric,"12,15",0.0 - 999999999999.999999999999999
C_29_1,Número de empresas según el resultado de la primera solicitud de crédito o financiamiento_Total de empresas,Numeric,"12,15",0.0 - 999999999999.999999999999999
D_29_1,Número de empresas según el resultado de la primera solicitud de crédito o financiamiento_Empresas cuya solicitud de financiamiento fue aprobada,Numeric,"12,15",0.0 - 999999999999.999999999999999
E_29_1,Número de empresas según el resultado de la primera solicitud de crédito o financiamiento_Empresas cuya solicitud de financiamiento fue rechazada,Numeric,"12,15",0.0 - 999999999999.999999999999999
C_29_2,Número de empresas según institución o fuente a la que acudieron para realizar la primera solicitud de crédito_Total de empresas,Numeric,"12,15",0.0 - 999999999999.999999999999999
D_29_2,Número de empresas según institución o fuente a la que acudieron para realizar la primera solicitud de crédito_Banca comercial,Numeric,"12,15",0.0 - 999999999999.999999999999999
E_29_2,Número de empresas según institución o fuente a la que acudieron para realizar la primera solicitud de crédito_Banca de desarrollo,Numeric,"12,15",0.0 - 999999999999.999999999999999
F_29_2,"Número de empresas según institución o fuente a la que acudieron para realizar la primera solicitud de crédito_Institución financiera no bancaria (SOFOM, SOCAP, SOFIPO, Unión de Crédito)",Numeric,"12,15",0.0 - 999999999999.999999999999999
G_29_2,"Número de empresas según institución o fuente a la que acudieron para realizar la primera solicitud de crédito_Programas de gobierno federal, estatal o municipal",Numeric,"12,15",0.0 - 999999999999.999999999999999
H_29_2,Número de empresas según institución o fuente a la que acudieron para realizar la primera solicitud de crédito_Proveedores,Numeric,"12,15",0.0 - 999999999999.999999999999999
I_29_2,Número de empresas según institución o fuente a la que acudieron para realizar la primera solicitud de crédito_Familiares o amistades,Numeric,"12,15",0.0 - 999999999999.999999999999999
J_29_2,Número de empresas según institución o fuente a la que acudieron para realizar la primera solicitud de crédito_Instituciones de financiamiento colectivo (crowdfunding),Numeric,"12,15",0.0 - 999999999999.999999999999999
K_29_2,Número de empresas según institución o fuente a la que acudieron para realizar la primera solicitud de crédito_Otra,Numeric,"12,15",0.0 - 999999999999.999999999999999
C_30_1,Edad promedio de la empresa cuando solicitó por primera vez un crédito o préstamo por tipo de institución_Banca comercial,Numeric,"12,15",0.0 - 999999999999.999999999999999
D_30_1,Edad promedio de la empresa cuando solicitó por primera vez un crédito o préstamo por tipo de institución_Banca de desarrollo,Numeric,"12,15",0.0 - 999999999999.999999999999999
E_30_1,"Edad promedio de la empresa cuando solicitó por primera vez un crédito o préstamo por tipo de institución_Institución financiera no bancaria (SOFOM, SOCAP, SOFIPO, Unión de Crédito)",Numeric,"12,15",0.0 - 999999999999.999999999999999
F_30_1,"Edad promedio de la empresa cuando solicitó por primera vez un crédito o préstamo por tipo de institución_Programas de gobierno federal, estatal o municipal",Numeric,"12,15",0.0 - 999999999999.999999999999999
G_30_1,Edad promedio de la empresa cuando solicitó por primera vez un crédito o préstamo por tipo de institución_Proveedores,Numeric,"12,15",0.0 - 999999999999.999999999999999
H_30_1,Edad promedio de la empresa cuando solicitó por primera vez un crédito o préstamo por tipo de institución_Familiares o amistades,Numeric,"12,15",0.0 - 999999999999.999999999999999
I_30_1,Edad promedio de la empresa cuando solicitó por primera vez un crédito o préstamo por tipo de institución_Instituciones de financiamiento colectivo (crowdfunding),Numeric,"12,15",0.0 - 999999999999.999999999999999
J_30_1,Edad promedio de la empresa cuando solicitó por primera vez un crédito o préstamo por tipo de institución_Otra,Numeric,"12,15",0.0 - 999999999999.999999999999999
C_30_2,Edad promedio de la empresa cuando le aprobaron por primera vez un crédito o un préstamo por tipo de institución_Banca comercial,Numeric,"12,15",0.0 - 999999999999.999999999999999
D_30_2,Edad promedio de la empresa cuando le aprobaron por primera vez un crédito o un préstamo por tipo de institución_Banca de desarrollo,Numeric,"12,15",0.0 - 999999999999.999999999999999
E_30_2,"Edad promedio de la empresa cuando le aprobaron por primera vez un crédito o un préstamo por tipo de institución_Institución financiera no bancaria (SOFOM, SOCAP, SOFIPO, Unión de Crédito)",Numeric,"12,15",0.0 - 999999999999.999999999999999
F_30_2,"Edad promedio de la empresa cuando le aprobaron por primera vez un crédito o un préstamo por tipo de institución_Programas de gobierno federal, estatal o municipal",Numeric,"12,15",0.0 - 999999999999.999999999999999
G_30_2,Edad promedio de la empresa cuando le aprobaron por primera vez un crédito o un préstamo por tipo de institución_Proveedores,Numeric,"12,15",0.0 - 999999999999.999999999999999
H_30_2,Edad promedio de la empresa cuando le aprobaron por primera vez un crédito o un préstamo por tipo de institución_Familiares o amistades,Numeric,"12,15",0.0 - 999999999999.999999999999999
I_30_2,Edad promedio de la empresa cuando le aprobaron por primera vez un crédito o un préstamo por tipo de institución_Instituciones de financiamiento colectivo (crowdfunding),Numeric,"12,15",0.0 - 999999999999.999999999999999
J_30_2,Edad promedio de la empresa cuando le aprobaron por primera vez un crédito o un préstamo por tipo de institución_Otra,Numeric,"12,15",0.0 - 999999999999.999999999999999
C_31,Número de empresas que tuvieron algún crédito o financiamiento_Total de empresas,Numeric,"12,15",0.0 - 999999999999.999999999999999
D_31,Número de empresas que tuvieron algún crédito o financiamiento_2021 (al mes de la entrevista),Numeric,"12,15",0.0 - 999999999999.999999999999999
E_31,Número de empresas que tuvieron algún crédito o financiamiento_2020,Numeric,"12,15",0.0 - 999999999999.999999999999999
F_31,Número de empresas que tuvieron algún crédito o financiamiento_2019,Numeric,"12,15",0.0 - 999999999999.999999999999999
C_31_1_a,Número de empresas según institución o fuente con las que la empresa tuvo algún crédito o financiamiento_Total de empresas,Numeric,"12,15",0.0 - 999999999999.999999999999999
D_31_1_a,Número de empresas según institución o fuente con las que la empresa tuvo algún crédito o financiamiento_Banca comercial,Numeric,"12,15",0.0 - 999999999999.999999999999999
E_31_1_a,"Número de empresas según institución o fuente con las que la empresa tuvo algún crédito o financiamiento_Institución financiera no bancaria (SOFOM, SOCAP, SOFIPO, Unión de Crédito)",Numeric,"12,15",0.0 - 999999999999.999999999999999
F_31_1_a,Número de empresas según institución o fuente con las que la empresa tuvo algún crédito o financiamiento_Proveedores,Numeric,"12,15",0.0 - 999999999999.999999999999999
G_31_1_a,Número de empresas según institución o fuente con las que la empresa tuvo algún crédito o financiamiento_Familiares o amistades,Numeric,"12,15",0.0 - 999999999999.999999999999999
H_31_1_a,Número de empresas según institución o fuente con las que la empresa tuvo algún crédito o financiamiento_Otra,Numeric,"12,15",0.0 - 999999999999.999999999999999
C_31_1_b,Número de empresas según institución o fuente con las que la empresa tuvo algún crédito o financiamiento_Total de empresas,Numeric,"12,15",0.0 - 999999999999.999999999999999
D_31_1_b,Número de empresas según institución o fuente con las que la empresa tuvo algún crédito o financiamiento_Banca comercial,Numeric,"12,15",0.0 - 999999999999.999999999999999
E_31_1_b,"Número de empresas según institución o fuente con las que la empresa tuvo algún crédito o financiamiento_Institución financiera no bancaria (SOFOM, SOCAP, SOFIPO, Unión de Crédito)",Numeric,"12,15",0.0 - 999999999999.999999999999999
F_31_1_b,Número de empresas según institución o fuente con las que la empresa tuvo algún crédito o financiamiento_Proveedores,Numeric,"12,15",0.0 - 999999999999.999999999999999
G_31_1_b,Número de empresas según institución o fuente con las que la empresa tuvo algún crédito o financiamiento_Familiares o amistades,Numeric,"12,15",0.0 - 999999999999.999999999999999
H_31_1_b,Número de empresas según institución o fuente con las que la empresa tuvo algún crédito o financiamiento_Otra,Numeric,"12,15",0.0 - 999999999999.999999999999999
C_31_1_c,Número de empresas según institución o fuente con las que la empresa tuvo algún crédito o financiamiento_Total de empresas,Numeric,"12,15",0.0 - 999999999999.999999999999999
D_31_1_c,Número de empresas según institución o fuente con las que la empresa tuvo algún crédito o financiamiento_Banca comercial,Numeric,"12,15",0.0 - 999999999999.999999999999999
E_31_1_c,"Número de empresas según institución o fuente con las que la empresa tuvo algún crédito o financiamiento_Institución financiera no bancaria (SOFOM, SOCAP, SOFIPO, Unión de Crédito)",Numeric,"12,15",0.0 - 999999999999.999999999999999
F_31_1_c,Número de empresas según institución o fuente con las que la empresa tuvo algún crédito o financiamiento_Proveedores,Numeric,"12,15",0.0 - 999999999999.999999999999999
G_31_1_c,Número de empresas según institución o fuente con las que la empresa tuvo algún crédito o financiamiento_Familiares o amistades,Numeric,"12,15",0.0 - 999999999999.999999999999999
H_31_1_c,Número de empresas según institución o fuente con las que la empresa tuvo algún crédito o financiamiento_Otra,Numeric,"12,15",0.0 - 999999999999.999999999999999
C_32,"Número de empresas que utilizaron algún crédito o financiamiento para solventar sus operaciones, pagar transacciones o realizar otra actividad de la empresa, según tipo de moneda_Total de empresas",Numeric,"12,15",0.0 - 999999999999.999999999999999
D_32,"Número de empresas que utilizaron algún crédito o financiamiento para solventar sus operaciones, pagar transacciones o realizar otra actividad de la empresa, según tipo de moneda_Con crédito en moneda nacional",Numeric,"12,15",0.0 - 999999999999.999999999999999
E_32,"Número de empresas que utilizaron algún crédito o financiamiento para solventar sus operaciones, pagar transacciones o realizar otra actividad de la empresa, según tipo de moneda_Con crédito en moneda extranjera",Numeric,"12,15",0.0 - 999999999999.999999999999999
C_33_1,"Número de empresas que utilizaron banca comercial como fuente de financiamiento en moneda nacional para solventar sus operaciones, pagar transacciones o realizar otra actividad, según características del crédito_Total de empresas",Numeric,"12,15",0.0 - 999999999999.999999999999999
D_33_1,"Número de empresas que utilizaron banca comercial como fuente de financiamiento en moneda nacional para solventar sus operaciones, pagar transacciones o realizar otra actividad, según características del crédito_Plazo promedio (meses)",Numeric,"12,15",0.0 - 999999999999.999999999999999
E_33_1,"Número de empresas que utilizaron banca comercial como fuente de financiamiento en moneda nacional para solventar sus operaciones, pagar transacciones o realizar otra actividad, según características del crédito_Tasa de interés promedio anual",Numeric,"12,15",0.0 - 999999999999.999999999999999
C_33_2,"Número de empresas que utilizaron banca de desarrollo como fuente de financiamiento en moneda nacional para solventar sus operaciones, pagar transacciones o realizar otra actividad, según características del crédito_Total de empresas",Numeric,"12,15",0.0 - 999999999999.999999999999999
D_33_2,"Número de empresas que utilizaron banca de desarrollo como fuente de financiamiento en moneda nacional para solventar sus operaciones, pagar transacciones o realizar otra actividad, según características del crédito_Plazo promedio (meses)",Numeric,"12,15",0.0 - 999999999999.999999999999999
E_33_2,"Número de empresas que utilizaron banca de desarrollo como fuente de financiamiento en moneda nacional para solventar sus operaciones, pagar transacciones o realizar otra actividad, según características del crédito_Tasa de interés promedio anual",Numeric,"12,15",0.0 - 999999999999.999999999999999
C_33_3,"Número de empresas que utilizaron instituciones financieras no bancarias como fuente de financiamiento en moneda nacional para solventar sus operaciones, pagar transacciones o realizar otra actividad, según características del crédito_Total de empresas",Numeric,"12,15",0.0 - 999999999999.999999999999999
D_33_3,"Número de empresas que utilizaron instituciones financieras no bancarias como fuente de financiamiento en moneda nacional para solventar sus operaciones, pagar transacciones o realizar otra actividad, según características del crédito_Plazo promedio (meses)",Numeric,"12,15",0.0 - 999999999999.999999999999999
E_33_3,"Número de empresas que utilizaron instituciones financieras no bancarias como fuente de financiamiento en moneda nacional para solventar sus operaciones, pagar transacciones o realizar otra actividad, según características del crédito_Tasa de interés promedio anual",Numeric,"12,15",0.0 - 999999999999.999999999999999
C_33_4,"Número de empresas que utilizaron programa de gobierno federal, estatal o municipal como fuente de financiamiento en moneda nacional para solventar sus operaciones, pagar transacciones o realizar otra actividad, según características del crédito_Total de empresas",Numeric,"12,15",0.0 - 999999999999.999999999999999
D_33_4,"Número de empresas que utilizaron programa de gobierno federal, estatal o municipal como fuente de financiamiento en moneda nacional para solventar sus operaciones, pagar transacciones o realizar otra actividad, según características del crédito_Plazo promedio (meses)",Numeric,"12,15",0.0 - 999999999999.999999999999999
E_33_4,"Número de empresas que utilizaron programa de gobierno federal, estatal o municipal como fuente de financiamiento en moneda nacional para solventar sus operaciones, pagar transacciones o realizar otra actividad, según características del crédito_Tasa de interés promedio anual",Numeric,"12,15",0.0 - 999999999999.999999999999999
C_33_5,"Número de empresas que utilizaron proveedores como fuente de financiamiento en moneda nacional para solventar sus operaciones, pagar transacciones o realizar otra actividad, según características del crédito_Total de empresas",Numeric,"12,15",0.0 - 999999999999.999999999999999
D_33_5,"Número de empresas que utilizaron proveedores como fuente de financiamiento en moneda nacional para solventar sus operaciones, pagar transacciones o realizar otra actividad, según características del crédito_Plazo promedio (meses)",Numeric,"12,15",0.0 - 999999999999.999999999999999
E_33_5,"Número de empresas que utilizaron proveedores como fuente de financiamiento en moneda nacional para solventar sus operaciones, pagar transacciones o realizar otra actividad, según características del crédito_Tasa de interés promedio anual",Numeric,"12,15",0.0 - 999999999999.999999999999999
C_33_6,"Número de empresas que utilizaron familiares o amistades como fuente de financiamiento en moneda nacional para solventar sus operaciones, pagar transacciones o realizar otra actividad, según características del crédito_Total de empresas",Numeric,"12,15",0.0 - 999999999999.999999999999999
D_33_6,"Número de empresas que utilizaron familiares o amistades como fuente de financiamiento en moneda nacional para solventar sus operaciones, pagar transacciones o realizar otra actividad, según características del crédito_Plazo promedio (meses)",Numeric,"12,15",0.0 - 999999999999.999999999999999
E_33_6,"Número de empresas que utilizaron familiares o amistades como fuente de financiamiento en moneda nacional para solventar sus operaciones, pagar transacciones o realizar otra actividad, según características del crédito_Tasa de interés promedio anual",Numeric,"12,15",0.0 - 999999999999.999999999999999
C_33_7,"Número de empresas que utilizaron instituciones de financiamiento colectivo (crowdfunding) como fuente de financiamiento en moneda nacional para solventar sus operaciones, pagar transacciones o realizar otra actividad, según características del crédito_Total de empresas",Numeric,"12,15",0.0 - 999999999999.999999999999999
D_33_7,"Número de empresas que utilizaron instituciones de financiamiento colectivo (crowdfunding) como fuente de financiamiento en moneda nacional para solventar sus operaciones, pagar transacciones o realizar otra actividad, según características del crédito_Plazo promedio (meses)",Numeric,"12,15",0.0 - 999999999999.999999999999999
E_33_7,"Número de empresas que utilizaron instituciones de financiamiento colectivo (crowdfunding) como fuente de financiamiento en moneda nacional para solventar sus operaciones, pagar transacciones o realizar otra actividad, según características del crédito_Tasa de interés promedio anual (%)",Numeric,"12,15",0.0 - 999999999999.999999999999999
C_33_8,"Número de empresas que utilizaron controladora u otras entidades del grupo empresarial como fuente de financiamiento en moneda nacional para solventar sus operaciones, pagar transacciones o realizar otra actividad, según características del crédito_Total de empresas",Numeric,"12,15",0.0 - 999999999999.999999999999999
D_33_8,"Número de empresas que utilizaron controladora u otras entidades del grupo empresarial como fuente de financiamiento en moneda nacional para solventar sus operaciones, pagar transacciones o realizar otra actividad, según características del crédito_Plazo promedio (meses)",Numeric,"12,15",0.0 - 999999999999.999999999999999
E_33_8,"Número de empresas que utilizaron controladora u otras entidades del grupo empresarial como fuente de financiamiento en moneda nacional para solventar sus operaciones, pagar transacciones o realizar otra actividad, según características del crédito_Tasa de interés promedio anual",Numeric,"12,15",0.0 - 999999999999.999999999999999
C_33_9,"Número de empresas que utilizaron otra fuente de financiamiento en moneda nacional para solventar sus operaciones, pagar transacciones o realizar otra actividad, según características del crédito_Total de empresas",Numeric,"12,15",0.0 - 999999999999.999999999999999
D_33_9,"Número de empresas que utilizaron otra fuente de financiamiento en moneda nacional para solventar sus operaciones, pagar transacciones o realizar otra actividad, según características del crédito_Plazo promedio (meses)",Numeric,"12,15",0.0 - 999999999999.999999999999999
E_33_9,"Número de empresas que utilizaron otra fuente de financiamiento en moneda nacional para solventar sus operaciones, pagar transacciones o realizar otra actividad, según características del crédito_Tasa de interés promedio anual",Numeric,"12,15",0.0 - 999999999999.999999999999999
C_33_0,"Número de empresas con financiamiento en moneda nacional para solventar sus operaciones, pagar transacciones o realizar otra actividad_Total de empresas",Numeric,"12,15",0.0 - 999999999999.999999999999999
D_33_0,"Número de empresas con financiamiento en moneda nacional para solventar sus operaciones, pagar transacciones o realizar otra actividad_Banca comercial",Numeric,"12,15",0.0 - 999999999999.999999999999999
E_33_0,"Número de empresas con financiamiento en moneda nacional para solventar sus operaciones, pagar transacciones o realizar otra actividad_Banca de desarrollo",Numeric,"12,15",0.0 - 999999999999.999999999999999
F_33_0,"Número de empresas con financiamiento en moneda nacional para solventar sus operaciones, pagar transacciones o realizar otra actividad_Institución financiera no bancaria (SOFOM, SOCAP, SOFIPO, Unión de crédito)",Numeric,"12,15",0.0 - 999999999999.999999999999999
G_33_0,"Número de empresas con financiamiento en moneda nacional para solventar sus operaciones, pagar transacciones o realizar otra actividad_Programas de gobierno federal, estatal o municipal",Numeric,"12,15",0.0 - 999999999999.999999999999999
H_33_0,"Número de empresas con financiamiento en moneda nacional para solventar sus operaciones, pagar transacciones o realizar otra actividad_Proveedores",Numeric,"12,15",0.0 - 999999999999.999999999999999
I_33_0,"Número de empresas con financiamiento en moneda nacional para solventar sus operaciones, pagar transacciones o realizar otra actividad_Familiares o amistades",Numeric,"12,15",0.0 - 999999999999.999999999999999
J_33_0,"Número de empresas con financiamiento en moneda nacional para solventar sus operaciones, pagar transacciones o realizar otra actividad_Instituciones de financiamiento colectivo (crowdfunding)",Numeric,"12,15",0.0 - 999999999999.999999999999999
K_33_0,"Número de empresas con financiamiento en moneda nacional para solventar sus operaciones, pagar transacciones o realizar otra actividad_Controladora u otras entidades del grupo empresarial",Numeric,"12,15",0.0 - 999999999999.999999999999999
L_33_0,"Número de empresas con financiamiento en moneda nacional para solventar sus operaciones, pagar transacciones o realizar otra actividad_Otra",Numeric,"12,15",0.0 - 999999999999.999999999999999
C_33a,"Número de empresas que utilizaron financiamiento en moneda nacional para solventar sus operaciones, pagar transacciones o realizar otra actividad_Total de empresas",Numeric,"12,15",0.0 - 999999999999.999999999999999
D_33a,"Número de empresas que utilizaron financiamiento en moneda nacional para solventar sus operaciones, pagar transacciones o realizar otra actividad_Monto total del financiamiento (miles de pesos)",Numeric,"12,15",0.0 - 999999999999.999999999999999
C_34_1,"Número de empresas que utilizaron banca comercial nacional como fuente de financiamiento en moneda extranjera para solventar sus operaciones, pagar transacciones o realizar otra actividad, según características del crédito_Total de empresas",Numeric,"12,15",0.0 - 999999999999.999999999999999
D_34_1,"Número de empresas que utilizaron banca comercial nacional como fuente de financiamiento en moneda extranjera para solventar sus operaciones, pagar transacciones o realizar otra actividad, según características del crédito_Plazo promedio (meses)",Numeric,"12,15",0.0 - 999999999999.999999999999999
E_34_1,"Número de empresas que utilizaron banca comercial nacional como fuente de financiamiento en moneda extranjera para solventar sus operaciones, pagar transacciones o realizar otra actividad, según características del crédito_Tasa de interés promedio anual",Numeric,"12,15",0.0 - 999999999999.999999999999999
C_34_2,"Número de empresas que utilizaron banca comercial extranjera como fuente de financiamiento en moneda extranjera para solventar sus operaciones, pagar transacciones o realizar otra actividad, según características del crédito_Total de empresas",Numeric,"12,15",0.0 - 999999999999.999999999999999
D_34_2,"Número de empresas que utilizaron banca comercial extranjera como fuente de financiamiento en moneda extranjera para solventar sus operaciones, pagar transacciones o realizar otra actividad, según características del crédito_Plazo promedio (meses)",Numeric,"12,15",0.0 - 999999999999.999999999999999
E_34_2,"Número de empresas que utilizaron banca comercial extranjera como fuente de financiamiento en moneda extranjera para solventar sus operaciones, pagar transacciones o realizar otra actividad, según características del crédito_Tasa de interés promedio anual",Numeric,"12,15",0.0 - 999999999999.999999999999999
C_34_3,"Número de empresas que utilizaron banca de desarrollo como fuente de financiamiento en moneda extranjera para solventar sus operaciones, pagar transacciones o realizar otra actividad, según características del crédito_Total de empresas",Numeric,"12,15",0.0 - 999999999999.999999999999999
D_34_3,"Número de empresas que utilizaron banca de desarrollo como fuente de financiamiento en moneda extranjera para solventar sus operaciones, pagar transacciones o realizar otra actividad, según características del crédito_Plazo promedio (meses)",Numeric,"12,15",0.0 - 999999999999.999999999999999
E_34_3,"Número de empresas que utilizaron banca de desarrollo como fuente de financiamiento en moneda extranjera para solventar sus operaciones, pagar transacciones o realizar otra actividad, según características del crédito_Tasa de interés promedio anual",Numeric,"12,15",0.0 - 999999999999.999999999999999
C_34_4,"Número de empresas que utilizaron proveedores como fuente de financiamiento en moneda extranjera para solventar sus operaciones, pagar transacciones o realizar otra actividad, según características del crédito_Total de empresas",Numeric,"12,15",0.0 - 999999999999.999999999999999
D_34_4,"Número de empresas que utilizaron proveedores como fuente de financiamiento en moneda extranjera para solventar sus operaciones, pagar transacciones o realizar otra actividad, según características del crédito_Plazo promedio (meses)",Numeric,"12,15",0.0 - 999999999999.999999999999999
E_34_4,"Número de empresas que utilizaron proveedores como fuente de financiamiento en moneda extranjera para solventar sus operaciones, pagar transacciones o realizar otra actividad, según características del crédito_Tasa de interés promedio anual",Numeric,"12,15",0.0 - 999999999999.999999999999999
C_34_5,"Número de empresas que utilizaron organismos internacionales como fuente de financiamiento en moneda extranjera para solventar sus operaciones, pagar transacciones o realizar otra actividad, según características del crédito_Total de empresas",Numeric,"12,15",0.0 - 999999999999.999999999999999
D_34_5,"Número de empresas que utilizaron organismos internacionales como fuente de financiamiento en moneda extranjera para solventar sus operaciones, pagar transacciones o realizar otra actividad, según características del crédito_Plazo promedio (meses)",Numeric,"12,15",0.0 - 999999999999.999999999999999
E_34_5,"Número de empresas que utilizaron organismos internacionales como fuente de financiamiento en moneda extranjera para solventar sus operaciones, pagar transacciones o realizar otra actividad, según características del crédito_Tasa de interés promedio anual",Numeric,"12,15",0.0 - 999999999999.999999999999999
C_34_6,"Número de empresas que utilizaron controladora u otras entidades del grupo empresarial como fuente de financiamiento en moneda extranjera para solventar sus operaciones, pagar transacciones o realizar otra actividad, según características del crédito_Total de empresas",Numeric,"12,15",0.0 - 999999999999.999999999999999
D_34_6,"Número de empresas que utilizaron controladora u otras entidades del grupo empresarial como fuente de financiamiento en moneda extranjera para solventar sus operaciones, pagar transacciones o realizar otra actividad, según características del crédito_Plazo promedio (meses)",Numeric,"12,15",0.0 - 999999999999.999999999999999
E_34_6,"Número de empresas que utilizaron controladora u otras entidades del grupo empresarial como fuente de financiamiento en moneda extranjera para solventar sus operaciones, pagar transacciones o realizar otra actividad, según características del crédito_Tasa de interés promedio anual",Numeric,"12,15",0.0 - 999999999999.999999999999999
C_34_9,"Número de empresas que utilizaron otra fuente de financiamiento en moneda extranjera para solventar sus operaciones, pagar transacciones o realizar otra actividad, según características del crédito_Total de empresas",Numeric,"12,15",0.0 - 999999999999.999999999999999
D_34_9,"Número de empresas que utilizaron otra fuente de financiamiento en moneda extranjera para solventar sus operaciones, pagar transacciones o realizar otra actividad, según características del crédito_Plazo promedio (meses)",Numeric,"12,15",0.0 - 999999999999.999999999999999
E_34_9,"Número de empresas que utilizaron otra fuente de financiamiento en moneda extranjera para solventar sus operaciones, pagar transacciones o realizar otra actividad, según características del crédito_Tasa de interés promedio anual",Numeric,"12,15",0.0 - 999999999999.999999999999999
C_34_0,"Número de empresas con financiamiento en moneda extranjera para solventar sus operaciones, pagar transacciones o realizar otra actividad_Total de empresas",Numeric,"12,15",0.0 - 999999999999.999999999999999
D_34_0,"Número de empresas con financiamiento en moneda extranjera para solventar sus operaciones, pagar transacciones o realizar otra actividad_Banca comercial nacional",Numeric,"12,15",0.0 - 999999999999.999999999999999
E_34_0,"Número de empresas con financiamiento en moneda extranjera para solventar sus operaciones, pagar transacciones o realizar otra actividad_Banca comercial en el extranjero",Numeric,"12,15",0.0 - 999999999999.999999999999999
F_34_0,"Número de empresas con financiamiento en moneda extranjera para solventar sus operaciones, pagar transacciones o realizar otra actividad_Banca de desarrollo",Numeric,"12,15",0.0 - 999999999999.999999999999999
G_34_0,"Número de empresas con financiamiento en moneda extranjera para solventar sus operaciones, pagar transacciones o realizar otra actividad_Proveedores",Numeric,"12,15",0.0 - 999999999999.999999999999999
H_34_0,"Número de empresas con financiamiento en moneda extranjera para solventar sus operaciones, pagar transacciones o realizar otra actividad_Organismos internacionales",Numeric,"12,15",0.0 - 999999999999.999999999999999
I_34_0,"Número de empresas con financiamiento en moneda extranjera para solventar sus operaciones, pagar transacciones o realizar otra actividad_Controladora u otras entidades del grupo empresarial",Numeric,"12,15",0.0 - 999999999999.999999999999999
J_34_0,"Número de empresas con financiamiento en moneda extranjera para solventar sus operaciones, pagar transacciones o realizar otra actividad_Otra",Numeric,"12,15",0.0 - 999999999999.999999999999999
C_34a,"Número de empresas que utilizaron financiamiento en moneda extranjera para solventar sus operaciones, pagar transacciones o realizar otra actividad_Total de empresas",Numeric,"12,15",0.0 - 999999999999.999999999999999
D_34a,"Número de empresas que utilizaron financiamiento en moneda extranjera para solventar sus operaciones, pagar transacciones o realizar otra actividad_Monto total del financiamiento (miles de pesos)",Numeric,"12,15",0.0 - 999999999999.999999999999999
C_35,Número de empresas que realizaron alguna solicitud de crédito o financiamiento_Total de empresas,Numeric,"12,15",0.0 - 999999999999.999999999999999
D_35,Número de empresas que realizaron alguna solicitud de crédito o financiamiento_2021 (al mes de la entrevista),Numeric,"12,15",0.0 - 999999999999.999999999999999
E_35,Número de empresas que realizaron alguna solicitud de crédito o financiamiento_2020,Numeric,"12,15",0.0 - 999999999999.999999999999999
F_35,Número de empresas que realizaron alguna solicitud de crédito o financiamiento_2019,Numeric,"12,15",0.0 - 999999999999.999999999999999
C_36_1,Número de empresas según fuente con la que realizaron alguna solicitud de crédito o financiamiento_Total de empresas,Numeric,"12,15",0.0 - 999999999999.999999999999999
D_36_1,Número de empresas según fuente con la que realizaron alguna solicitud de crédito o financiamiento_Banca comercial,Numeric,"12,15",0.0 - 999999999999.999999999999999
E_36_1,Número de empresas según fuente con la que realizaron alguna solicitud de crédito o financiamiento_Banca de desarrollo,Numeric,"12,15",0.0 - 999999999999.999999999999999
F_36_1,"Número de empresas según fuente con la que realizaron alguna solicitud de crédito o financiamiento_Institución financiera no bancaria (SOFOM, SOCAP, SOFIPO, Unión de Crédito)",Numeric,"12,15",0.0 - 999999999999.999999999999999
G_36_1,"Número de empresas según fuente con la que realizaron alguna solicitud de crédito o financiamiento_Programas de gobierno federal, estatal o municipal",Numeric,"12,15",0.0 - 999999999999.999999999999999
H_36_1,Número de empresas según fuente con la que realizaron alguna solicitud de crédito o financiamiento_Proveedores,Numeric,"12,15",0.0 - 999999999999.999999999999999
I_36_1,Número de empresas según fuente con la que realizaron alguna solicitud de crédito o financiamiento_Familiares o amistades,Numeric,"12,15",0.0 - 999999999999.999999999999999
J_36_1,Número de empresas según fuente con la que realizaron alguna solicitud de crédito o financiamiento_Instituciones de financiamiento colectivo (crowdfunding),Numeric,"12,15",0.0 - 999999999999.999999999999999
K_36_1,Número de empresas según fuente con la que realizaron alguna solicitud de crédito o financiamiento_Otra,Numeric,"12,15",0.0 - 999999999999.999999999999999
C_36_2,Número de empresas según fuente con la que realizaron alguna solicitud de crédito o financiamiento_Total de empresas,Numeric,"12,15",0.0 - 999999999999.999999999999999
D_36_2,Número de empresas según fuente con la que realizaron alguna solicitud de crédito o financiamiento_Banca comercial,Numeric,"12,15",0.0 - 999999999999.999999999999999
E_36_2,Número de empresas según fuente con la que realizaron alguna solicitud de crédito o financiamiento_Banca de desarrollo,Numeric,"12,15",0.0 - 999999999999.999999999999999
F_36_2,"Número de empresas según fuente con la que realizaron alguna solicitud de crédito o financiamiento_Institución financiera no bancaria (SOFOM, SOCAP, SOFIPO, Unión de Crédito)",Numeric,"12,15",0.0 - 999999999999.999999999999999
G_36_2,"Número de empresas según fuente con la que realizaron alguna solicitud de crédito o financiamiento_Programas de gobierno federal, estatal o municipal",Numeric,"12,15",0.0 - 999999999999.999999999999999
H_36_2,Número de empresas según fuente con la que realizaron alguna solicitud de crédito o financiamiento_Proveedores,Numeric,"12,15",0.0 - 999999999999.999999999999999
I_36_2,Número de empresas según fuente con la que realizaron alguna solicitud de crédito o financiamiento_Familiares o amistades,Numeric,"12,15",0.0 - 999999999999.999999999999999
J_36_2,Número de empresas según fuente con la que realizaron alguna solicitud de crédito o financiamiento_Instituciones de financiamiento colectivo (crowdfunding),Numeric,"12,15",0.0 - 999999999999.999999999999999
K_36_2,Número de empresas según fuente con la que realizaron alguna solicitud de crédito o financiamiento_Otra,Numeric,"12,15",0.0 - 999999999999.999999999999999
C_36_3,Número de empresas según fuente con la que realizaron alguna solicitud de crédito o financiamiento_Total de empresas,Numeric,"12,15",0.0 - 999999999999.999999999999999
D_36_3,Número de empresas según fuente con la que realizaron alguna solicitud de crédito o financiamiento_Banca comercial,Numeric,"12,15",0.0 - 999999999999.999999999999999
E_36_3,Número de empresas según fuente con la que realizaron alguna solicitud de crédito o financiamiento_Banca de desarrollo,Numeric,"12,15",0.0 - 999999999999.999999999999999
F_36_3,"Número de empresas según fuente con la que realizaron alguna solicitud de crédito o financiamiento_Institución financiera no bancaria (SOFOM, SOCAP, SOFIPO, Unión de Crédito)",Numeric,"12,15",0.0 - 999999999999.999999999999999
G_36_3,"Número de empresas según fuente con la que realizaron alguna solicitud de crédito o financiamiento_Programas de gobierno federal, estatal o municipal",Numeric,"12,15",0.0 - 999999999999.999999999999999
H_36_3,Número de empresas según fuente con la que realizaron alguna solicitud de crédito o financiamiento_Proveedores,Numeric,"12,15",0.0 - 999999999999.999999999999999
I_36_3,Número de empresas según fuente con la que realizaron alguna solicitud de crédito o financiamiento_Familiares o amistades,Numeric,"12,15",0.0 - 999999999999.999999999999999
J_36_3,Número de empresas según fuente con la que realizaron alguna solicitud de crédito o financiamiento_Instituciones de financiamiento colectivo (crowdfunding),Numeric,"12,15",0.0 - 999999999999.999999999999999
K_36_3,Número de empresas según fuente con la que realizaron alguna solicitud de crédito o financiamiento_Otra,Numeric,"12,15",0.0 - 999999999999.999999999999999
C_37,"Número de créditos que solicitaron las empresas, según aprobación o rechazo_2021 (al mes de la entrevista)_Total de créditos",Numeric,"12,15",0.0 - 999999999999.999999999999999
D_37,"Número de créditos que solicitaron las empresas, según aprobación o rechazo_2021 (al mes de la entrevista)_Aprobados",Numeric,"12,15",0.0 - 999999999999.999999999999999
E_37,"Número de créditos que solicitaron las empresas, según aprobación o rechazo_2021 (al mes de la entrevista)_Rechazados",Numeric,"12,15",0.0 - 999999999999.999999999999999
F_37,"Número de créditos que solicitaron las empresas, según aprobación o rechazo_2020_Total de créditos",Numeric,"12,15",0.0 - 999999999999.999999999999999
G_37,"Número de créditos que solicitaron las empresas, según aprobación o rechazo_2020_Aprobados",Numeric,"12,15",0.0 - 999999999999.999999999999999
H_37,"Número de créditos que solicitaron las empresas, según aprobación o rechazo_2020_Rechazados",Numeric,"12,15",0.0 - 999999999999.999999999999999
I_37,"Número de créditos que solicitaron las empresas, según aprobación o rechazo_2019_Total de créditos",Numeric,"12,15",0.0 - 999999999999.999999999999999
J_37,"Número de créditos que solicitaron las empresas, según aprobación o rechazo_2019_Aprobados",Numeric,"12,15",0.0 - 999999999999.999999999999999
K_37,"Número de créditos que solicitaron las empresas, según aprobación o rechazo_2019_Rechazados",Numeric,"12,15",0.0 - 999999999999.999999999999999
C_38_1_1,Características de los créditos de mayor monto aprobados a las empresas por la banca comercial 2021 (al mes de la entrevista)_Total de créditos,Numeric,"12,15",0.0 - 999999999999.999999999999999
D_38_1_1,Características de los créditos de mayor monto aprobados a las empresas por la banca comercial 2021 (al mes de la entrevista)_Motivo por el que acudió con esta fuente (número de empresas)_La sucursal está cerca,Numeric,"12,15",0.0 - 999999999999.999999999999999
E_38_1_1,Características de los créditos de mayor monto aprobados a las empresas por la banca comercial 2021 (al mes de la entrevista)_Motivo por el que acudió con esta fuente (número de empresas)_Las comisiones son bajas,Numeric,"12,15",0.0 - 999999999999.999999999999999
F_38_1_1,Características de los créditos de mayor monto aprobados a las empresas por la banca comercial 2021 (al mes de la entrevista)_Motivo por el que acudió con esta fuente (número de empresas)_La institución ya le ofrecía servicios adicionales,Numeric,"12,15",0.0 - 999999999999.999999999999999
G_38_1_1,Características de los créditos de mayor monto aprobados a las empresas por la banca comercial 2021 (al mes de la entrevista)_Motivo por el que acudió con esta fuente (número de empresas)_La institución ofrece una tasa de interés más baja,Numeric,"12,15",0.0 - 999999999999.999999999999999
H_38_1_1,Características de los créditos de mayor monto aprobados a las empresas por la banca comercial 2021 (al mes de la entrevista)_Motivo por el que acudió con esta fuente (número de empresas)_La institución ofrece una tasa de interés fija,Numeric,"12,15",0.0 - 999999999999.999999999999999
I_38_1_1,Características de los créditos de mayor monto aprobados a las empresas por la banca comercial 2021 (al mes de la entrevista)_Motivo por el que acudió con esta fuente (número de empresas)_La institución ofrece un pago mensual fijo,Numeric,"12,15",0.0 - 999999999999.999999999999999
J_38_1_1,Características de los créditos de mayor monto aprobados a las empresas por la banca comercial 2021 (al mes de la entrevista)_Motivo por el que acudió con esta fuente (número de empresas)_Esta institución pide menos requisitos que otras,Numeric,"12,15",0.0 - 999999999999.999999999999999
K_38_1_1,Características de los créditos de mayor monto aprobados a las empresas por la banca comercial 2021 (al mes de la entrevista)_Motivo por el que acudió con esta fuente (número de empresas)_Otro,Numeric,"12,15",0.0 - 999999999999.999999999999999
L_38_1_1,Características de los créditos de mayor monto aprobados a las empresas por la banca comercial 2021 (al mes de la entrevista)_Tipo de crédito aprobado (número de empresas)_No revolvente,Numeric,"12,15",0.0 - 999999999999.999999999999999
M_38_1_1,Características de los créditos de mayor monto aprobados a las empresas por la banca comercial 2021 (al mes de la entrevista)_Tipo de crédito aprobado (número de empresas)_Línea de crédito revolvente,Numeric,"12,15",0.0 - 999999999999.999999999999999
N_38_1_1,Características de los créditos de mayor monto aprobados a las empresas por la banca comercial 2021 (al mes de la entrevista)_Tipo de crédito aprobado (número de empresas)_Tarjetas de crédito,Numeric,"12,15",0.0 - 999999999999.999999999999999
O_38_1_1,Características de los créditos de mayor monto aprobados a las empresas por la banca comercial 2021 (al mes de la entrevista)_Porcentaje promedio aprobado del monto solicitado,Numeric,"12,15",0.0 - 999999999999.999999999999999
P_38_1_1,Características de los créditos de mayor monto aprobados a las empresas por la banca comercial 2021 (al mes de la entrevista)_Tasa promedio de interés anual del crédito aprobado,Numeric,"12,15",0.0 - 999999999999.999999999999999
Q_38_1_1,Características de los créditos de mayor monto aprobados a las empresas por la banca comercial 2021 (al mes de la entrevista)_Crédito aprobado a tasa de interés (número de empresas)_Empresas con crédito aprobado a tasa de interés fija,Numeric,"12,15",0.0 - 999999999999.999999999999999
R_38_1_1,Características de los créditos de mayor monto aprobados a las empresas por la banca comercial 2021 (al mes de la entrevista)_Crédito aprobado a tasa de interés (número de empresas)_Empresas con crédito aprobado a tasa de interés variable,Numeric,"12,15",0.0 - 999999999999.999999999999999
S_38_1_1,Características de los créditos de mayor monto aprobados a las empresas por la banca comercial 2021 (al mes de la entrevista)_Plazo promedio de vencimiento del crédito aprobado (meses),Numeric,"12,15",0.0 - 999999999999.999999999999999
T_38_1_1,Características de los créditos de mayor monto aprobados a las empresas por la banca comercial 2021 (al mes de la entrevista)_Porcentaje promedio de la comisión por apertura respecto del crédito aprobado,Numeric,"12,15",0.0 - 999999999999.999999999999999
U_38_1_1,Características de los créditos de mayor monto aprobados a las empresas por la banca comercial 2021 (al mes de la entrevista)_Uso principal que se le dio al crédito (número de empresas)_Abrir la empresa / iniciar operaciones,Numeric,"12,15",0.0 - 999999999999.999999999999999
V_38_1_1,Características de los créditos de mayor monto aprobados a las empresas por la banca comercial 2021 (al mes de la entrevista)_Uso principal que se le dio al crédito (número de empresas)_Expandir el negocio / abrir nuevas sucursales,Numeric,"12,15",0.0 - 999999999999.999999999999999
W_38_1_1,Características de los créditos de mayor monto aprobados a las empresas por la banca comercial 2021 (al mes de la entrevista)_Uso principal que se le dio al crédito (número de empresas)_Financiamiento de las operaciones diarias,Numeric,"12,15",0.0 - 999999999999.999999999999999
X_38_1_1,"Características de los créditos de mayor monto aprobados a las empresas por la banca comercial 2021 (al mes de la entrevista)_Uso principal que se le dio al crédito (número de empresas)_Compra de bienes de capital (vehículos, equipo, inmuebles)",Numeric,"12,15",0.0 - 999999999999.999999999999999
Y_38_1_1,Características de los créditos de mayor monto aprobados a las empresas por la banca comercial 2021 (al mes de la entrevista)_Uso principal que se le dio al crédito (número de empresas)_Pago de deudas / pago de compromisos financieros,Numeric,"12,15",0.0 - 999999999999.999999999999999
Z_38_1_1,Características de los créditos de mayor monto aprobados a las empresas por la banca comercial 2021 (al mes de la entrevista)_Uso principal que se le dio al crédito (número de empresas)_Pago de nómina,Numeric,"12,15",0.0 - 999999999999.999999999999999
AA_38_1_1,"Características de los créditos de mayor monto aprobados a las empresas por la banca comercial 2021 (al mes de la entrevista)_Uso principal que se le dio al crédito (número de empresas)_Pago de gastos fijos (renta de inmuebles, entre otros)",Numeric,"12,15",0.0 - 999999999999.999999999999999
AB_38_1_1,Características de los créditos de mayor monto aprobados a las empresas por la banca comercial 2021 (al mes de la entrevista)_Uso principal que se le dio al crédito (número de empresas)_Pago de impuestos,Numeric,"12,15",0.0 - 999999999999.999999999999999
AC_38_1_1,Características de los créditos de mayor monto aprobados a las empresas por la banca comercial 2021 (al mes de la entrevista)_Uso principal que se le dio al crédito (número de empresas)_Cubrir necesidades de liquidez,Numeric,"12,15",0.0 - 999999999999.999999999999999
AD_38_1_1,Características de los créditos de mayor monto aprobados a las empresas por la banca comercial 2021 (al mes de la entrevista)_Uso principal que se le dio al crédito (número de empresas)_Afrontar pérdidas de ejercicios fiscales anteriores,Numeric,"12,15",0.0 - 999999999999.999999999999999
AE_38_1_1,Características de los créditos de mayor monto aprobados a las empresas por la banca comercial 2021 (al mes de la entrevista)_Uso principal que se le dio al crédito (número de empresas)_Aún no se ha usado,Numeric,"12,15",0.0 - 999999999999.999999999999999
AF_38_1_1,Características de los créditos de mayor monto aprobados a las empresas por la banca comercial 2021 (al mes de la entrevista)_Uso principal que se le dio al crédito (número de empresas)_Otro,Numeric,"12,15",0.0 - 999999999999.999999999999999
AG_38_1_1,"Características de los créditos de mayor monto aprobados a las empresas por la banca comercial 2021 (al mes de la entrevista)_Producto financiero adicional contratado con la apertura del crédito (cheques, banca en línea , seguros, tarjetas, entre otros) (número de empresas) _Sí",Numeric,"12,15",0.0 - 999999999999.999999999999999
AH_38_1_1,"Características de los créditos de mayor monto aprobados a las empresas por la banca comercial 2021 (al mes de la entrevista)_Producto financiero adicional contratado con la apertura del crédito (cheques, banca en línea , seguros, tarjetas, entre otros) (número de empresas) _No",Numeric,"12,15",0.0 - 999999999999.999999999999999
AI_38_1_1,Características de los créditos de mayor monto aprobados a las empresas por la banca comercial 2021 (al mes de la entrevista)_Tuvo que dar garantía para obtener el crédito (número de empresas)_Sí,Numeric,"12,15",0.0 - 999999999999.999999999999999
AJ_38_1_1,Características de los créditos de mayor monto aprobados a las empresas por la banca comercial 2021 (al mes de la entrevista)_Tuvo que dar garantía para obtener el crédito (número de empresas)_No,Numeric,"12,15",0.0 - 999999999999.999999999999999
AK_38_1_1,Características de los créditos de mayor monto aprobados a las empresas por la banca comercial 2021 (al mes de la entrevista)_Tipo de garantía que otorgó para obtener el crédito (número de empresas)_Ahorros o activos de dueños (as) o socios (as),Numeric,"12,15",0.0 - 999999999999.999999999999999
AL_38_1_1,Características de los créditos de mayor monto aprobados a las empresas por la banca comercial 2021 (al mes de la entrevista)_Tipo de garantía que otorgó para obtener el crédito (número de empresas)_Inventarios o activos de la empresa,Numeric,"12,15",0.0 - 999999999999.999999999999999
AM_38_1_1,Características de los créditos de mayor monto aprobados a las empresas por la banca comercial 2021 (al mes de la entrevista)_Tipo de garantía que otorgó para obtener el crédito (número de empresas)_Bienes inmuebles de la empresa,Numeric,"12,15",0.0 - 999999999999.999999999999999
AN_38_1_1,Características de los créditos de mayor monto aprobados a las empresas por la banca comercial 2021 (al mes de la entrevista)_Tipo de garantía que otorgó para obtener el crédito (número de empresas)_Cuentas por cobrar de la empresa,Numeric,"12,15",0.0 - 999999999999.999999999999999
AO_38_1_1,Características de los créditos de mayor monto aprobados a las empresas por la banca comercial 2021 (al mes de la entrevista)_Tipo de garantía que otorgó para obtener el crédito (número de empresas)_Aval de una institución gubernamental,Numeric,"12,15",0.0 - 999999999999.999999999999999
AP_38_1_1,Características de los créditos de mayor monto aprobados a las empresas por la banca comercial 2021 (al mes de la entrevista)_Tipo de garantía que otorgó para obtener el crédito (número de empresas)_Aval de un particular (familiar o amistades),Numeric,"12,15",0.0 - 999999999999.999999999999999
AQ_38_1_1,Características de los créditos de mayor monto aprobados a las empresas por la banca comercial 2021 (al mes de la entrevista)_Tipo de garantía que otorgó para obtener el crédito (número de empresas)_Otras,Numeric,"12,15",0.0 - 999999999999.999999999999999
AR_38_1_1,Características de los créditos de mayor monto aprobados a las empresas por la banca comercial 2021 (al mes de la entrevista)_Porcentaje promedio que la garantía representó con relación al crédito,Numeric,"12,15",0.0 - 999999999999.999999999999999
C_38_1_2,Características de los créditos de mayor monto aprobados a las empresas por la banca comercial 2020_Total de créditos,Numeric,"12,15",0.0 - 999999999999.999999999999999
D_38_1_2,Características de los créditos de mayor monto aprobados a las empresas por la banca comercial 2020_Motivo por el que acudió con esta fuente (número de empresas)_La sucursal está cerca,Numeric,"12,15",0.0 - 999999999999.999999999999999
E_38_1_2,Características de los créditos de mayor monto aprobados a las empresas por la banca comercial 2020_Motivo por el que acudió con esta fuente (número de empresas)_Las comisiones son bajas,Numeric,"12,15",0.0 - 999999999999.999999999999999
F_38_1_2,Características de los créditos de mayor monto aprobados a las empresas por la banca comercial 2020_Motivo por el que acudió con esta fuente (número de empresas)_La institución ya le ofrecía servicios adicionales,Numeric,"12,15",0.0 - 999999999999.999999999999999
G_38_1_2,Características de los créditos de mayor monto aprobados a las empresas por la banca comercial 2020_Motivo por el que acudió con esta fuente (número de empresas)_La institución ofrece una tasa de interés más baja,Numeric,"12,15",0.0 - 999999999999.999999999999999
H_38_1_2,Características de los créditos de mayor monto aprobados a las empresas por la banca comercial 2020_Motivo por el que acudió con esta fuente (número de empresas)_La institución ofrece una tasa de interés fija,Numeric,"12,15",0.0 - 999999999999.999999999999999
I_38_1_2,Características de los créditos de mayor monto aprobados a las empresas por la banca comercial 2020_Motivo por el que acudió con esta fuente (número de empresas)_La institución ofrece un pago mensual fijo,Numeric,"12,15",0.0 - 999999999999.999999999999999
J_38_1_2,Características de los créditos de mayor monto aprobados a las empresas por la banca comercial 2020_Motivo por el que acudió con esta fuente (número de empresas)_Esta institución pide menos requisitos que otras,Numeric,"12,15",0.0 - 999999999999.999999999999999
K_38_1_2,Características de los créditos de mayor monto aprobados a las empresas por la banca comercial 2020_Motivo por el que acudió con esta fuente (número de empresas)_Otro,Numeric,"12,15",0.0 - 999999999999.999999999999999
L_38_1_2,Características de los créditos de mayor monto aprobados a las empresas por la banca comercial 2020_Tipo de crédito aprobado (número de empresas)_No revolvente,Numeric,"12,15",0.0 - 999999999999.999999999999999
M_38_1_2,Características de los créditos de mayor monto aprobados a las empresas por la banca comercial 2020_Tipo de crédito aprobado (número de empresas)_Línea de crédito revolvente,Numeric,"12,15",0.0 - 999999999999.999999999999999
N_38_1_2,Características de los créditos de mayor monto aprobados a las empresas por la banca comercial 2020_Tipo de crédito aprobado (número de empresas)_Tarjetas de crédito,Numeric,"12,15",0.0 - 999999999999.999999999999999
O_38_1_2,Características de los créditos de mayor monto aprobados a las empresas por la banca comercial 2020_Porcentaje promedio aprobado del monto solicitado,Numeric,"12,15",0.0 - 999999999999.999999999999999
P_38_1_2,Características de los créditos de mayor monto aprobados a las empresas por la banca comercial 2020_Tasa promedio de interés anual del crédito aprobado,Numeric,"12,15",0.0 - 999999999999.999999999999999
Q_38_1_2,Características de los créditos de mayor monto aprobados a las empresas por la banca comercial 2020_Crédito aprobado a tasa de interés (número de empresas)_Empresas con crédito aprobado a tasa de interés fija,Numeric,"12,15",0.0 - 999999999999.999999999999999
R_38_1_2,Características de los créditos de mayor monto aprobados a las empresas por la banca comercial 2020_Crédito aprobado a tasa de interés (número de empresas)_Empresas con crédito aprobado a tasa de interés variable,Numeric,"12,15",0.0 - 999999999999.999999999999999
S_38_1_2,Características de los créditos de mayor monto aprobados a las empresas por la banca comercial 2020_Plazo promedio de vencimiento del crédito aprobado (meses),Numeric,"12,15",0.0 - 999999999999.999999999999999
T_38_1_2,Características de los créditos de mayor monto aprobados a las empresas por la banca comercial 2020_Porcentaje promedio de la comisión por apertura respecto del crédito aprobado,Numeric,"12,15",0.0 - 999999999999.999999999999999
U_38_1_2,Características de los créditos de mayor monto aprobados a las empresas por la banca comercial 2020_Uso principal que se le dio al crédito (número de empresas)_Abrir la empresa / iniciar operaciones,Numeric,"12,15",0.0 - 999999999999.999999999999999
V_38_1_2,Características de los créditos de mayor monto aprobados a las empresas por la banca comercial 2020_Uso principal que se le dio al crédito (número de empresas)_Expandir el negocio / abrir nuevas sucursales,Numeric,"12,15",0.0 - 999999999999.999999999999999
W_38_1_2,Características de los créditos de mayor monto aprobados a las empresas por la banca comercial 2020_Uso principal que se le dio al crédito (número de empresas)_Financiamiento de las operaciones diarias,Numeric,"12,15",0.0 - 999999999999.999999999999999
X_38_1_2,"Características de los créditos de mayor monto aprobados a las empresas por la banca comercial 2020_Uso principal que se le dio al crédito (número de empresas)_Compra de bienes de capital (vehículos, equipo, inmuebles)",Numeric,"12,15",0.0 - 999999999999.999999999999999
Y_38_1_2,Características de los créditos de mayor monto aprobados a las empresas por la banca comercial 2020_Uso principal que se le dio al crédito (número de empresas)_Pago de deudas / pago de compromisos financieros,Numeric,"12,15",0.0 - 999999999999.999999999999999
Z_38_1_2,Características de los créditos de mayor monto aprobados a las empresas por la banca comercial 2020_Uso principal que se le dio al crédito (número de empresas)_Pago de nómina,Numeric,"12,15",0.0 - 999999999999.999999999999999
AA_38_1_2,"Características de los créditos de mayor monto aprobados a las empresas por la banca comercial 2020_Uso principal que se le dio al crédito (número de empresas)_Pago de gastos fijos (renta de inmuebles, entre otros)",Numeric,"12,15",0.0 - 999999999999.999999999999999
AB_38_1_2,Características de los créditos de mayor monto aprobados a las empresas por la banca comercial 2020_Uso principal que se le dio al crédito (número de empresas)_Pago de impuestos,Numeric,"12,15",0.0 - 999999999999.999999999999999
AC_38_1_2,Características de los créditos de mayor monto aprobados a las empresas por la banca comercial 2020_Uso principal que se le dio al crédito (número de empresas)_Cubrir necesidades de liquidez,Numeric,"12,15",0.0 - 999999999999.999999999999999
AD_38_1_2,Características de los créditos de mayor monto aprobados a las empresas por la banca comercial 2020_Uso principal que se le dio al crédito (número de empresas)_Afrontar pérdidas de ejercicios fiscales anteriores,Numeric,"12,15",0.0 - 999999999999.999999999999999
AE_38_1_2,Características de los créditos de mayor monto aprobados a las empresas por la banca comercial 2020_Uso principal que se le dio al crédito (número de empresas)_Aún no se ha usado,Numeric,"12,15",0.0 - 999999999999.999999999999999
AF_38_1_2,Características de los créditos de mayor monto aprobados a las empresas por la banca comercial 2020_Uso principal que se le dio al crédito (número de empresas)_Otro,Numeric,"12,15",0.0 - 999999999999.999999999999999
AG_38_1_2,"Características de los créditos de mayor monto aprobados a las empresas por la banca comercial 2020_Producto financiero adicional contratado con la apertura del crédito (cheques, banca en línea , seguros, tarjetas, entre otros) (número de empresas) _Sí",Numeric,"12,15",0.0 - 999999999999.999999999999999
AH_38_1_2,"Características de los créditos de mayor monto aprobados a las empresas por la banca comercial 2020_Producto financiero adicional contratado con la apertura del crédito (cheques, banca en línea , seguros, tarjetas, entre otros) (número de empresas) _No",Numeric,"12,15",0.0 - 999999999999.999999999999999
AI_38_1_2,Características de los créditos de mayor monto aprobados a las empresas por la banca comercial 2020_Tuvo que dar garantía para obtener el crédito (número de empresas)_Sí,Numeric,"12,15",0.0 - 999999999999.999999999999999
AJ_38_1_2,Características de los créditos de mayor monto aprobados a las empresas por la banca comercial 2020_Tuvo que dar garantía para obtener el crédito (número de empresas)_No,Numeric,"12,15",0.0 - 999999999999.999999999999999
AK_38_1_2,Características de los créditos de mayor monto aprobados a las empresas por la banca comercial 2020_Tipo de garantía que otorgó para obtener el crédito (número de empresas)_Ahorros o activos de dueños (as) o socios (as),Numeric,"12,15",0.0 - 999999999999.999999999999999
AL_38_1_2,Características de los créditos de mayor monto aprobados a las empresas por la banca comercial 2020_Tipo de garantía que otorgó para obtener el crédito (número de empresas)_Inventarios o activos de la empresa,Numeric,"12,15",0.0 - 999999999999.999999999999999
AM_38_1_2,Características de los créditos de mayor monto aprobados a las empresas por la banca comercial 2020_Tipo de garantía que otorgó para obtener el crédito (número de empresas)_Bienes inmuebles de la empresa,Numeric,"12,15",0.0 - 999999999999.999999999999999
AN_38_1_2,Características de los créditos de mayor monto aprobados a las empresas por la banca comercial 2020_Tipo de garantía que otorgó para obtener el crédito (número de empresas)_Cuentas por cobrar de la empresa,Numeric,"12,15",0.0 - 999999999999.999999999999999
AO_38_1_2,Características de los créditos de mayor monto aprobados a las empresas por la banca comercial 2020_Tipo de garantía que otorgó para obtener el crédito (número de empresas)_Aval de una institución gubernamental,Numeric,"12,15",0.0 - 999999999999.999999999999999
AP_38_1_2,Características de los créditos de mayor monto aprobados a las empresas por la banca comercial 2020_Tipo de garantía que otorgó para obtener el crédito (número de empresas)_Aval de un particular (familiar o amistades),Numeric,"12,15",0.0 - 999999999999.999999999999999
AQ_38_1_2,Características de los créditos de mayor monto aprobados a las empresas por la banca comercial 2020_Tipo de garantía que otorgó para obtener el crédito (número de empresas)_Otras,Numeric,"12,15",0.0 - 999999999999.999999999999999
AR_38_1_2,Características de los créditos de mayor monto aprobados a las empresas por la banca comercial 2020_Porcentaje promedio que la garantía representó con relación al crédito,Numeric,"12,15",0.0 - 999999999999.999999999999999
C_38_1_3,Características de los créditos de mayor monto aprobados a las empresas por la banca comercial 2019_Total de créditos,Numeric,"12,15",0.0 - 999999999999.999999999999999
D_38_1_3,Características de los créditos de mayor monto aprobados a las empresas por la banca comercial 2019_Motivo por el que acudió con esta fuente (número de empresas)_La sucursal está cerca,Numeric,"12,15",0.0 - 999999999999.999999999999999
E_38_1_3,Características de los créditos de mayor monto aprobados a las empresas por la banca comercial 2019_Motivo por el que acudió con esta fuente (número de empresas)_Las comisiones son bajas,Numeric,"12,15",0.0 - 999999999999.999999999999999
F_38_1_3,Características de los créditos de mayor monto aprobados a las empresas por la banca comercial 2019_Motivo por el que acudió con esta fuente (número de empresas)_La institución ya le ofrecía servicios adicionales,Numeric,"12,15",0.0 - 999999999999.999999999999999
G_38_1_3,Características de los créditos de mayor monto aprobados a las empresas por la banca comercial 2019_Motivo por el que acudió con esta fuente (número de empresas)_La institución ofrece una tasa de interés más baja,Numeric,"12,15",0.0 - 999999999999.999999999999999
H_38_1_3,Características de los créditos de mayor monto aprobados a las empresas por la banca comercial 2019_Motivo por el que acudió con esta fuente (número de empresas)_La institución ofrece una tasa de interés fija,Numeric,"12,15",0.0 - 999999999999.999999999999999
I_38_1_3,Características de los créditos de mayor monto aprobados a las empresas por la banca comercial 2019_Motivo por el que acudió con esta fuente (número de empresas)_La institución ofrece un pago mensual fijo,Numeric,"12,15",0.0 - 999999999999.999999999999999
J_38_1_3,Características de los créditos de mayor monto aprobados a las empresas por la banca comercial 2019_Motivo por el que acudió con esta fuente (número de empresas)_Esta institución pide menos requisitos que otras,Numeric,"12,15",0.0 - 999999999999.999999999999999
K_38_1_3,Características de los créditos de mayor monto aprobados a las empresas por la banca comercial 2019_Motivo por el que acudió con esta fuente (número de empresas)_Otro,Numeric,"12,15",0.0 - 999999999999.999999999999999
L_38_1_3,Características de los créditos de mayor monto aprobados a las empresas por la banca comercial 2019_Tipo de crédito aprobado (número de empresas)_No revolvente,Numeric,"12,15",0.0 - 999999999999.999999999999999
M_38_1_3,Características de los créditos de mayor monto aprobados a las empresas por la banca comercial 2019_Tipo de crédito aprobado (número de empresas)_Línea de crédito revolvente,Numeric,"12,15",0.0 - 999999999999.999999999999999
N_38_1_3,Características de los créditos de mayor monto aprobados a las empresas por la banca comercial 2019_Tipo de crédito aprobado (número de empresas)_Tarjetas de crédito,Numeric,"12,15",0.0 - 999999999999.999999999999999
O_38_1_3,Características de los créditos de mayor monto aprobados a las empresas por la banca comercial 2019_Porcentaje promedio aprobado del monto solicitado,Numeric,"12,15",0.0 - 999999999999.999999999999999
P_38_1_3,Características de los créditos de mayor monto aprobados a las empresas por la banca comercial 2019_Tasa promedio de interés anual del crédito aprobado,Numeric,"12,15",0.0 - 999999999999.999999999999999
Q_38_1_3,Características de los créditos de mayor monto aprobados a las empresas por la banca comercial 2019_Crédito aprobado a tasa de interés (número de empresas)_Empresas con crédito aprobado a tasa de interés fija,Numeric,"12,15",0.0 - 999999999999.999999999999999
R_38_1_3,Características de los créditos de mayor monto aprobados a las empresas por la banca comercial 2019_Crédito aprobado a tasa de interés (número de empresas)_Empresas con crédito aprobado a tasa de interés variable,Numeric,"12,15",0.0 - 999999999999.999999999999999
S_38_1_3,Características de los créditos de mayor monto aprobados a las empresas por la banca comercial 2019_Plazo promedio de vencimiento del crédito aprobado (meses),Numeric,"12,15",0.0 - 999999999999.999999999999999
T_38_1_3,Características de los créditos de mayor monto aprobados a las empresas por la banca comercial 2019_Porcentaje promedio de la comisión por apertura respecto del crédito aprobado,Numeric,"12,15",0.0 - 999999999999.999999999999999
U_38_1_3,Características de los créditos de mayor monto aprobados a las empresas por la banca comercial 2019_Uso principal que se le dio al crédito (número de empresas)_Abrir la empresa / iniciar operaciones,Numeric,"12,15",0.0 - 999999999999.999999999999999
V_38_1_3,Características de los créditos de mayor monto aprobados a las empresas por la banca comercial 2019_Uso principal que se le dio al crédito (número de empresas)_Expandir el negocio / abrir nuevas sucursales,Numeric,"12,15",0.0 - 999999999999.999999999999999
W_38_1_3,Características de los créditos de mayor monto aprobados a las empresas por la banca comercial 2019_Uso principal que se le dio al crédito (número de empresas)_Financiamiento de las operaciones diarias,Numeric,"12,15",0.0 - 999999999999.999999999999999
X_38_1_3,"Características de los créditos de mayor monto aprobados a las empresas por la banca comercial 2019_Uso principal que se le dio al crédito (número de empresas)_Compra de bienes de capital (vehículos, equipo, inmuebles)",Numeric,"12,15",0.0 - 999999999999.999999999999999
Y_38_1_3,Características de los créditos de mayor monto aprobados a las empresas por la banca comercial 2019_Uso principal que se le dio al crédito (número de empresas)_Pago de deudas / pago de compromisos financieros,Numeric,"12,15",0.0 - 999999999999.999999999999999
Z_38_1_3,Características de los créditos de mayor monto aprobados a las empresas por la banca comercial 2019_Uso principal que se le dio al crédito (número de empresas)_Pago de nómina,Numeric,"12,15",0.0 - 999999999999.999999999999999
AA_38_1_3,"Características de los créditos de mayor monto aprobados a las empresas por la banca comercial 2019_Uso principal que se le dio al crédito (número de empresas)_Pago de gastos fijos (renta de inmuebles, entre otros)",Numeric,"12,15",0.0 - 999999999999.999999999999999
AB_38_1_3,Características de los créditos de mayor monto aprobados a las empresas por la banca comercial 2019_Uso principal que se le dio al crédito (número de empresas)_Pago de impuestos,Numeric,"12,15",0.0 - 999999999999.999999999999999
AC_38_1_3,Características de los créditos de mayor monto aprobados a las empresas por la banca comercial 2019_Uso principal que se le dio al crédito (número de empresas)_Cubrir necesidades de liquidez,Numeric,"12,15",0.0 - 999999999999.999999999999999
AD_38_1_3,Características de los créditos de mayor monto aprobados a las empresas por la banca comercial 2019_Uso principal que se le dio al crédito (número de empresas)_Afrontar pérdidas de ejercicios fiscales anteriores,Numeric,"12,15",0.0 - 999999999999.999999999999999
AE_38_1_3,Características de los créditos de mayor monto aprobados a las empresas por la banca comercial 2019_Uso principal que se le dio al crédito (número de empresas)_Aún no se ha usado,Numeric,"12,15",0.0 - 999999999999.999999999999999
AF_38_1_3,Características de los créditos de mayor monto aprobados a las empresas por la banca comercial 2019_Uso principal que se le dio al crédito (número de empresas)_Otro,Numeric,"12,15",0.0 - 999999999999.999999999999999
AG_38_1_3,"Características de los créditos de mayor monto aprobados a las empresas por la banca comercial 2019_Producto financiero adicional contratado con la apertura del crédito (cheques, banca en línea , seguros, tarjetas, entre otros) (número de empresas) _Sí",Numeric,"12,15",0.0 - 999999999999.999999999999999
AH_38_1_3,"Características de los créditos de mayor monto aprobados a las empresas por la banca comercial 2019_Producto financiero adicional contratado con la apertura del crédito (cheques, banca en línea , seguros, tarjetas, entre otros) (número de empresas) _No",Numeric,"12,15",0.0 - 999999999999.999999999999999
AI_38_1_3,Características de los créditos de mayor monto aprobados a las empresas por la banca comercial 2019_Tuvo que dar garantía para obtener el crédito (número de empresas)_Sí,Numeric,"12,15",0.0 - 999999999999.999999999999999
AJ_38_1_3,Características de los créditos de mayor monto aprobados a las empresas por la banca comercial 2019_Tuvo que dar garantía para obtener el crédito (número de empresas)_No,Numeric,"12,15",0.0 - 999999999999.999999999999999
AK_38_1_3,Características de los créditos de mayor monto aprobados a las empresas por la banca comercial 2019_Tipo de garantía que otorgó para obtener el crédito (número de empresas)_Ahorros o activos de dueños (as) o socios (as),Numeric,"12,15",0.0 - 999999999999.999999999999999
AL_38_1_3,Características de los créditos de mayor monto aprobados a las empresas por la banca comercial 2019_Tipo de garantía que otorgó para obtener el crédito (número de empresas)_Inventarios o activos de la empresa,Numeric,"12,15",0.0 - 999999999999.999999999999999
AM_38_1_3,Características de los créditos de mayor monto aprobados a las empresas por la banca comercial 2019_Tipo de garantía que otorgó para obtener el crédito (número de empresas)_Bienes inmuebles de la empresa,Numeric,"12,15",0.0 - 999999999999.999999999999999
AN_38_1_3,Características de los créditos de mayor monto aprobados a las empresas por la banca comercial 2019_Tipo de garantía que otorgó para obtener el crédito (número de empresas)_Cuentas por cobrar de la empresa,Numeric,"12,15",0.0 - 999999999999.999999999999999
AO_38_1_3,Características de los créditos de mayor monto aprobados a las empresas por la banca comercial 2019_Tipo de garantía que otorgó para obtener el crédito (número de empresas)_Aval de una institución gubernamental,Numeric,"12,15",0.0 - 999999999999.999999999999999
AP_38_1_3,Características de los créditos de mayor monto aprobados a las empresas por la banca comercial 2019_Tipo de garantía que otorgó para obtener el crédito (número de empresas)_Aval de un particular (familiar o amistades),Numeric,"12,15",0.0 - 999999999999.999999999999999
AQ_38_1_3,Características de los créditos de mayor monto aprobados a las empresas por la banca comercial 2019_Tipo de garantía que otorgó para obtener el crédito (número de empresas)_Otras,Numeric,"12,15",0.0 - 999999999999.999999999999999
AR_38_1_3,Características de los créditos de mayor monto aprobados a las empresas por la banca comercial 2019_Porcentaje promedio que la garantía representó con relación al crédito,Numeric,"12,15",0.0 - 999999999999.999999999999999
C_38_2_1,Características de los créditos de mayor monto aprobados a las empresas por la banca de desarrollo 2021 (al mes de la entrevista)_Total de créditos,Numeric,"12,15",0.0 - 999999999999.999999999999999
D_38_2_1,Características de los créditos de mayor monto aprobados a las empresas por la banca de desarrollo 2021 (al mes de la entrevista)_Motivo por el que acudió con esta fuente (número de empresas)_La sucursal está cerca,Numeric,"12,15",0.0 - 999999999999.999999999999999
E_38_2_1,Características de los créditos de mayor monto aprobados a las empresas por la banca de desarrollo 2021 (al mes de la entrevista)_Motivo por el que acudió con esta fuente (número de empresas)_Las comisiones son bajas,Numeric,"12,15",0.0 - 999999999999.999999999999999
F_38_2_1,Características de los créditos de mayor monto aprobados a las empresas por la banca de desarrollo 2021 (al mes de la entrevista)_Motivo por el que acudió con esta fuente (número de empresas)_La institución ya le ofrecía servicios adicionales,Numeric,"12,15",0.0 - 999999999999.999999999999999
G_38_2_1,Características de los créditos de mayor monto aprobados a las empresas por la banca de desarrollo 2021 (al mes de la entrevista)_Motivo por el que acudió con esta fuente (número de empresas)_La institución ofrece una tasa de interés más baja,Numeric,"12,15",0.0 - 999999999999.999999999999999
H_38_2_1,Características de los créditos de mayor monto aprobados a las empresas por la banca de desarrollo 2021 (al mes de la entrevista)_Motivo por el que acudió con esta fuente (número de empresas)_La institución ofrece una tasa de interés fija,Numeric,"12,15",0.0 - 999999999999.999999999999999
I_38_2_1,Características de los créditos de mayor monto aprobados a las empresas por la banca de desarrollo 2021 (al mes de la entrevista)_Motivo por el que acudió con esta fuente (número de empresas)_La institución ofrece un pago mensual fijo,Numeric,"12,15",0.0 - 999999999999.999999999999999
J_38_2_1,Características de los créditos de mayor monto aprobados a las empresas por la banca de desarrollo 2021 (al mes de la entrevista)_Motivo por el que acudió con esta fuente (número de empresas)_Esta institución pide menos requisitos que otras,Numeric,"12,15",0.0 - 999999999999.999999999999999
K_38_2_1,Características de los créditos de mayor monto aprobados a las empresas por la banca de desarrollo 2021 (al mes de la entrevista)_Motivo por el que acudió con esta fuente (número de empresas)_Otro,Numeric,"12,15",0.0 - 999999999999.999999999999999
L_38_2_1,Características de los créditos de mayor monto aprobados a las empresas por la banca de desarrollo 2021 (al mes de la entrevista)_Tipo de crédito aprobado (número de empresas)_No revolvente,Numeric,"12,15",0.0 - 999999999999.999999999999999
M_38_2_1,Características de los créditos de mayor monto aprobados a las empresas por la banca de desarrollo 2021 (al mes de la entrevista)_Tipo de crédito aprobado (número de empresas)_Línea de crédito revolvente,Numeric,"12,15",0.0 - 999999999999.999999999999999
N_38_2_1,Características de los créditos de mayor monto aprobados a las empresas por la banca de desarrollo 2021 (al mes de la entrevista)_Tipo de crédito aprobado (número de empresas)_Tarjetas de crédito,Numeric,"12,15",0.0 - 999999999999.999999999999999
O_38_2_1,Características de los créditos de mayor monto aprobados a las empresas por la banca de desarrollo 2021 (al mes de la entrevista)_Porcentaje promedio aprobado del monto solicitado,Numeric,"12,15",0.0 - 999999999999.999999999999999
P_38_2_1,Características de los créditos de mayor monto aprobados a las empresas por la banca de desarrollo 2021 (al mes de la entrevista)_Tasa promedio de interés anual del crédito aprobado,Numeric,"12,15",0.0 - 999999999999.999999999999999
Q_38_2_1,Características de los créditos de mayor monto aprobados a las empresas por la banca de desarrollo 2021 (al mes de la entrevista)_Crédito aprobado a tasa de interés (número de empresas)_Empresas con crédito aprobado a tasa de interés fija,Numeric,"12,15",0.0 - 999999999999.999999999999999
R_38_2_1,Características de los créditos de mayor monto aprobados a las empresas por la banca de desarrollo 2021 (al mes de la entrevista)_Crédito aprobado a tasa de interés (número de empresas)_Empresas con crédito aprobado a tasa de interés variable,Numeric,"12,15",0.0 - 999999999999.999999999999999
S_38_2_1,Características de los créditos de mayor monto aprobados a las empresas por la banca de desarrollo 2021 (al mes de la entrevista)_Plazo promedio de vencimiento del crédito aprobado (meses),Numeric,"12,15",0.0 - 999999999999.999999999999999
T_38_2_1,Características de los créditos de mayor monto aprobados a las empresas por la banca de desarrollo 2021 (al mes de la entrevista)_Porcentaje promedio de la comisión por apertura respecto del crédito aprobado,Numeric,"12,15",0.0 - 999999999999.999999999999999
U_38_2_1,Características de los créditos de mayor monto aprobados a las empresas por la banca de desarrollo 2021 (al mes de la entrevista)_Uso principal que se le dio al crédito (número de empresas)_Abrir la empresa / iniciar operaciones,Numeric,"12,15",0.0 - 999999999999.999999999999999
V_38_2_1,Características de los créditos de mayor monto aprobados a las empresas por la banca de desarrollo 2021 (al mes de la entrevista)_Uso principal que se le dio al crédito (número de empresas)_Expandir el negocio / abrir nuevas sucursales,Numeric,"12,15",0.0 - 999999999999.999999999999999
W_38_2_1,Características de los créditos de mayor monto aprobados a las empresas por la banca de desarrollo 2021 (al mes de la entrevista)_Uso principal que se le dio al crédito (número de empresas)_Financiamiento de las operaciones diarias,Numeric,"12,15",0.0 - 999999999999.999999999999999
X_38_2_1,"Características de los créditos de mayor monto aprobados a las empresas por la banca de desarrollo 2021 (al mes de la entrevista)_Uso principal que se le dio al crédito (número de empresas)_Compra de bienes de capital (vehículos, equipo, inmuebles)",Numeric,"12,15",0.0 - 999999999999.999999999999999
Y_38_2_1,Características de los créditos de mayor monto aprobados a las empresas por la banca de desarrollo 2021 (al mes de la entrevista)_Uso principal que se le dio al crédito (número de empresas)_Pago de deudas / pago de compromisos financieros,Numeric,"12,15",0.0 - 999999999999.999999999999999
Z_38_2_1,Características de los créditos de mayor monto aprobados a las empresas por la banca de desarrollo 2021 (al mes de la entrevista)_Uso principal que se le dio al crédito (número de empresas)_Pago de nómina,Numeric,"12,15",0.0 - 999999999999.999999999999999
AA_38_2_1,"Características de los créditos de mayor monto aprobados a las empresas por la banca de desarrollo 2021 (al mes de la entrevista)_Uso principal que se le dio al crédito (número de empresas)_Pago de gastos fijos (renta de inmuebles, entre otros)",Numeric,"12,15",0.0 - 999999999999.999999999999999
AB_38_2_1,Características de los créditos de mayor monto aprobados a las empresas por la banca de desarrollo 2021 (al mes de la entrevista)_Uso principal que se le dio al crédito (número de empresas)_Pago de impuestos,Numeric,"12,15",0.0 - 999999999999.999999999999999
AC_38_2_1,Características de los créditos de mayor monto aprobados a las empresas por la banca de desarrollo 2021 (al mes de la entrevista)_Uso principal que se le dio al crédito (número de empresas)_Cubrir necesidades de liquidez,Numeric,"12,15",0.0 - 999999999999.999999999999999
AD_38_2_1,Características de los créditos de mayor monto aprobados a las empresas por la banca de desarrollo 2021 (al mes de la entrevista)_Uso principal que se le dio al crédito (número de empresas)_Afrontar pérdidas de ejercicios fiscales anteriores,Numeric,"12,15",0.0 - 999999999999.999999999999999
AE_38_2_1,Características de los créditos de mayor monto aprobados a las empresas por la banca de desarrollo 2021 (al mes de la entrevista)_Uso principal que se le dio al crédito (número de empresas)_Aún no se ha usado,Numeric,"12,15",0.0 - 999999999999.999999999999999
AF_38_2_1,Características de los créditos de mayor monto aprobados a las empresas por la banca de desarrollo 2021 (al mes de la entrevista)_Uso principal que se le dio al crédito (número de empresas)_Otro,Numeric,"12,15",0.0 - 999999999999.999999999999999
AG_38_2_1,"Características de los créditos de mayor monto aprobados a las empresas por la banca de desarrollo 2021 (al mes de la entrevista)_Producto financiero adicional contratado con la apertura del crédito (cheques, banca en línea , seguros, tarjetas, entre otros) (número de empresas) _Sí",Numeric,"12,15",0.0 - 999999999999.999999999999999
AH_38_2_1,"Características de los créditos de mayor monto aprobados a las empresas por la banca de desarrollo 2021 (al mes de la entrevista)_Producto financiero adicional contratado con la apertura del crédito (cheques, banca en línea , seguros, tarjetas, entre otros) (número de empresas) _No",Numeric,"12,15",0.0 - 999999999999.999999999999999
AI_38_2_1,Características de los créditos de mayor monto aprobados a las empresas por la banca de desarrollo 2021 (al mes de la entrevista)_Tuvo que dar garantía para obtener el crédito (número de empresas)_Sí,Numeric,"12,15",0.0 - 999999999999.999999999999999
AJ_38_2_1,Características de los créditos de mayor monto aprobados a las empresas por la banca de desarrollo 2021 (al mes de la entrevista)_Tuvo que dar garantía para obtener el crédito (número de empresas)_No,Numeric,"12,15",0.0 - 999999999999.999999999999999
AK_38_2_1,Características de los créditos de mayor monto aprobados a las empresas por la banca de desarrollo 2021 (al mes de la entrevista)_Tipo de garantía que otorgó para obtener el crédito (número de empresas)_Ahorros o activos de dueños (as) o socios (as),Numeric,"12,15",0.0 - 999999999999.999999999999999
AL_38_2_1,Características de los créditos de mayor monto aprobados a las empresas por la banca de desarrollo 2021 (al mes de la entrevista)_Tipo de garantía que otorgó para obtener el crédito (número de empresas)_Inventarios o activos de la empresa,Numeric,"12,15",0.0 - 999999999999.999999999999999
AM_38_2_1,Características de los créditos de mayor monto aprobados a las empresas por la banca de desarrollo 2021 (al mes de la entrevista)_Tipo de garantía que otorgó para obtener el crédito (número de empresas)_Bienes inmuebles de la empresa,Numeric,"12,15",0.0 - 999999999999.999999999999999
AN_38_2_1,Características de los créditos de mayor monto aprobados a las empresas por la banca de desarrollo 2021 (al mes de la entrevista)_Tipo de garantía que otorgó para obtener el crédito (número de empresas)_Cuentas por cobrar de la empresa,Numeric,"12,15",0.0 - 999999999999.999999999999999
AO_38_2_1,Características de los créditos de mayor monto aprobados a las empresas por la banca de desarrollo 2021 (al mes de la entrevista)_Tipo de garantía que otorgó para obtener el crédito (número de empresas)_Aval de una institución gubernamental,Numeric,"12,15",0.0 - 999999999999.999999999999999
AP_38_2_1,Características de los créditos de mayor monto aprobados a las empresas por la banca de desarrollo 2021 (al mes de la entrevista)_Tipo de garantía que otorgó para obtener el crédito (número de empresas)_Aval de un particular (familiar o amistades),Numeric,"12,15",0.0 - 999999999999.999999999999999
AQ_38_2_1,Características de los créditos de mayor monto aprobados a las empresas por la banca de desarrollo 2021 (al mes de la entrevista)_Tipo de garantía que otorgó para obtener el crédito (número de empresas)_Otras,Numeric,"12,15",0.0 - 999999999999.999999999999999
AR_38_2_1,Características de los créditos de mayor monto aprobados a las empresas por la banca de desarrollo 2021 (al mes de la entrevista)_Porcentaje promedio que la garantía representó con relación al crédito,Numeric,"12,15",0.0 - 999999999999.999999999999999
C_38_2_2,Características de los créditos de mayor monto aprobados a las empresas por la banca de desarrollo 2020_Total de créditos,Numeric,"12,15",0.0 - 999999999999.999999999999999
D_38_2_2,Características de los créditos de mayor monto aprobados a las empresas por la banca de desarrollo 2020_Motivo por el que acudió con esta fuente (número de empresas)_La sucursal está cerca,Numeric,"12,15",0.0 - 999999999999.999999999999999
E_38_2_2,Características de los créditos de mayor monto aprobados a las empresas por la banca de desarrollo 2020_Motivo por el que acudió con esta fuente (número de empresas)_Las comisiones son bajas,Numeric,"12,15",0.0 - 999999999999.999999999999999
F_38_2_2,Características de los créditos de mayor monto aprobados a las empresas por la banca de desarrollo 2020_Motivo por el que acudió con esta fuente (número de empresas)_La institución ya le ofrecía servicios adicionales,Numeric,"12,15",0.0 - 999999999999.999999999999999
G_38_2_2,Características de los créditos de mayor monto aprobados a las empresas por la banca de desarrollo 2020_Motivo por el que acudió con esta fuente (número de empresas)_La institución ofrece una tasa de interés más baja,Numeric,"12,15",0.0 - 999999999999.999999999999999
H_38_2_2,Características de los créditos de mayor monto aprobados a las empresas por la banca de desarrollo 2020_Motivo por el que acudió con esta fuente (número de empresas)_La institución ofrece una tasa de interés fija,Numeric,"12,15",0.0 - 999999999999.999999999999999
I_38_2_2,Características de los créditos de mayor monto aprobados a las empresas por la banca de desarrollo 2020_Motivo por el que acudió con esta fuente (número de empresas)_La institución ofrece un pago mensual fijo,Numeric,"12,15",0.0 - 999999999999.999999999999999
J_38_2_2,Características de los créditos de mayor monto aprobados a las empresas por la banca de desarrollo 2020_Motivo por el que acudió con esta fuente (número de empresas)_Esta institución pide menos requisitos que otras,Numeric,"12,15",0.0 - 999999999999.999999999999999
K_38_2_2,Características de los créditos de mayor monto aprobados a las empresas por la banca de desarrollo 2020_Motivo por el que acudió con esta fuente (número de empresas)_Otro,Numeric,"12,15",0.0 - 999999999999.999999999999999
L_38_2_2,Características de los créditos de mayor monto aprobados a las empresas por la banca de desarrollo 2020_Tipo de crédito aprobado (número de empresas)_No revolvente,Numeric,"12,15",0.0 - 999999999999.999999999999999
M_38_2_2,Características de los créditos de mayor monto aprobados a las empresas por la banca de desarrollo 2020_Tipo de crédito aprobado (número de empresas)_Línea de crédito revolvente,Numeric,"12,15",0.0 - 999999999999.999999999999999
N_38_2_2,Características de los créditos de mayor monto aprobados a las empresas por la banca de desarrollo 2020_Tipo de crédito aprobado (número de empresas)_Tarjetas de crédito,Numeric,"12,15",0.0 - 999999999999.999999999999999
O_38_2_2,Características de los créditos de mayor monto aprobados a las empresas por la banca de desarrollo 2020_Porcentaje promedio aprobado del monto solicitado,Numeric,"12,15",0.0 - 999999999999.999999999999999
P_38_2_2,Características de los créditos de mayor monto aprobados a las empresas por la banca de desarrollo 2020_Tasa promedio de interés anual del crédito aprobado,Numeric,"12,15",0.0 - 999999999999.999999999999999
Q_38_2_2,Características de los créditos de mayor monto aprobados a las empresas por la banca de desarrollo 2020_Crédito aprobado a tasa de interés (número de empresas)_Empresas con crédito aprobado a tasa de interés fija,Numeric,"12,15",0.0 - 999999999999.999999999999999
R_38_2_2,Características de los créditos de mayor monto aprobados a las empresas por la banca de desarrollo 2020_Crédito aprobado a tasa de interés (número de empresas)_Empresas con crédito aprobado a tasa de interés variable,Numeric,"12,15",0.0 - 999999999999.999999999999999
S_38_2_2,Características de los créditos de mayor monto aprobados a las empresas por la banca de desarrollo 2020_Plazo promedio de vencimiento del crédito aprobado (meses),Numeric,"12,15",0.0 - 999999999999.999999999999999
T_38_2_2,Características de los créditos de mayor monto aprobados a las empresas por la banca de desarrollo 2020_Porcentaje promedio de la comisión por apertura respecto del crédito aprobado,Numeric,"12,15",0.0 - 999999999999.999999999999999
U_38_2_2,Características de los créditos de mayor monto aprobados a las empresas por la banca de desarrollo 2020_Uso principal que se le dio al crédito (número de empresas)_Abrir la empresa / iniciar operaciones,Numeric,"12,15",0.0 - 999999999999.999999999999999
V_38_2_2,Características de los créditos de mayor monto aprobados a las empresas por la banca de desarrollo 2020_Uso principal que se le dio al crédito (número de empresas)_Expandir el negocio / abrir nuevas sucursales,Numeric,"12,15",0.0 - 999999999999.999999999999999
W_38_2_2,Características de los créditos de mayor monto aprobados a las empresas por la banca de desarrollo 2020_Uso principal que se le dio al crédito (número de empresas)_Financiamiento de las operaciones diarias,Numeric,"12,15",0.0 - 999999999999.999999999999999
X_38_2_2,"Características de los créditos de mayor monto aprobados a las empresas por la banca de desarrollo 2020_Uso principal que se le dio al crédito (número de empresas)_Compra de bienes de capital (vehículos, equipo, inmuebles)",Numeric,"12,15",0.0 - 999999999999.999999999999999
Y_38_2_2,Características de los créditos de mayor monto aprobados a las empresas por la banca de desarrollo 2020_Uso principal que se le dio al crédito (número de empresas)_Pago de deudas / pago de compromisos financieros,Numeric,"12,15",0.0 - 999999999999.999999999999999
Z_38_2_2,Características de los créditos de mayor monto aprobados a las empresas por la banca de desarrollo 2020_Uso principal que se le dio al crédito (número de empresas)_Pago de nómina,Numeric,"12,15",0.0 - 999999999999.999999999999999
AA_38_2_2,"Características de los créditos de mayor monto aprobados a las empresas por la banca de desarrollo 2020_Uso principal que se le dio al crédito (número de empresas)_Pago de gastos fijos (renta de inmuebles, entre otros)",Numeric,"12,15",0.0 - 999999999999.999999999999999
AB_38_2_2,Características de los créditos de mayor monto aprobados a las empresas por la banca de desarrollo 2020_Uso principal que se le dio al crédito (número de empresas)_Pago de impuestos,Numeric,"12,15",0.0 - 999999999999.999999999999999
AC_38_2_2,Características de los créditos de mayor monto aprobados a las empresas por la banca de desarrollo 2020_Uso principal que se le dio al crédito (número de empresas)_Cubrir necesidades de liquidez,Numeric,"12,15",0.0 - 999999999999.999999999999999
AD_38_2_2,Características de los créditos de mayor monto aprobados a las empresas por la banca de desarrollo 2020_Uso principal que se le dio al crédito (número de empresas)_Afrontar pérdidas de ejercicios fiscales anteriores,Numeric,"12,15",0.0 - 999999999999.999999999999999
AE_38_2_2,Características de los créditos de mayor monto aprobados a las empresas por la banca de desarrollo 2020_Uso principal que se le dio al crédito (número de empresas)_Aún no se ha usado,Numeric,"12,15",0.0 - 999999999999.999999999999999
AF_38_2_2,Características de los créditos de mayor monto aprobados a las empresas por la banca de desarrollo 2020_Uso principal que se le dio al crédito (número de empresas)_Otro,Numeric,"12,15",0.0 - 999999999999.999999999999999
AG_38_2_2,"Características de los créditos de mayor monto aprobados a las empresas por la banca de desarrollo 2020_Producto financiero adicional contratado con la apertura del crédito (cheques, banca en línea , seguros, tarjetas, entre otros) (número de empresas) _Sí",Numeric,"12,15",0.0 - 999999999999.999999999999999
AH_38_2_2,"Características de los créditos de mayor monto aprobados a las empresas por la banca de desarrollo 2020_Producto financiero adicional contratado con la apertura del crédito (cheques, banca en línea , seguros, tarjetas, entre otros) (número de empresas) _No",Numeric,"12,15",0.0 - 999999999999.999999999999999
AI_38_2_2,Características de los créditos de mayor monto aprobados a las empresas por la banca de desarrollo 2020_Tuvo que dar garantía para obtener el crédito (número de empresas)_Sí,Numeric,"12,15",0.0 - 999999999999.999999999999999
AJ_38_2_2,Características de los créditos de mayor monto aprobados a las empresas por la banca de desarrollo 2020_Tuvo que dar garantía para obtener el crédito (número de empresas)_No,Numeric,"12,15",0.0 - 999999999999.999999999999999
AK_38_2_2,Características de los créditos de mayor monto aprobados a las empresas por la banca de desarrollo 2020_Tipo de garantía que otorgó para obtener el crédito (número de empresas)_Ahorros o activos de dueños (as) o socios (as),Numeric,"12,15",0.0 - 999999999999.999999999999999
AL_38_2_2,Características de los créditos de mayor monto aprobados a las empresas por la banca de desarrollo 2020_Tipo de garantía que otorgó para obtener el crédito (número de empresas)_Inventarios o activos de la empresa,Numeric,"12,15",0.0 - 999999999999.999999999999999
AM_38_2_2,Características de los créditos de mayor monto aprobados a las empresas por la banca de desarrollo 2020_Tipo de garantía que otorgó para obtener el crédito (número de empresas)_Bienes inmuebles de la empresa,Numeric,"12,15",0.0 - 999999999999.999999999999999
AN_38_2_2,Características de los créditos de mayor monto aprobados a las empresas por la banca de desarrollo 2020_Tipo de garantía que otorgó para obtener el crédito (número de empresas)_Cuentas por cobrar de la empresa,Numeric,"12,15",0.0 - 999999999999.999999999999999
AO_38_2_2,Características de los créditos de mayor monto aprobados a las empresas por la banca de desarrollo 2020_Tipo de garantía que otorgó para obtener el crédito (número de empresas)_Aval de una institución gubernamental,Numeric,"12,15",0.0 - 999999999999.999999999999999
AP_38_2_2,Características de los créditos de mayor monto aprobados a las empresas por la banca de desarrollo 2020_Tipo de garantía que otorgó para obtener el crédito (número de empresas)_Aval de un particular (familiar o amistades),Numeric,"12,15",0.0 - 999999999999.999999999999999
AQ_38_2_2,Características de los créditos de mayor monto aprobados a las empresas por la banca de desarrollo 2020_Tipo de garantía que otorgó para obtener el crédito (número de empresas)_Otras,Numeric,"12,15",0.0 - 999999999999.999999999999999
AR_38_2_2,Características de los créditos de mayor monto aprobados a las empresas por la banca de desarrollo 2020_Porcentaje promedio que la garantía representó con relación al crédito,Numeric,"12,15",0.0 - 999999999999.999999999999999
C_38_2_3,Características de los créditos de mayor monto aprobados a las empresas por la banca de desarrollo 2019_Total de créditos,Numeric,"12,15",0.0 - 999999999999.999999999999999
D_38_2_3,Características de los créditos de mayor monto aprobados a las empresas por la banca de desarrollo 2019_Motivo por el que acudió con esta fuente (número de empresas)_La sucursal está cerca,Numeric,"12,15",0.0 - 999999999999.999999999999999
E_38_2_3,Características de los créditos de mayor monto aprobados a las empresas por la banca de desarrollo 2019_Motivo por el que acudió con esta fuente (número de empresas)_Las comisiones son bajas,Numeric,"12,15",0.0 - 999999999999.999999999999999
F_38_2_3,Características de los créditos de mayor monto aprobados a las empresas por la banca de desarrollo 2019_Motivo por el que acudió con esta fuente (número de empresas)_La institución ya le ofrecía servicios adicionales,Numeric,"12,15",0.0 - 999999999999.999999999999999
G_38_2_3,Características de los créditos de mayor monto aprobados a las empresas por la banca de desarrollo 2019_Motivo por el que acudió con esta fuente (número de empresas)_La institución ofrece una tasa de interés más baja,Numeric,"12,15",0.0 - 999999999999.999999999999999
H_38_2_3,Características de los créditos de mayor monto aprobados a las empresas por la banca de desarrollo 2019_Motivo por el que acudió con esta fuente (número de empresas)_La institución ofrece una tasa de interés fija,Numeric,"12,15",0.0 - 999999999999.999999999999999
I_38_2_3,Características de los créditos de mayor monto aprobados a las empresas por la banca de desarrollo 2019_Motivo por el que acudió con esta fuente (número de empresas)_La institución ofrece un pago mensual fijo,Numeric,"12,15",0.0 - 999999999999.999999999999999
J_38_2_3,Características de los créditos de mayor monto aprobados a las empresas por la banca de desarrollo 2019_Motivo por el que acudió con esta fuente (número de empresas)_Esta institución pide menos requisitos que otras,Numeric,"12,15",0.0 - 999999999999.999999999999999
K_38_2_3,Características de los créditos de mayor monto aprobados a las empresas por la banca de desarrollo 2019_Motivo por el que acudió con esta fuente (número de empresas)_Otro,Numeric,"12,15",0.0 - 999999999999.999999999999999
L_38_2_3,Características de los créditos de mayor monto aprobados a las empresas por la banca de desarrollo 2019_Tipo de crédito aprobado (número de empresas)_No revolvente,Numeric,"12,15",0.0 - 999999999999.999999999999999
M_38_2_3,Características de los créditos de mayor monto aprobados a las empresas por la banca de desarrollo 2019_Tipo de crédito aprobado (número de empresas)_Línea de crédito revolvente,Numeric,"12,15",0.0 - 999999999999.999999999999999
N_38_2_3,Características de los créditos de mayor monto aprobados a las empresas por la banca de desarrollo 2019_Tipo de crédito aprobado (número de empresas)_Tarjetas de crédito,Numeric,"12,15",0.0 - 999999999999.999999999999999
O_38_2_3,Características de los créditos de mayor monto aprobados a las empresas por la banca de desarrollo 2019_Porcentaje promedio aprobado del monto solicitado,Numeric,"12,15",0.0 - 999999999999.999999999999999
P_38_2_3,Características de los créditos de mayor monto aprobados a las empresas por la banca de desarrollo 2019_Tasa promedio de interés anual del crédito aprobado,Numeric,"12,15",0.0 - 999999999999.999999999999999
Q_38_2_3,Características de los créditos de mayor monto aprobados a las empresas por la banca de desarrollo 2019_Crédito aprobado a tasa de interés (número de empresas)_Empresas con crédito aprobado a tasa de interés fija,Numeric,"12,15",0.0 - 999999999999.999999999999999
R_38_2_3,Características de los créditos de mayor monto aprobados a las empresas por la banca de desarrollo 2019_Crédito aprobado a tasa de interés (número de empresas)_Empresas con crédito aprobado a tasa de interés variable,Numeric,"12,15",0.0 - 999999999999.999999999999999
S_38_2_3,Características de los créditos de mayor monto aprobados a las empresas por la banca de desarrollo 2019_Plazo promedio de vencimiento del crédito aprobado (meses),Numeric,"12,15",0.0 - 999999999999.999999999999999
T_38_2_3,Características de los créditos de mayor monto aprobados a las empresas por la banca de desarrollo 2019_Porcentaje promedio de la comisión por apertura respecto del crédito aprobado,Numeric,"12,15",0.0 - 999999999999.999999999999999
U_38_2_3,Características de los créditos de mayor monto aprobados a las empresas por la banca de desarrollo 2019_Uso principal que se le dio al crédito (número de empresas)_Abrir la empresa / iniciar operaciones,Numeric,"12,15",0.0 - 999999999999.999999999999999
V_38_2_3,Características de los créditos de mayor monto aprobados a las empresas por la banca de desarrollo 2019_Uso principal que se le dio al crédito (número de empresas)_Expandir el negocio / abrir nuevas sucursales,Numeric,"12,15",0.0 - 999999999999.999999999999999
W_38_2_3,Características de los créditos de mayor monto aprobados a las empresas por la banca de desarrollo 2019_Uso principal que se le dio al crédito (número de empresas)_Financiamiento de las operaciones diarias,Numeric,"12,15",0.0 - 999999999999.999999999999999
X_38_2_3,"Características de los créditos de mayor monto aprobados a las empresas por la banca de desarrollo 2019_Uso principal que se le dio al crédito (número de empresas)_Compra de bienes de capital (vehículos, equipo, inmuebles)",Numeric,"12,15",0.0 - 999999999999.999999999999999
Y_38_2_3,Características de los créditos de mayor monto aprobados a las empresas por la banca de desarrollo 2019_Uso principal que se le dio al crédito (número de empresas)_Pago de deudas / pago de compromisos financieros,Numeric,"12,15",0.0 - 999999999999.999999999999999
Z_38_2_3,Características de los créditos de mayor monto aprobados a las empresas por la banca de desarrollo 2019_Uso principal que se le dio al crédito (número de empresas)_Pago de nómina,Numeric,"12,15",0.0 - 999999999999.999999999999999
AA_38_2_3,"Características de los créditos de mayor monto aprobados a las empresas por la banca de desarrollo 2019_Uso principal que se le dio al crédito (número de empresas)_Pago de gastos fijos (renta de inmuebles, entre otros)",Numeric,"12,15",0.0 - 999999999999.999999999999999
AB_38_2_3,Características de los créditos de mayor monto aprobados a las empresas por la banca de desarrollo 2019_Uso principal que se le dio al crédito (número de empresas)_Pago de impuestos,Numeric,"12,15",0.0 - 999999999999.999999999999999
AC_38_2_3,Características de los créditos de mayor monto aprobados a las empresas por la banca de desarrollo 2019_Uso principal que se le dio al crédito (número de empresas)_Cubrir necesidades de liquidez,Numeric,"12,15",0.0 - 999999999999.999999999999999
AD_38_2_3,Características de los créditos de mayor monto aprobados a las empresas por la banca de desarrollo 2019_Uso principal que se le dio al crédito (número de empresas)_Afrontar pérdidas de ejercicios fiscales anteriores,Numeric,"12,15",0.0 - 999999999999.999999999999999
AE_38_2_3,Características de los créditos de mayor monto aprobados a las empresas por la banca de desarrollo 2019_Uso principal que se le dio al crédito (número de empresas)_Aún no se ha usado,Numeric,"12,15",0.0 - 999999999999.999999999999999
AF_38_2_3,Características de los créditos de mayor monto aprobados a las empresas por la banca de desarrollo 2019_Uso principal que se le dio al crédito (número de empresas)_Otro,Numeric,"12,15",0.0 - 999999999999.999999999999999
AG_38_2_3,"Características de los créditos de mayor monto aprobados a las empresas por la banca de desarrollo 2019_Producto financiero adicional contratado con la apertura del crédito (cheques, banca en línea , seguros, tarjetas, entre otros) (número de empresas) _Sí",Numeric,"12,15",0.0 - 999999999999.999999999999999
AH_38_2_3,"Características de los créditos de mayor monto aprobados a las empresas por la banca de desarrollo 2019_Producto financiero adicional contratado con la apertura del crédito (cheques, banca en línea , seguros, tarjetas, entre otros) (número de empresas) _No",Numeric,"12,15",0.0 - 999999999999.999999999999999
AI_38_2_3,Características de los créditos de mayor monto aprobados a las empresas por la banca de desarrollo 2019_Tuvo que dar garantía para obtener el crédito (número de empresas)_Sí,Numeric,"12,15",0.0 - 999999999999.999999999999999
AJ_38_2_3,Características de los créditos de mayor monto aprobados a las empresas por la banca de desarrollo 2019_Tuvo que dar garantía para obtener el crédito (número de empresas)_No,Numeric,"12,15",0.0 - 999999999999.999999999999999
AK_38_2_3,Características de los créditos de mayor monto aprobados a las empresas por la banca de desarrollo 2019_Tipo de garantía que otorgó para obtener el crédito (número de empresas)_Ahorros o activos de dueños (as) o socios (as),Numeric,"12,15",0.0 - 999999999999.999999999999999
AL_38_2_3,Características de los créditos de mayor monto aprobados a las empresas por la banca de desarrollo 2019_Tipo de garantía que otorgó para obtener el crédito (número de empresas)_Inventarios o activos de la empresa,Numeric,"12,15",0.0 - 999999999999.999999999999999
AM_38_2_3,Características de los créditos de mayor monto aprobados a las empresas por la banca de desarrollo 2019_Tipo de garantía que otorgó para obtener el crédito (número de empresas)_Bienes inmuebles de la empresa,Numeric,"12,15",0.0 - 999999999999.999999999999999
AN_38_2_3,Características de los créditos de mayor monto aprobados a las empresas por la banca de desarrollo 2019_Tipo de garantía que otorgó para obtener el crédito (número de empresas)_Cuentas por cobrar de la empresa,Numeric,"12,15",0.0 - 999999999999.999999999999999
AO_38_2_3,Características de los créditos de mayor monto aprobados a las empresas por la banca de desarrollo 2019_Tipo de garantía que otorgó para obtener el crédito (número de empresas)_Aval de una institución gubernamental,Numeric,"12,15",0.0 - 999999999999.999999999999999
AP_38_2_3,Características de los créditos de mayor monto aprobados a las empresas por la banca de desarrollo 2019_Tipo de garantía que otorgó para obtener el crédito (número de empresas)_Aval de un particular (familiar o amistades),Numeric,"12,15",0.0 - 999999999999.999999999999999
AQ_38_2_3,Características de los créditos de mayor monto aprobados a las empresas por la banca de desarrollo 2019_Tipo de garantía que otorgó para obtener el crédito (número de empresas)_Otras,Numeric,"12,15",0.0 - 999999999999.999999999999999
AR_38_2_3,Características de los créditos de mayor monto aprobados a las empresas por la banca de desarrollo 2019_Porcentaje promedio que la garantía representó con relación al crédito,Numeric,"12,15",0.0 - 999999999999.999999999999999
C_38_3_1,Características de los créditos de mayor monto aprobados a las empresas por instituciones financieras no bancarias 2021 (al mes de la entrevista)_Total de créditos,Numeric,"12,15",0.0 - 999999999999.999999999999999
D_38_3_1,Características de los créditos de mayor monto aprobados a las empresas por instituciones financieras no bancarias 2021 (al mes de la entrevista)_Motivo por el que acudió con esta fuente (número de empresas)_La sucursal está cerca,Numeric,"12,15",0.0 - 999999999999.999999999999999
E_38_3_1,Características de los créditos de mayor monto aprobados a las empresas por instituciones financieras no bancarias 2021 (al mes de la entrevista)_Motivo por el que acudió con esta fuente (número de empresas)_Las comisiones son bajas,Numeric,"12,15",0.0 - 999999999999.999999999999999
F_38_3_1,Características de los créditos de mayor monto aprobados a las empresas por instituciones financieras no bancarias 2021 (al mes de la entrevista)_Motivo por el que acudió con esta fuente (número de empresas)_La institución ya le ofrecía servicios adicionales,Numeric,"12,15",0.0 - 999999999999.999999999999999
G_38_3_1,Características de los créditos de mayor monto aprobados a las empresas por instituciones financieras no bancarias 2021 (al mes de la entrevista)_Motivo por el que acudió con esta fuente (número de empresas)_La institución ofrece una tasa de interés más baja,Numeric,"12,15",0.0 - 999999999999.999999999999999
H_38_3_1,Características de los créditos de mayor monto aprobados a las empresas por instituciones financieras no bancarias 2021 (al mes de la entrevista)_Motivo por el que acudió con esta fuente (número de empresas)_La institución ofrece una tasa de interés fija,Numeric,"12,15",0.0 - 999999999999.999999999999999
I_38_3_1,Características de los créditos de mayor monto aprobados a las empresas por instituciones financieras no bancarias 2021 (al mes de la entrevista)_Motivo por el que acudió con esta fuente (número de empresas)_La institución ofrece un pago mensual fijo,Numeric,"12,15",0.0 - 999999999999.999999999999999
J_38_3_1,Características de los créditos de mayor monto aprobados a las empresas por instituciones financieras no bancarias 2021 (al mes de la entrevista)_Motivo por el que acudió con esta fuente (número de empresas)_Esta institución pide menos requisitos que otras,Numeric,"12,15",0.0 - 999999999999.999999999999999
K_38_3_1,Características de los créditos de mayor monto aprobados a las empresas por instituciones financieras no bancarias 2021 (al mes de la entrevista)_Motivo por el que acudió con esta fuente (número de empresas)_Otro,Numeric,"12,15",0.0 - 999999999999.999999999999999
L_38_3_1,Características de los créditos de mayor monto aprobados a las empresas por instituciones financieras no bancarias 2021 (al mes de la entrevista)_Tipo de crédito aprobado (número de empresas)_No revolvente,Numeric,"12,15",0.0 - 999999999999.999999999999999
M_38_3_1,Características de los créditos de mayor monto aprobados a las empresas por instituciones financieras no bancarias 2021 (al mes de la entrevista)_Tipo de crédito aprobado (número de empresas)_Línea de crédito revolvente,Numeric,"12,15",0.0 - 999999999999.999999999999999
N_38_3_1,Características de los créditos de mayor monto aprobados a las empresas por instituciones financieras no bancarias 2021 (al mes de la entrevista)_Tipo de crédito aprobado (número de empresas)_Tarjetas de crédito,Numeric,"12,15",0.0 - 999999999999.999999999999999
O_38_3_1,Características de los créditos de mayor monto aprobados a las empresas por instituciones financieras no bancarias 2021 (al mes de la entrevista)_Porcentaje promedio aprobado del monto solicitado,Numeric,"12,15",0.0 - 999999999999.999999999999999
P_38_3_1,Características de los créditos de mayor monto aprobados a las empresas por instituciones financieras no bancarias 2021 (al mes de la entrevista)_Tasa promedio de interés anual del crédito aprobado,Numeric,"12,15",0.0 - 999999999999.999999999999999
Q_38_3_1,Características de los créditos de mayor monto aprobados a las empresas por instituciones financieras no bancarias 2021 (al mes de la entrevista)_Crédito aprobado a tasa de interés (número de empresas)_Empresas con crédito aprobado a tasa de interés fija,Numeric,"12,15",0.0 - 999999999999.999999999999999
R_38_3_1,Características de los créditos de mayor monto aprobados a las empresas por instituciones financieras no bancarias 2021 (al mes de la entrevista)_Crédito aprobado a tasa de interés (número de empresas)_Empresas con crédito aprobado a tasa de interés variable,Numeric,"12,15",0.0 - 999999999999.999999999999999
S_38_3_1,Características de los créditos de mayor monto aprobados a las empresas por instituciones financieras no bancarias 2021 (al mes de la entrevista)_Plazo promedio de vencimiento del crédito aprobado (meses),Numeric,"12,15",0.0 - 999999999999.999999999999999
T_38_3_1,Características de los créditos de mayor monto aprobados a las empresas por instituciones financieras no bancarias 2021 (al mes de la entrevista)_Porcentaje promedio de la comisión por apertura respecto del crédito aprobado,Numeric,"12,15",0.0 - 999999999999.999999999999999
U_38_3_1,Características de los créditos de mayor monto aprobados a las empresas por instituciones financieras no bancarias 2021 (al mes de la entrevista)_Uso principal que se le dio al crédito (número de empresas)_Abrir la empresa / iniciar operaciones,Numeric,"12,15",0.0 - 999999999999.999999999999999
V_38_3_1,Características de los créditos de mayor monto aprobados a las empresas por instituciones financieras no bancarias 2021 (al mes de la entrevista)_Uso principal que se le dio al crédito (número de empresas)_Expandir el negocio / abrir nuevas sucursales,Numeric,"12,15",0.0 - 999999999999.999999999999999
W_38_3_1,Características de los créditos de mayor monto aprobados a las empresas por instituciones financieras no bancarias 2021 (al mes de la entrevista)_Uso principal que se le dio al crédito (número de empresas)_Financiamiento de las operaciones diarias,Numeric,"12,15",0.0 - 999999999999.999999999999999
X_38_3_1,"Características de los créditos de mayor monto aprobados a las empresas por instituciones financieras no bancarias 2021 (al mes de la entrevista)_Uso principal que se le dio al crédito (número de empresas)_Compra de bienes de capital (vehículos, equipo, inmuebles)",Numeric,"12,15",0.0 - 999999999999.999999999999999
Y_38_3_1,Características de los créditos de mayor monto aprobados a las empresas por instituciones financieras no bancarias 2021 (al mes de la entrevista)_Uso principal que se le dio al crédito (número de empresas)_Pago de deudas / pago de compromisos financieros,Numeric,"12,15",0.0 - 999999999999.999999999999999
Z_38_3_1,Características de los créditos de mayor monto aprobados a las empresas por instituciones financieras no bancarias 2021 (al mes de la entrevista)_Uso principal que se le dio al crédito (número de empresas)_Pago de nómina,Numeric,"12,15",0.0 - 999999999999.999999999999999
AA_38_3_1,"Características de los créditos de mayor monto aprobados a las empresas por instituciones financieras no bancarias 2021 (al mes de la entrevista)_Uso principal que se le dio al crédito (número de empresas)_Pago de gastos fijos (renta de inmuebles, entre otros)",Numeric,"12,15",0.0 - 999999999999.999999999999999
AB_38_3_1,Características de los créditos de mayor monto aprobados a las empresas por instituciones financieras no bancarias 2021 (al mes de la entrevista)_Uso principal que se le dio al crédito (número de empresas)_Pago de impuestos,Numeric,"12,15",0.0 - 999999999999.999999999999999
AC_38_3_1,Características de los créditos de mayor monto aprobados a las empresas por instituciones financieras no bancarias 2021 (al mes de la entrevista)_Uso principal que se le dio al crédito (número de empresas)_Cubrir necesidades de liquidez,Numeric,"12,15",0.0 - 999999999999.999999999999999
AD_38_3_1,Características de los créditos de mayor monto aprobados a las empresas por instituciones financieras no bancarias 2021 (al mes de la entrevista)_Uso principal que se le dio al crédito (número de empresas)_Afrontar pérdidas de ejercicios fiscales anteriores,Numeric,"12,15",0.0 - 999999999999.999999999999999
AE_38_3_1,Características de los créditos de mayor monto aprobados a las empresas por instituciones financieras no bancarias 2021 (al mes de la entrevista)_Uso principal que se le dio al crédito (número de empresas)_Aún no se ha usado,Numeric,"12,15",0.0 - 999999999999.999999999999999
AF_38_3_1,Características de los créditos de mayor monto aprobados a las empresas por instituciones financieras no bancarias 2021 (al mes de la entrevista)_Uso principal que se le dio al crédito (número de empresas)_Otro,Numeric,"12,15",0.0 - 999999999999.999999999999999
AG_38_3_1,"Características de los créditos de mayor monto aprobados a las empresas por instituciones financieras no bancarias 2021 (al mes de la entrevista)_Producto financiero adicional contratado con la apertura del crédito (cheques, banca en línea , seguros, tarjetas, entre otros) (número de empresas) _Sí",Numeric,"12,15",0.0 - 999999999999.999999999999999
AH_38_3_1,"Características de los créditos de mayor monto aprobados a las empresas por instituciones financieras no bancarias 2021 (al mes de la entrevista)_Producto financiero adicional contratado con la apertura del crédito (cheques, banca en línea , seguros, tarjetas, entre otros) (número de empresas) _No",Numeric,"12,15",0.0 - 999999999999.999999999999999
AI_38_3_1,Características de los créditos de mayor monto aprobados a las empresas por instituciones financieras no bancarias 2021 (al mes de la entrevista)_Tuvo que dar garantía para obtener el crédito (número de empresas)_Sí,Numeric,"12,15",0.0 - 999999999999.999999999999999
AJ_38_3_1,Características de los créditos de mayor monto aprobados a las empresas por instituciones financieras no bancarias 2021 (al mes de la entrevista)_Tuvo que dar garantía para obtener el crédito (número de empresas)_No,Numeric,"12,15",0.0 - 999999999999.999999999999999
AK_38_3_1,Características de los créditos de mayor monto aprobados a las empresas por instituciones financieras no bancarias 2021 (al mes de la entrevista)_Tipo de garantía que otorgó para obtener el crédito (número de empresas)_Ahorros o activos de dueños (as) o socios (as),Numeric,"12,15",0.0 - 999999999999.999999999999999
AL_38_3_1,Características de los créditos de mayor monto aprobados a las empresas por instituciones financieras no bancarias 2021 (al mes de la entrevista)_Tipo de garantía que otorgó para obtener el crédito (número de empresas)_Inventarios o activos de la empresa,Numeric,"12,15",0.0 - 999999999999.999999999999999
AM_38_3_1,Características de los créditos de mayor monto aprobados a las empresas por instituciones financieras no bancarias 2021 (al mes de la entrevista)_Tipo de garantía que otorgó para obtener el crédito (número de empresas)_Bienes inmuebles de la empresa,Numeric,"12,15",0.0 - 999999999999.999999999999999
AN_38_3_1,Características de los créditos de mayor monto aprobados a las empresas por instituciones financieras no bancarias 2021 (al mes de la entrevista)_Tipo de garantía que otorgó para obtener el crédito (número de empresas)_Cuentas por cobrar de la empresa,Numeric,"12,15",0.0 - 999999999999.999999999999999
AO_38_3_1,Características de los créditos de mayor monto aprobados a las empresas por instituciones financieras no bancarias 2021 (al mes de la entrevista)_Tipo de garantía que otorgó para obtener el crédito (número de empresas)_Aval de una institución gubernamental,Numeric,"12,15",0.0 - 999999999999.999999999999999
AP_38_3_1,Características de los créditos de mayor monto aprobados a las empresas por instituciones financieras no bancarias 2021 (al mes de la entrevista)_Tipo de garantía que otorgó para obtener el crédito (número de empresas)_Aval de un particular (familiar o amistades),Numeric,"12,15",0.0 - 999999999999.999999999999999
AQ_38_3_1,Características de los créditos de mayor monto aprobados a las empresas por instituciones financieras no bancarias 2021 (al mes de la entrevista)_Tipo de garantía que otorgó para obtener el crédito (número de empresas)_Otras,Numeric,"12,15",0.0 - 999999999999.999999999999999
AR_38_3_1,Características de los créditos de mayor monto aprobados a las empresas por instituciones financieras no bancarias 2021 (al mes de la entrevista)_Porcentaje promedio que la garantía representó con relación al crédito,Numeric,"12,15",0.0 - 999999999999.999999999999999
C_38_3_2,Características de los créditos de mayor monto aprobados a las empresas por instituciones financieras no bancarias 2020_Total de créditos,Numeric,"12,15",0.0 - 999999999999.999999999999999
D_38_3_2,Características de los créditos de mayor monto aprobados a las empresas por instituciones financieras no bancarias 2020_Motivo por el que acudió con esta fuente (número de empresas)_La sucursal está cerca,Numeric,"12,15",0.0 - 999999999999.999999999999999
E_38_3_2,Características de los créditos de mayor monto aprobados a las empresas por instituciones financieras no bancarias 2020_Motivo por el que acudió con esta fuente (número de empresas)_Las comisiones son bajas,Numeric,"12,15",0.0 - 999999999999.999999999999999
F_38_3_2,Características de los créditos de mayor monto aprobados a las empresas por instituciones financieras no bancarias 2020_Motivo por el que acudió con esta fuente (número de empresas)_La institución ya le ofrecía servicios adicionales,Numeric,"12,15",0.0 - 999999999999.999999999999999
G_38_3_2,Características de los créditos de mayor monto aprobados a las empresas por instituciones financieras no bancarias 2020_Motivo por el que acudió con esta fuente (número de empresas)_La institución ofrece una tasa de interés más baja,Numeric,"12,15",0.0 - 999999999999.999999999999999
H_38_3_2,Características de los créditos de mayor monto aprobados a las empresas por instituciones financieras no bancarias 2020_Motivo por el que acudió con esta fuente (número de empresas)_La institución ofrece una tasa de interés fija,Numeric,"12,15",0.0 - 999999999999.999999999999999
I_38_3_2,Características de los créditos de mayor monto aprobados a las empresas por instituciones financieras no bancarias 2020_Motivo por el que acudió con esta fuente (número de empresas)_La institución ofrece un pago mensual fijo,Numeric,"12,15",0.0 - 999999999999.999999999999999
J_38_3_2,Características de los créditos de mayor monto aprobados a las empresas por instituciones financieras no bancarias 2020_Motivo por el que acudió con esta fuente (número de empresas)_Esta institución pide menos requisitos que otras,Numeric,"12,15",0.0 - 999999999999.999999999999999
K_38_3_2,Características de los créditos de mayor monto aprobados a las empresas por instituciones financieras no bancarias 2020_Motivo por el que acudió con esta fuente (número de empresas)_Otro,Numeric,"12,15",0.0 - 999999999999.999999999999999
L_38_3_2,Características de los créditos de mayor monto aprobados a las empresas por instituciones financieras no bancarias 2020_Tipo de crédito aprobado (número de empresas)_No revolvente,Numeric,"12,15",0.0 - 999999999999.999999999999999
M_38_3_2,Características de los créditos de mayor monto aprobados a las empresas por instituciones financieras no bancarias 2020_Tipo de crédito aprobado (número de empresas)_Línea de crédito revolvente,Numeric,"12,15",0.0 - 999999999999.999999999999999
N_38_3_2,Características de los créditos de mayor monto aprobados a las empresas por instituciones financieras no bancarias 2020_Tipo de crédito aprobado (número de empresas)_Tarjetas de crédito,Numeric,"12,15",0.0 - 999999999999.999999999999999
O_38_3_2,Características de los créditos de mayor monto aprobados a las empresas por instituciones financieras no bancarias 2020_Porcentaje promedio aprobado del monto solicitado,Numeric,"12,15",0.0 - 999999999999.999999999999999
P_38_3_2,Características de los créditos de mayor monto aprobados a las empresas por instituciones financieras no bancarias 2020_Tasa promedio de interés anual del crédito aprobado,Numeric,"12,15",0.0 - 999999999999.999999999999999
Q_38_3_2,Características de los créditos de mayor monto aprobados a las empresas por instituciones financieras no bancarias 2020_Crédito aprobado a tasa de interés (número de empresas)_Empresas con crédito aprobado a tasa de interés fija,Numeric,"12,15",0.0 - 999999999999.999999999999999
R_38_3_2,Características de los créditos de mayor monto aprobados a las empresas por instituciones financieras no bancarias 2020_Crédito aprobado a tasa de interés (número de empresas)_Empresas con crédito aprobado a tasa de interés variable,Numeric,"12,15",0.0 - 999999999999.999999999999999
S_38_3_2,Características de los créditos de mayor monto aprobados a las empresas por instituciones financieras no bancarias 2020_Plazo promedio de vencimiento del crédito aprobado (meses),Numeric,"12,15",0.0 - 999999999999.999999999999999
T_38_3_2,Características de los créditos de mayor monto aprobados a las empresas por instituciones financieras no bancarias 2020_Porcentaje promedio de la comisión por apertura respecto del crédito aprobado,Numeric,"12,15",0.0 - 999999999999.999999999999999
U_38_3_2,Características de los créditos de mayor monto aprobados a las empresas por instituciones financieras no bancarias 2020_Uso principal que se le dio al crédito (número de empresas)_Abrir la empresa / iniciar operaciones,Numeric,"12,15",0.0 - 999999999999.999999999999999
V_38_3_2,Características de los créditos de mayor monto aprobados a las empresas por instituciones financieras no bancarias 2020_Uso principal que se le dio al crédito (número de empresas)_Expandir el negocio / abrir nuevas sucursales,Numeric,"12,15",0.0 - 999999999999.999999999999999
W_38_3_2,Características de los créditos de mayor monto aprobados a las empresas por instituciones financieras no bancarias 2020_Uso principal que se le dio al crédito (número de empresas)_Financiamiento de las operaciones diarias,Numeric,"12,15",0.0 - 999999999999.999999999999999
X_38_3_2,"Características de los créditos de mayor monto aprobados a las empresas por instituciones financieras no bancarias 2020_Uso principal que se le dio al crédito (número de empresas)_Compra de bienes de capital (vehículos, equipo, inmuebles)",Numeric,"12,15",0.0 - 999999999999.999999999999999
Y_38_3_2,Características de los créditos de mayor monto aprobados a las empresas por instituciones financieras no bancarias 2020_Uso principal que se le dio al crédito (número de empresas)_Pago de deudas / pago de compromisos financieros,Numeric,"12,15",0.0 - 999999999999.999999999999999
Z_38_3_2,Características de los créditos de mayor monto aprobados a las empresas por instituciones financieras no bancarias 2020_Uso principal que se le dio al crédito (número de empresas)_Pago de nómina,Numeric,"12,15",0.0 - 999999999999.999999999999999
AA_38_3_2,"Características de los créditos de mayor monto aprobados a las empresas por instituciones financieras no bancarias 2020_Uso principal que se le dio al crédito (número de empresas)_Pago de gastos fijos (renta de inmuebles, entre otros)",Numeric,"12,15",0.0 - 999999999999.999999999999999
AB_38_3_2,Características de los créditos de mayor monto aprobados a las empresas por instituciones financieras no bancarias 2020_Uso principal que se le dio al crédito (número de empresas)_Pago de impuestos,Numeric,"12,15",0.0 - 999999999999.999999999999999
AC_38_3_2,Características de los créditos de mayor monto aprobados a las empresas por instituciones financieras no bancarias 2020_Uso principal que se le dio al crédito (número de empresas)_Cubrir necesidades de liquidez,Numeric,"12,15",0.0 - 999999999999.999999999999999
AD_38_3_2,Características de los créditos de mayor monto aprobados a las empresas por instituciones financieras no bancarias 2020_Uso principal que se le dio al crédito (número de empresas)_Afrontar pérdidas de ejercicios fiscales anteriores,Numeric,"12,15",0.0 - 999999999999.999999999999999
AE_38_3_2,Características de los créditos de mayor monto aprobados a las empresas por instituciones financieras no bancarias 2020_Uso principal que se le dio al crédito (número de empresas)_Aún no se ha usado,Numeric,"12,15",0.0 - 999999999999.999999999999999
AF_38_3_2,Características de los créditos de mayor monto aprobados a las empresas por instituciones financieras no bancarias 2020_Uso principal que se le dio al crédito (número de empresas)_Otro,Numeric,"12,15",0.0 - 999999999999.999999999999999
AG_38_3_2,"Características de los créditos de mayor monto aprobados a las empresas por instituciones financieras no bancarias 2020_Producto financiero adicional contratado con la apertura del crédito (cheques, banca en línea , seguros, tarjetas, entre otros) (número de empresas) _Sí",Numeric,"12,15",0.0 - 999999999999.999999999999999
AH_38_3_2,"Características de los créditos de mayor monto aprobados a las empresas por instituciones financieras no bancarias 2020_Producto financiero adicional contratado con la apertura del crédito (cheques, banca en línea , seguros, tarjetas, entre otros) (número de empresas) _No",Numeric,"12,15",0.0 - 999999999999.999999999999999
AI_38_3_2,Características de los créditos de mayor monto aprobados a las empresas por instituciones financieras no bancarias 2020_Tuvo que dar garantía para obtener el crédito (número de empresas)_Sí,Numeric,"12,15",0.0 - 999999999999.999999999999999
AJ_38_3_2,Características de los créditos de mayor monto aprobados a las empresas por instituciones financieras no bancarias 2020_Tuvo que dar garantía para obtener el crédito (número de empresas)_No,Numeric,"12,15",0.0 - 999999999999.999999999999999
AK_38_3_2,Características de los créditos de mayor monto aprobados a las empresas por instituciones financieras no bancarias 2020_Tipo de garantía que otorgó para obtener el crédito (número de empresas)_Ahorros o activos de dueños (as) o socios (as),Numeric,"12,15",0.0 - 999999999999.999999999999999
AL_38_3_2,Características de los créditos de mayor monto aprobados a las empresas por instituciones financieras no bancarias 2020_Tipo de garantía que otorgó para obtener el crédito (número de empresas)_Inventarios o activos de la empresa,Numeric,"12,15",0.0 - 999999999999.999999999999999
AM_38_3_2,Características de los créditos de mayor monto aprobados a las empresas por instituciones financieras no bancarias 2020_Tipo de garantía que otorgó para obtener el crédito (número de empresas)_Bienes inmuebles de la empresa,Numeric,"12,15",0.0 - 999999999999.999999999999999
AN_38_3_2,Características de los créditos de mayor monto aprobados a las empresas por instituciones financieras no bancarias 2020_Tipo de garantía que otorgó para obtener el crédito (número de empresas)_Cuentas por cobrar de la empresa,Numeric,"12,15",0.0 - 999999999999.999999999999999
AO_38_3_2,Características de los créditos de mayor monto aprobados a las empresas por instituciones financieras no bancarias 2020_Tipo de garantía que otorgó para obtener el crédito (número de empresas)_Aval de una institución gubernamental,Numeric,"12,15",0.0 - 999999999999.999999999999999
AP_38_3_2,Características de los créditos de mayor monto aprobados a las empresas por instituciones financieras no bancarias 2020_Tipo de garantía que otorgó para obtener el crédito (número de empresas)_Aval de un particular (familiar o amistades),Numeric,"12,15",0.0 - 999999999999.999999999999999
AQ_38_3_2,Características de los créditos de mayor monto aprobados a las empresas por instituciones financieras no bancarias 2020_Tipo de garantía que otorgó para obtener el crédito (número de empresas)_Otras,Numeric,"12,15",0.0 - 999999999999.999999999999999
AR_38_3_2,Características de los créditos de mayor monto aprobados a las empresas por instituciones financieras no bancarias 2020_Porcentaje promedio que la garantía representó con relación al crédito,Numeric,"12,15",0.0 - 999999999999.999999999999999
C_38_3_3,Características de los créditos de mayor monto aprobados a las empresas por instituciones financieras no bancarias 2019_Total de créditos,Numeric,"12,15",0.0 - 999999999999.999999999999999
D_38_3_3,Características de los créditos de mayor monto aprobados a las empresas por instituciones financieras no bancarias 2019_Motivo por el que acudió con esta fuente (número de empresas)_La sucursal está cerca,Numeric,"12,15",0.0 - 999999999999.999999999999999
E_38_3_3,Características de los créditos de mayor monto aprobados a las empresas por instituciones financieras no bancarias 2019_Motivo por el que acudió con esta fuente (número de empresas)_Las comisiones son bajas,Numeric,"12,15",0.0 - 999999999999.999999999999999
F_38_3_3,Características de los créditos de mayor monto aprobados a las empresas por instituciones financieras no bancarias 2019_Motivo por el que acudió con esta fuente (número de empresas)_La institución ya le ofrecía servicios adicionales,Numeric,"12,15",0.0 - 999999999999.999999999999999
G_38_3_3,Características de los créditos de mayor monto aprobados a las empresas por instituciones financieras no bancarias 2019_Motivo por el que acudió con esta fuente (número de empresas)_La institución ofrece una tasa de interés más baja,Numeric,"12,15",0.0 - 999999999999.999999999999999
H_38_3_3,Características de los créditos de mayor monto aprobados a las empresas por instituciones financieras no bancarias 2019_Motivo por el que acudió con esta fuente (número de empresas)_La institución ofrece una tasa de interés fija,Numeric,"12,15",0.0 - 999999999999.999999999999999
I_38_3_3,Características de los créditos de mayor monto aprobados a las empresas por instituciones financieras no bancarias 2019_Motivo por el que acudió con esta fuente (número de empresas)_La institución ofrece un pago mensual fijo,Numeric,"12,15",0.0 - 999999999999.999999999999999
J_38_3_3,Características de los créditos de mayor monto aprobados a las empresas por instituciones financieras no bancarias 2019_Motivo por el que acudió con esta fuente (número de empresas)_Esta institución pide menos requisitos que otras,Numeric,"12,15",0.0 - 999999999999.999999999999999
K_38_3_3,Características de los créditos de mayor monto aprobados a las empresas por instituciones financieras no bancarias 2019_Motivo por el que acudió con esta fuente (número de empresas)_Otro,Numeric,"12,15",0.0 - 999999999999.999999999999999
L_38_3_3,Características de los créditos de mayor monto aprobados a las empresas por instituciones financieras no bancarias 2019_Tipo de crédito aprobado (número de empresas)_No revolvente,Numeric,"12,15",0.0 - 999999999999.999999999999999
M_38_3_3,Características de los créditos de mayor monto aprobados a las empresas por instituciones financieras no bancarias 2019_Tipo de crédito aprobado (número de empresas)_Línea de crédito revolvente,Numeric,"12,15",0.0 - 999999999999.999999999999999
N_38_3_3,Características de los créditos de mayor monto aprobados a las empresas por instituciones financieras no bancarias 2019_Tipo de crédito aprobado (número de empresas)_Tarjetas de crédito,Numeric,"12,15",0.0 - 999999999999.999999999999999
O_38_3_3,Características de los créditos de mayor monto aprobados a las empresas por instituciones financieras no bancarias 2019_Porcentaje promedio aprobado del monto solicitado,Numeric,"12,15",0.0 - 999999999999.999999999999999
P_38_3_3,Características de los créditos de mayor monto aprobados a las empresas por instituciones financieras no bancarias 2019_Tasa promedio de interés anual del crédito aprobado,Numeric,"12,15",0.0 - 999999999999.999999999999999
Q_38_3_3,Características de los créditos de mayor monto aprobados a las empresas por instituciones financieras no bancarias 2019_Crédito aprobado a tasa de interés (número de empresas)_Empresas con crédito aprobado a tasa de interés fija,Numeric,"12,15",0.0 - 999999999999.999999999999999
R_38_3_3,Características de los créditos de mayor monto aprobados a las empresas por instituciones financieras no bancarias 2019_Crédito aprobado a tasa de interés (número de empresas)_Empresas con crédito aprobado a tasa de interés variable,Numeric,"12,15",0.0 - 999999999999.999999999999999
S_38_3_3,Características de los créditos de mayor monto aprobados a las empresas por instituciones financieras no bancarias 2019_Plazo promedio de vencimiento del crédito aprobado (meses),Numeric,"12,15",0.0 - 999999999999.999999999999999
T_38_3_3,Características de los créditos de mayor monto aprobados a las empresas por instituciones financieras no bancarias 2019_Porcentaje promedio de la comisión por apertura respecto del crédito aprobado,Numeric,"12,15",0.0 - 999999999999.999999999999999
U_38_3_3,Características de los créditos de mayor monto aprobados a las empresas por instituciones financieras no bancarias 2019_Uso principal que se le dio al crédito (número de empresas)_Abrir la empresa / iniciar operaciones,Numeric,"12,15",0.0 - 999999999999.999999999999999
V_38_3_3,Características de los créditos de mayor monto aprobados a las empresas por instituciones financieras no bancarias 2019_Uso principal que se le dio al crédito (número de empresas)_Expandir el negocio / abrir nuevas sucursales,Numeric,"12,15",0.0 - 999999999999.999999999999999
W_38_3_3,Características de los créditos de mayor monto aprobados a las empresas por instituciones financieras no bancarias 2019_Uso principal que se le dio al crédito (número de empresas)_Financiamiento de las operaciones diarias,Numeric,"12,15",0.0 - 999999999999.999999999999999
X_38_3_3,"Características de los créditos de mayor monto aprobados a las empresas por instituciones financieras no bancarias 2019_Uso principal que se le dio al crédito (número de empresas)_Compra de bienes de capital (vehículos, equipo, inmuebles)",Numeric,"12,15",0.0 - 999999999999.999999999999999
Y_38_3_3,Características de los créditos de mayor monto aprobados a las empresas por instituciones financieras no bancarias 2019_Uso principal que se le dio al crédito (número de empresas)_Pago de deudas / pago de compromisos financieros,Numeric,"12,15",0.0 - 999999999999.999999999999999
Z_38_3_3,Características de los créditos de mayor monto aprobados a las empresas por instituciones financieras no bancarias 2019_Uso principal que se le dio al crédito (número de empresas)_Pago de nómina,Numeric,"12,15",0.0 - 999999999999.999999999999999
AA_38_3_3,"Características de los créditos de mayor monto aprobados a las empresas por instituciones financieras no bancarias 2019_Uso principal que se le dio al crédito (número de empresas)_Pago de gastos fijos (renta de inmuebles, entre otros)",Numeric,"12,15",0.0 - 999999999999.999999999999999
AB_38_3_3,Características de los créditos de mayor monto aprobados a las empresas por instituciones financieras no bancarias 2019_Uso principal que se le dio al crédito (número de empresas)_Pago de impuestos,Numeric,"12,15",0.0 - 999999999999.999999999999999
AC_38_3_3,Características de los créditos de mayor monto aprobados a las empresas por instituciones financieras no bancarias 2019_Uso principal que se le dio al crédito (número de empresas)_Cubrir necesidades de liquidez,Numeric,"12,15",0.0 - 999999999999.999999999999999
AD_38_3_3,Características de los créditos de mayor monto aprobados a las empresas por instituciones financieras no bancarias 2019_Uso principal que se le dio al crédito (número de empresas)_Afrontar pérdidas de ejercicios fiscales anteriores,Numeric,"12,15",0.0 - 999999999999.999999999999999
AE_38_3_3,Características de los créditos de mayor monto aprobados a las empresas por instituciones financieras no bancarias 2019_Uso principal que se le dio al crédito (número de empresas)_Aún no se ha usado,Numeric,"12,15",0.0 - 999999999999.999999999999999
AF_38_3_3,Características de los créditos de mayor monto aprobados a las empresas por instituciones financieras no bancarias 2019_Uso principal que se le dio al crédito (número de empresas)_Otro,Numeric,"12,15",0.0 - 999999999999.999999999999999
AG_38_3_3,"Características de los créditos de mayor monto aprobados a las empresas por instituciones financieras no bancarias 2019_Producto financiero adicional contratado con la apertura del crédito (cheques, banca en línea , seguros, tarjetas, entre otros) (número de empresas) _Sí",Numeric,"12,15",0.0 - 999999999999.999999999999999
AH_38_3_3,"Características de los créditos de mayor monto aprobados a las empresas por instituciones financieras no bancarias 2019_Producto financiero adicional contratado con la apertura del crédito (cheques, banca en línea , seguros, tarjetas, entre otros) (número de empresas) _No",Numeric,"12,15",0.0 - 999999999999.999999999999999
AI_38_3_3,Características de los créditos de mayor monto aprobados a las empresas por instituciones financieras no bancarias 2019_Tuvo que dar garantía para obtener el crédito (número de empresas)_Sí,Numeric,"12,15",0.0 - 999999999999.999999999999999
AJ_38_3_3,Características de los créditos de mayor monto aprobados a las empresas por instituciones financieras no bancarias 2019_Tuvo que dar garantía para obtener el crédito (número de empresas)_No,Numeric,"12,15",0.0 - 999999999999.999999999999999
AK_38_3_3,Características de los créditos de mayor monto aprobados a las empresas por instituciones financieras no bancarias 2019_Tipo de garantía que otorgó para obtener el crédito (número de empresas)_Ahorros o activos de dueños (as) o socios (as),Numeric,"12,15",0.0 - 999999999999.999999999999999
AL_38_3_3,Características de los créditos de mayor monto aprobados a las empresas por instituciones financieras no bancarias 2019_Tipo de garantía que otorgó para obtener el crédito (número de empresas)_Inventarios o activos de la empresa,Numeric,"12,15",0.0 - 999999999999.999999999999999
AM_38_3_3,Características de los créditos de mayor monto aprobados a las empresas por instituciones financieras no bancarias 2019_Tipo de garantía que otorgó para obtener el crédito (número de empresas)_Bienes inmuebles de la empresa,Numeric,"12,15",0.0 - 999999999999.999999999999999
AN_38_3_3,Características de los créditos de mayor monto aprobados a las empresas por instituciones financieras no bancarias 2019_Tipo de garantía que otorgó para obtener el crédito (número de empresas)_Cuentas por cobrar de la empresa,Numeric,"12,15",0.0 - 999999999999.999999999999999
AO_38_3_3,Características de los créditos de mayor monto aprobados a las empresas por instituciones financieras no bancarias 2019_Tipo de garantía que otorgó para obtener el crédito (número de empresas)_Aval de una institución gubernamental,Numeric,"12,15",0.0 - 999999999999.999999999999999
AP_38_3_3,Características de los créditos de mayor monto aprobados a las empresas por instituciones financieras no bancarias 2019_Tipo de garantía que otorgó para obtener el crédito (número de empresas)_Aval de un particular (familiar o amistades),Numeric,"12,15",0.0 - 999999999999.999999999999999
AQ_38_3_3,Características de los créditos de mayor monto aprobados a las empresas por instituciones financieras no bancarias 2019_Tipo de garantía que otorgó para obtener el crédito (número de empresas)_Otras,Numeric,"12,15",0.0 - 999999999999.999999999999999
AR_38_3_3,Características de los créditos de mayor monto aprobados a las empresas por instituciones financieras no bancarias 2019_Porcentaje promedio que la garantía representó con relación al crédito,Numeric,"12,15",0.0 - 999999999999.999999999999999
C_38_4_1,"Características de los créditos de mayor monto aprobados a las empresas por programa del gobierno federal, estatal o municipal 2021 (al mes de la entrevista)_Total de créditos",Numeric,"12,15",0.0 - 999999999999.999999999999999
D_38_4_1,"Características de los créditos de mayor monto aprobados a las empresas por programa del gobierno federal, estatal o municipal 2021 (al mes de la entrevista)_Motivo por el que acudió con esta fuente (número de empresas)_La sucursal está cerca",Numeric,"12,15",0.0 - 999999999999.999999999999999
E_38_4_1,"Características de los créditos de mayor monto aprobados a las empresas por programa del gobierno federal, estatal o municipal 2021 (al mes de la entrevista)_Motivo por el que acudió con esta fuente (número de empresas)_Las comisiones son bajas",Numeric,"12,15",0.0 - 999999999999.999999999999999
F_38_4_1,"Características de los créditos de mayor monto aprobados a las empresas por programa del gobierno federal, estatal o municipal 2021 (al mes de la entrevista)_Motivo por el que acudió con esta fuente (número de empresas)_La institución ya le ofrecía servicios adicionales",Numeric,"12,15",0.0 - 999999999999.999999999999999
G_38_4_1,"Características de los créditos de mayor monto aprobados a las empresas por programa del gobierno federal, estatal o municipal 2021 (al mes de la entrevista)_Motivo por el que acudió con esta fuente (número de empresas)_La institución ofrece una tasa de interés más baja",Numeric,"12,15",0.0 - 999999999999.999999999999999
H_38_4_1,"Características de los créditos de mayor monto aprobados a las empresas por programa del gobierno federal, estatal o municipal 2021 (al mes de la entrevista)_Motivo por el que acudió con esta fuente (número de empresas)_La institución ofrece una tasa de interés fija",Numeric,"12,15",0.0 - 999999999999.999999999999999
I_38_4_1,"Características de los créditos de mayor monto aprobados a las empresas por programa del gobierno federal, estatal o municipal 2021 (al mes de la entrevista)_Motivo por el que acudió con esta fuente (número de empresas)_La institución ofrece un pago mensual fijo",Numeric,"12,15",0.0 - 999999999999.999999999999999
J_38_4_1,"Características de los créditos de mayor monto aprobados a las empresas por programa del gobierno federal, estatal o municipal 2021 (al mes de la entrevista)_Motivo por el que acudió con esta fuente (número de empresas)_Esta institución pide menos requisitos que otras",Numeric,"12,15",0.0 - 999999999999.999999999999999
K_38_4_1,"Características de los créditos de mayor monto aprobados a las empresas por programa del gobierno federal, estatal o municipal 2021 (al mes de la entrevista)_Motivo por el que acudió con esta fuente (número de empresas)_Otro",Numeric,"12,15",0.0 - 999999999999.999999999999999
L_38_4_1,"Características de los créditos de mayor monto aprobados a las empresas por programa del gobierno federal, estatal o municipal 2021 (al mes de la entrevista)_Tipo de crédito aprobado (número de empresas)_No revolvente",Numeric,"12,15",0.0 - 999999999999.999999999999999
M_38_4_1,"Características de los créditos de mayor monto aprobados a las empresas por programa del gobierno federal, estatal o municipal 2021 (al mes de la entrevista)_Tipo de crédito aprobado (número de empresas)_Línea de crédito revolvente",Numeric,"12,15",0.0 - 999999999999.999999999999999
N_38_4_1,"Características de los créditos de mayor monto aprobados a las empresas por programa del gobierno federal, estatal o municipal 2021 (al mes de la entrevista)_Tipo de crédito aprobado (número de empresas)_Tarjetas de crédito",Numeric,"12,15",0.0 - 999999999999.999999999999999
O_38_4_1,"Características de los créditos de mayor monto aprobados a las empresas por programa del gobierno federal, estatal o municipal 2021 (al mes de la entrevista)_Porcentaje promedio aprobado del monto solicitado",Numeric,"12,15",0.0 - 999999999999.999999999999999
P_38_4_1,"Características de los créditos de mayor monto aprobados a las empresas por programa del gobierno federal, estatal o municipal 2021 (al mes de la entrevista)_Tasa promedio de interés anual del crédito aprobado",Numeric,"12,15",0.0 - 999999999999.999999999999999
Q_38_4_1,"Características de los créditos de mayor monto aprobados a las empresas por programa del gobierno federal, estatal o municipal 2021 (al mes de la entrevista)_Crédito aprobado a tasa de interés (número de empresas)_Empresas con crédito aprobado a tasa de interés fija",Numeric,"12,15",0.0 - 999999999999.999999999999999
R_38_4_1,"Características de los créditos de mayor monto aprobados a las empresas por programa del gobierno federal, estatal o municipal 2021 (al mes de la entrevista)_Crédito aprobado a tasa de interés (número de empresas)_Empresas con crédito aprobado a tasa de interés variable",Numeric,"12,15",0.0 - 999999999999.999999999999999
S_38_4_1,"Características de los créditos de mayor monto aprobados a las empresas por programa del gobierno federal, estatal o municipal 2021 (al mes de la entrevista)_Plazo promedio de vencimiento del crédito aprobado (meses)",Numeric,"12,15",0.0 - 999999999999.999999999999999
T_38_4_1,"Características de los créditos de mayor monto aprobados a las empresas por programa del gobierno federal, estatal o municipal 2021 (al mes de la entrevista)_Porcentaje promedio de la comisión por apertura respecto del crédito aprobado",Numeric,"12,15",0.0 - 999999999999.999999999999999
U_38_4_1,"Características de los créditos de mayor monto aprobados a las empresas por programa del gobierno federal, estatal o municipal 2021 (al mes de la entrevista)_Uso principal que se le dio al crédito (número de empresas)_Abrir la empresa / iniciar operaciones",Numeric,"12,15",0.0 - 999999999999.999999999999999
V_38_4_1,"Características de los créditos de mayor monto aprobados a las empresas por programa del gobierno federal, estatal o municipal 2021 (al mes de la entrevista)_Uso principal que se le dio al crédito (número de empresas)_Expandir el negocio / abrir nuevas sucursales",Numeric,"12,15",0.0 - 999999999999.999999999999999
W_38_4_1,"Características de los créditos de mayor monto aprobados a las empresas por programa del gobierno federal, estatal o municipal 2021 (al mes de la entrevista)_Uso principal que se le dio al crédito (número de empresas)_Financiamiento de las operaciones diarias",Numeric,"12,15",0.0 - 999999999999.999999999999999
X_38_4_1,"Características de los créditos de mayor monto aprobados a las empresas por programa del gobierno federal, estatal o municipal 2021 (al mes de la entrevista)_Uso principal que se le dio al crédito (número de empresas)_Compra de bienes de capital (vehículos, equipo, inmuebles)",Numeric,"12,15",0.0 - 999999999999.999999999999999
Y_38_4_1,"Características de los créditos de mayor monto aprobados a las empresas por programa del gobierno federal, estatal o municipal 2021 (al mes de la entrevista)_Uso principal que se le dio al crédito (número de empresas)_Pago de deudas / pago de compromisos financieros",Numeric,"12,15",0.0 - 999999999999.999999999999999
Z_38_4_1,"Características de los créditos de mayor monto aprobados a las empresas por programa del gobierno federal, estatal o municipal 2021 (al mes de la entrevista)_Uso principal que se le dio al crédito (número de empresas)_Pago de nómina",Numeric,"12,15",0.0 - 999999999999.999999999999999
AA_38_4_1,"Características de los créditos de mayor monto aprobados a las empresas por programa del gobierno federal, estatal o municipal 2021 (al mes de la entrevista)_Uso principal que se le dio al crédito (número de empresas)_Pago de gastos fijos (renta de inmuebles, entre otros)",Numeric,"12,15",0.0 - 999999999999.999999999999999
AB_38_4_1,"Características de los créditos de mayor monto aprobados a las empresas por programa del gobierno federal, estatal o municipal 2021 (al mes de la entrevista)_Uso principal que se le dio al crédito (número de empresas)_Pago de impuestos",Numeric,"12,15",0.0 - 999999999999.999999999999999
AC_38_4_1,"Características de los créditos de mayor monto aprobados a las empresas por programa del gobierno federal, estatal o municipal 2021 (al mes de la entrevista)_Uso principal que se le dio al crédito (número de empresas)_Cubrir necesidades de liquidez",Numeric,"12,15",0.0 - 999999999999.999999999999999
AD_38_4_1,"Características de los créditos de mayor monto aprobados a las empresas por programa del gobierno federal, estatal o municipal 2021 (al mes de la entrevista)_Uso principal que se le dio al crédito (número de empresas)_Afrontar pérdidas de ejercicios fiscales anteriores",Numeric,"12,15",0.0 - 999999999999.999999999999999
AE_38_4_1,"Características de los créditos de mayor monto aprobados a las empresas por programa del gobierno federal, estatal o municipal 2021 (al mes de la entrevista)_Uso principal que se le dio al crédito (número de empresas)_Aún no se ha usado",Numeric,"12,15",0.0 - 999999999999.999999999999999
AF_38_4_1,"Características de los créditos de mayor monto aprobados a las empresas por programa del gobierno federal, estatal o municipal 2021 (al mes de la entrevista)_Uso principal que se le dio al crédito (número de empresas)_Otro",Numeric,"12,15",0.0 - 999999999999.999999999999999
AG_38_4_1,"Características de los créditos de mayor monto aprobados a las empresas por programa del gobierno federal, estatal o municipal 2021 (al mes de la entrevista)_Producto financiero adicional contratado con la apertura del crédito (cheques, banca en línea , seguros, tarjetas, entre otros) (número de empresas) _Sí",Numeric,"12,15",0.0 - 999999999999.999999999999999
AH_38_4_1,"Características de los créditos de mayor monto aprobados a las empresas por programa del gobierno federal, estatal o municipal 2021 (al mes de la entrevista)_Producto financiero adicional contratado con la apertura del crédito (cheques, banca en línea , seguros, tarjetas, entre otros) (número de empresas) _No",Numeric,"12,15",0.0 - 999999999999.999999999999999
AI_38_4_1,"Características de los créditos de mayor monto aprobados a las empresas por programa del gobierno federal, estatal o municipal 2021 (al mes de la entrevista)_Tuvo que dar garantía para obtener el crédito (número de empresas)_Sí",Numeric,"12,15",0.0 - 999999999999.999999999999999
AJ_38_4_1,"Características de los créditos de mayor monto aprobados a las empresas por programa del gobierno federal, estatal o municipal 2021 (al mes de la entrevista)_Tuvo que dar garantía para obtener el crédito (número de empresas)_No",Numeric,"12,15",0.0 - 999999999999.999999999999999
AK_38_4_1,"Características de los créditos de mayor monto aprobados a las empresas por programa del gobierno federal, estatal o municipal 2021 (al mes de la entrevista)_Tipo de garantía que otorgó para obtener el crédito (número de empresas)_Ahorros o activos de dueños (as) o socios (as)",Numeric,"12,15",0.0 - 999999999999.999999999999999
AL_38_4_1,"Características de los créditos de mayor monto aprobados a las empresas por programa del gobierno federal, estatal o municipal 2021 (al mes de la entrevista)_Tipo de garantía que otorgó para obtener el crédito (número de empresas)_Inventarios o activos de la empresa",Numeric,"12,15",0.0 - 999999999999.999999999999999
AM_38_4_1,"Características de los créditos de mayor monto aprobados a las empresas por programa del gobierno federal, estatal o municipal 2021 (al mes de la entrevista)_Tipo de garantía que otorgó para obtener el crédito (número de empresas)_Bienes inmuebles de la empresa",Numeric,"12,15",0.0 - 999999999999.999999999999999
AN_38_4_1,"Características de los créditos de mayor monto aprobados a las empresas por programa del gobierno federal, estatal o municipal 2021 (al mes de la entrevista)_Tipo de garantía que otorgó para obtener el crédito (número de empresas)_Cuentas por cobrar de la empresa",Numeric,"12,15",0.0 - 999999999999.999999999999999
AO_38_4_1,"Características de los créditos de mayor monto aprobados a las empresas por programa del gobierno federal, estatal o municipal 2021 (al mes de la entrevista)_Tipo de garantía que otorgó para obtener el crédito (número de empresas)_Aval de una institución gubernamental",Numeric,"12,15",0.0 - 999999999999.999999999999999
AP_38_4_1,"Características de los créditos de mayor monto aprobados a las empresas por programa del gobierno federal, estatal o municipal 2021 (al mes de la entrevista)_Tipo de garantía que otorgó para obtener el crédito (número de empresas)_Aval de un particular (familiar o amistades)",Numeric,"12,15",0.0 - 999999999999.999999999999999
AQ_38_4_1,"Características de los créditos de mayor monto aprobados a las empresas por programa del gobierno federal, estatal o municipal 2021 (al mes de la entrevista)_Tipo de garantía que otorgó para obtener el crédito (número de empresas)_Otras",Numeric,"12,15",0.0 - 999999999999.999999999999999
AR_38_4_1,"Características de los créditos de mayor monto aprobados a las empresas por programa del gobierno federal, estatal o municipal 2021 (al mes de la entrevista)_Porcentaje promedio que la garantía representó con relación al crédito",Numeric,"12,15",0.0 - 999999999999.999999999999999
C_38_4_2,"Características de los créditos de mayor monto aprobados a las empresas por programa del gobierno federal, estatal o municipal 2020_Total de créditos",Numeric,"12,15",0.0 - 999999999999.999999999999999
D_38_4_2,"Características de los créditos de mayor monto aprobados a las empresas por programa del gobierno federal, estatal o municipal 2020_Motivo por el que acudió con esta fuente (número de empresas)_La sucursal está cerca",Numeric,"12,15",0.0 - 999999999999.999999999999999
E_38_4_2,"Características de los créditos de mayor monto aprobados a las empresas por programa del gobierno federal, estatal o municipal 2020_Motivo por el que acudió con esta fuente (número de empresas)_Las comisiones son bajas",Numeric,"12,15",0.0 - 999999999999.999999999999999
F_38_4_2,"Características de los créditos de mayor monto aprobados a las empresas por programa del gobierno federal, estatal o municipal 2020_Motivo por el que acudió con esta fuente (número de empresas)_La institución ya le ofrecía servicios adicionales",Numeric,"12,15",0.0 - 999999999999.999999999999999
G_38_4_2,"Características de los créditos de mayor monto aprobados a las empresas por programa del gobierno federal, estatal o municipal 2020_Motivo por el que acudió con esta fuente (número de empresas)_La institución ofrece una tasa de interés más baja",Numeric,"12,15",0.0 - 999999999999.999999999999999
H_38_4_2,"Características de los créditos de mayor monto aprobados a las empresas por programa del gobierno federal, estatal o municipal 2020_Motivo por el que acudió con esta fuente (número de empresas)_La institución ofrece una tasa de interés fija",Numeric,"12,15",0.0 - 999999999999.999999999999999
I_38_4_2,"Características de los créditos de mayor monto aprobados a las empresas por programa del gobierno federal, estatal o municipal 2020_Motivo por el que acudió con esta fuente (número de empresas)_La institución ofrece un pago mensual fijo",Numeric,"12,15",0.0 - 999999999999.999999999999999
J_38_4_2,"Características de los créditos de mayor monto aprobados a las empresas por programa del gobierno federal, estatal o municipal 2020_Motivo por el que acudió con esta fuente (número de empresas)_Esta institución pide menos requisitos que otras",Numeric,"12,15",0.0 - 999999999999.999999999999999
K_38_4_2,"Características de los créditos de mayor monto aprobados a las empresas por programa del gobierno federal, estatal o municipal 2020_Motivo por el que acudió con esta fuente (número de empresas)_Otro",Numeric,"12,15",0.0 - 999999999999.999999999999999
L_38_4_2,"Características de los créditos de mayor monto aprobados a las empresas por programa del gobierno federal, estatal o municipal 2020_Tipo de crédito aprobado (número de empresas)_No revolvente",Numeric,"12,15",0.0 - 999999999999.999999999999999
M_38_4_2,"Características de los créditos de mayor monto aprobados a las empresas por programa del gobierno federal, estatal o municipal 2020_Tipo de crédito aprobado (número de empresas)_Línea de crédito revolvente",Numeric,"12,15",0.0 - 999999999999.999999999999999
N_38_4_2,"Características de los créditos de mayor monto aprobados a las empresas por programa del gobierno federal, estatal o municipal 2020_Tipo de crédito aprobado (número de empresas)_Tarjetas de crédito",Numeric,"12,15",0.0 - 999999999999.999999999999999
O_38_4_2,"Características de los créditos de mayor monto aprobados a las empresas por programa del gobierno federal, estatal o municipal 2020_Porcentaje promedio aprobado del monto solicitado",Numeric,"12,15",0.0 - 999999999999.999999999999999
P_38_4_2,"Características de los créditos de mayor monto aprobados a las empresas por programa del gobierno federal, estatal o municipal 2020_Tasa promedio de interés anual del crédito aprobado",Numeric,"12,15",0.0 - 999999999999.999999999999999
Q_38_4_2,"Características de los créditos de mayor monto aprobados a las empresas por programa del gobierno federal, estatal o municipal 2020_Crédito aprobado a tasa de interés (número de empresas)_Empresas con crédito aprobado a tasa de interés fija",Numeric,"12,15",0.0 - 999999999999.999999999999999
R_38_4_2,"Características de los créditos de mayor monto aprobados a las empresas por programa del gobierno federal, estatal o municipal 2020_Crédito aprobado a tasa de interés (número de empresas)_Empresas con crédito aprobado a tasa de interés variable",Numeric,"12,15",0.0 - 999999999999.999999999999999
S_38_4_2,"Características de los créditos de mayor monto aprobados a las empresas por programa del gobierno federal, estatal o municipal 2020_Plazo promedio de vencimiento del crédito aprobado (meses)",Numeric,"12,15",0.0 - 999999999999.999999999999999
T_38_4_2,"Características de los créditos de mayor monto aprobados a las empresas por programa del gobierno federal, estatal o municipal 2020_Porcentaje promedio de la comisión por apertura respecto del crédito aprobado",Numeric,"12,15",0.0 - 999999999999.999999999999999
U_38_4_2,"Características de los créditos de mayor monto aprobados a las empresas por programa del gobierno federal, estatal o municipal 2020_Uso principal que se le dio al crédito (número de empresas)_Abrir la empresa / iniciar operaciones",Numeric,"12,15",0.0 - 999999999999.999999999999999
V_38_4_2,"Características de los créditos de mayor monto aprobados a las empresas por programa del gobierno federal, estatal o municipal 2020_Uso principal que se le dio al crédito (número de empresas)_Expandir el negocio / abrir nuevas sucursales",Numeric,"12,15",0.0 - 999999999999.999999999999999
W_38_4_2,"Características de los créditos de mayor monto aprobados a las empresas por programa del gobierno federal, estatal o municipal 2020_Uso principal que se le dio al crédito (número de empresas)_Financiamiento de las operaciones diarias",Numeric,"12,15",0.0 - 999999999999.999999999999999
X_38_4_2,"Características de los créditos de mayor monto aprobados a las empresas por programa del gobierno federal, estatal o municipal 2020_Uso principal que se le dio al crédito (número de empresas)_Compra de bienes de capital (vehículos, equipo, inmuebles)",Numeric,"12,15",0.0 - 999999999999.999999999999999
Y_38_4_2,"Características de los créditos de mayor monto aprobados a las empresas por programa del gobierno federal, estatal o municipal 2020_Uso principal que se le dio al crédito (número de empresas)_Pago de deudas / pago de compromisos financieros",Numeric,"12,15",0.0 - 999999999999.999999999999999
Z_38_4_2,"Características de los créditos de mayor monto aprobados a las empresas por programa del gobierno federal, estatal o municipal 2020_Uso principal que se le dio al crédito (número de empresas)_Pago de nómina",Numeric,"12,15",0.0 - 999999999999.999999999999999
AA_38_4_2,"Características de los créditos de mayor monto aprobados a las empresas por programa del gobierno federal, estatal o municipal 2020_Uso principal que se le dio al crédito (número de empresas)_Pago de gastos fijos (renta de inmuebles, entre otros)",Numeric,"12,15",0.0 - 999999999999.999999999999999
AB_38_4_2,"Características de los créditos de mayor monto aprobados a las empresas por programa del gobierno federal, estatal o municipal 2020_Uso principal que se le dio al crédito (número de empresas)_Pago de impuestos",Numeric,"12,15",0.0 - 999999999999.999999999999999
AC_38_4_2,"Características de los créditos de mayor monto aprobados a las empresas por programa del gobierno federal, estatal o municipal 2020_Uso principal que se le dio al crédito (número de empresas)_Cubrir necesidades de liquidez",Numeric,"12,15",0.0 - 999999999999.999999999999999
AD_38_4_2,"Características de los créditos de mayor monto aprobados a las empresas por programa del gobierno federal, estatal o municipal 2020_Uso principal que se le dio al crédito (número de empresas)_Afrontar pérdidas de ejercicios fiscales anteriores",Numeric,"12,15",0.0 - 999999999999.999999999999999
AE_38_4_2,"Características de los créditos de mayor monto aprobados a las empresas por programa del gobierno federal, estatal o municipal 2020_Uso principal que se le dio al crédito (número de empresas)_Aún no se ha usado",Numeric,"12,15",0.0 - 999999999999.999999999999999
AF_38_4_2,"Características de los créditos de mayor monto aprobados a las empresas por programa del gobierno federal, estatal o municipal 2020_Uso principal que se le dio al crédito (número de empresas)_Otro",Numeric,"12,15",0.0 - 999999999999.999999999999999
AG_38_4_2,"Características de los créditos de mayor monto aprobados a las empresas por programa del gobierno federal, estatal o municipal 2020_Producto financiero adicional contratado con la apertura del crédito (cheques, banca en línea , seguros, tarjetas, entre otros) (número de empresas)_Sí",Numeric,"12,15",0.0 - 999999999999.999999999999999
AH_38_4_2,"Características de los créditos de mayor monto aprobados a las empresas por programa del gobierno federal, estatal o municipal 2020_Producto financiero adicional contratado con la apertura del crédito (cheques, banca en línea , seguros, tarjetas, entre otros) (número de empresas)_No",Numeric,"12,15",0.0 - 999999999999.999999999999999
AI_38_4_2,"Características de los créditos de mayor monto aprobados a las empresas por programa del gobierno federal, estatal o municipal 2020_Tuvo que dar garantía para obtener el crédito (número de empresas)_Sí",Numeric,"12,15",0.0 - 999999999999.999999999999999
AJ_38_4_2,"Características de los créditos de mayor monto aprobados a las empresas por programa del gobierno federal, estatal o municipal 2020_Tuvo que dar garantía para obtener el crédito (número de empresas)_No",Numeric,"12,15",0.0 - 999999999999.999999999999999
AK_38_4_2,"Características de los créditos de mayor monto aprobados a las empresas por programa del gobierno federal, estatal o municipal 2020_Tipo de garantía que otorgó para obtener el crédito (número de empresas)_Ahorros o activos de dueños (as) o socios (as)",Numeric,"12,15",0.0 - 999999999999.999999999999999
AL_38_4_2,"Características de los créditos de mayor monto aprobados a las empresas por programa del gobierno federal, estatal o municipal 2020_Tipo de garantía que otorgó para obtener el crédito (número de empresas)_Inventarios o activos de la empresa",Numeric,"12,15",0.0 - 999999999999.999999999999999
AM_38_4_2,"Características de los créditos de mayor monto aprobados a las empresas por programa del gobierno federal, estatal o municipal 2020_Tipo de garantía que otorgó para obtener el crédito (número de empresas)_Bienes inmuebles de la empresa",Numeric,"12,15",0.0 - 999999999999.999999999999999
AN_38_4_2,"Características de los créditos de mayor monto aprobados a las empresas por programa del gobierno federal, estatal o municipal 2020_Tipo de garantía que otorgó para obtener el crédito (número de empresas)_Cuentas por cobrar de la empresa",Numeric,"12,15",0.0 - 999999999999.999999999999999
AO_38_4_2,"Características de los créditos de mayor monto aprobados a las empresas por programa del gobierno federal, estatal o municipal 2020_Tipo de garantía que otorgó para obtener el crédito (número de empresas)_Aval de una institución gubernamental",Numeric,"12,15",0.0 - 999999999999.999999999999999
AP_38_4_2,"Características de los créditos de mayor monto aprobados a las empresas por programa del gobierno federal, estatal o municipal 2020_Tipo de garantía que otorgó para obtener el crédito (número de empresas)_Aval de un particular (familiar o amistades)",Numeric,"12,15",0.0 - 999999999999.999999999999999
AQ_38_4_2,"Características de los créditos de mayor monto aprobados a las empresas por programa del gobierno federal, estatal o municipal 2020_Tipo de garantía que otorgó para obtener el crédito (número de empresas)_Otras",Numeric,"12,15",0.0 - 999999999999.999999999999999
AR_38_4_2,"Características de los créditos de mayor monto aprobados a las empresas por programa del gobierno federal, estatal o municipal 2020_Porcentaje promedio que la garantía representó con relación al crédito",Numeric,"12,15",0.0 - 999999999999.999999999999999
C_38_4_3,"Características de los créditos de mayor monto aprobados a las empresas por programa del gobierno federal, estatal o municipal 2019_Total de créditos",Numeric,"12,15",0.0 - 999999999999.999999999999999
D_38_4_3,"Características de los créditos de mayor monto aprobados a las empresas por programa del gobierno federal, estatal o municipal 2019_Motivo por el que acudió con esta fuente (número de empresas)_La sucursal está cerca",Numeric,"12,15",0.0 - 999999999999.999999999999999
E_38_4_3,"Características de los créditos de mayor monto aprobados a las empresas por programa del gobierno federal, estatal o municipal 2019_Motivo por el que acudió con esta fuente (número de empresas)_Las comisiones son bajas",Numeric,"12,15",0.0 - 999999999999.999999999999999
F_38_4_3,"Características de los créditos de mayor monto aprobados a las empresas por programa del gobierno federal, estatal o municipal 2019_Motivo por el que acudió con esta fuente (número de empresas)_La institución ya le ofrecía servicios adicionales",Numeric,"12,15",0.0 - 999999999999.999999999999999
G_38_4_3,"Características de los créditos de mayor monto aprobados a las empresas por programa del gobierno federal, estatal o municipal 2019_Motivo por el que acudió con esta fuente (número de empresas)_La institución ofrece una tasa de interés más baja",Numeric,"12,15",0.0 - 999999999999.999999999999999
H_38_4_3,"Características de los créditos de mayor monto aprobados a las empresas por programa del gobierno federal, estatal o municipal 2019_Motivo por el que acudió con esta fuente (número de empresas)_La institución ofrece una tasa de interés fija",Numeric,"12,15",0.0 - 999999999999.999999999999999
I_38_4_3,"Características de los créditos de mayor monto aprobados a las empresas por programa del gobierno federal, estatal o municipal 2019_Motivo por el que acudió con esta fuente (número de empresas)_La institución ofrece un pago mensual fijo",Numeric,"12,15",0.0 - 999999999999.999999999999999
J_38_4_3,"Características de los créditos de mayor monto aprobados a las empresas por programa del gobierno federal, estatal o municipal 2019_Motivo por el que acudió con esta fuente (número de empresas)_Esta institución pide menos requisitos que otras",Numeric,"12,15",0.0 - 999999999999.999999999999999
K_38_4_3,"Características de los créditos de mayor monto aprobados a las empresas por programa del gobierno federal, estatal o municipal 2019_Motivo por el que acudió con esta fuente (número de empresas)_Otro",Numeric,"12,15",0.0 - 999999999999.999999999999999
L_38_4_3,"Características de los créditos de mayor monto aprobados a las empresas por programa del gobierno federal, estatal o municipal 2019_Tipo de crédito aprobado (número de empresas)_No revolvente",Numeric,"12,15",0.0 - 999999999999.999999999999999
M_38_4_3,"Características de los créditos de mayor monto aprobados a las empresas por programa del gobierno federal, estatal o municipal 2019_Tipo de crédito aprobado (número de empresas)_Línea de crédito revolvente",Numeric,"12,15",0.0 - 999999999999.999999999999999
N_38_4_3,"Características de los créditos de mayor monto aprobados a las empresas por programa del gobierno federal, estatal o municipal 2019_Tipo de crédito aprobado (número de empresas)_Tarjetas de crédito",Numeric,"12,15",0.0 - 999999999999.999999999999999
O_38_4_3,"Características de los créditos de mayor monto aprobados a las empresas por programa del gobierno federal, estatal o municipal 2019_Porcentaje promedio aprobado del monto solicitado",Numeric,"12,15",0.0 - 999999999999.999999999999999
P_38_4_3,"Características de los créditos de mayor monto aprobados a las empresas por programa del gobierno federal, estatal o municipal 2019_Tasa promedio de interés anual del crédito aprobado",Numeric,"12,15",0.0 - 999999999999.999999999999999
Q_38_4_3,"Características de los créditos de mayor monto aprobados a las empresas por programa del gobierno federal, estatal o municipal 2019_Crédito aprobado a tasa de interés (número de empresas)_Empresas con crédito aprobado a tasa de interés fija",Numeric,"12,15",0.0 - 999999999999.999999999999999
R_38_4_3,"Características de los créditos de mayor monto aprobados a las empresas por programa del gobierno federal, estatal o municipal 2019_Crédito aprobado a tasa de interés (número de empresas)_Empresas con crédito aprobado a tasa de interés variable",Numeric,"12,15",0.0 - 999999999999.999999999999999
S_38_4_3,"Características de los créditos de mayor monto aprobados a las empresas por programa del gobierno federal, estatal o municipal 2019_Plazo promedio de vencimiento del crédito aprobado (meses)",Numeric,"12,15",0.0 - 999999999999.999999999999999
T_38_4_3,"Características de los créditos de mayor monto aprobados a las empresas por programa del gobierno federal, estatal o municipal 2019_Porcentaje promedio de la comisión por apertura respecto del crédito aprobado",Numeric,"12,15",0.0 - 999999999999.999999999999999
U_38_4_3,"Características de los créditos de mayor monto aprobados a las empresas por programa del gobierno federal, estatal o municipal 2019_Uso principal que se le dio al crédito (número de empresas)_Abrir la empresa / iniciar operaciones",Numeric,"12,15",0.0 - 999999999999.999999999999999
V_38_4_3,"Características de los créditos de mayor monto aprobados a las empresas por programa del gobierno federal, estatal o municipal 2019_Uso principal que se le dio al crédito (número de empresas)_Expandir el negocio / abrir nuevas sucursales",Numeric,"12,15",0.0 - 999999999999.999999999999999
W_38_4_3,"Características de los créditos de mayor monto aprobados a las empresas por programa del gobierno federal, estatal o municipal 2019_Uso principal que se le dio al crédito (número de empresas)_Financiamiento de las operaciones diarias",Numeric,"12,15",0.0 - 999999999999.999999999999999
X_38_4_3,"Características de los créditos de mayor monto aprobados a las empresas por programa del gobierno federal, estatal o municipal 2019_Uso principal que se le dio al crédito (número de empresas)_Compra de bienes de capital (vehículos, equipo, inmuebles)",Numeric,"12,15",0.0 - 999999999999.999999999999999
Y_38_4_3,"Características de los créditos de mayor monto aprobados a las empresas por programa del gobierno federal, estatal o municipal 2019_Uso principal que se le dio al crédito (número de empresas)_Pago de deudas / pago de compromisos financieros",Numeric,"12,15",0.0 - 999999999999.999999999999999
Z_38_4_3,"Características de los créditos de mayor monto aprobados a las empresas por programa del gobierno federal, estatal o municipal 2019_Uso principal que se le dio al crédito (número de empresas)_Pago de nómina",Numeric,"12,15",0.0 - 999999999999.999999999999999
AA_38_4_3,"Características de los créditos de mayor monto aprobados a las empresas por programa del gobierno federal, estatal o municipal 2019_Uso principal que se le dio al crédito (número de empresas)_Pago de gastos fijos (renta de inmuebles, entre otros)",Numeric,"12,15",0.0 - 999999999999.999999999999999
AB_38_4_3,"Características de los créditos de mayor monto aprobados a las empresas por programa del gobierno federal, estatal o municipal 2019_Uso principal que se le dio al crédito (número de empresas)_Pago de impuestos",Numeric,"12,15",0.0 - 999999999999.999999999999999
AC_38_4_3,"Características de los créditos de mayor monto aprobados a las empresas por programa del gobierno federal, estatal o municipal 2019_Uso principal que se le dio al crédito (número de empresas)_Cubrir necesidades de liquidez",Numeric,"12,15",0.0 - 999999999999.999999999999999
AD_38_4_3,"Características de los créditos de mayor monto aprobados a las empresas por programa del gobierno federal, estatal o municipal 2019_Uso principal que se le dio al crédito (número de empresas)_Afrontar pérdidas de ejercicios fiscales anteriores",Numeric,"12,15",0.0 - 999999999999.999999999999999
AE_38_4_3,"Características de los créditos de mayor monto aprobados a las empresas por programa del gobierno federal, estatal o municipal 2019_Uso principal que se le dio al crédito (número de empresas)_Aún no se ha usado",Numeric,"12,15",0.0 - 999999999999.999999999999999
AF_38_4_3,"Características de los créditos de mayor monto aprobados a las empresas por programa del gobierno federal, estatal o municipal 2019_Uso principal que se le dio al crédito (número de empresas)_Otro",Numeric,"12,15",0.0 - 999999999999.999999999999999
AG_38_4_3,"Características de los créditos de mayor monto aprobados a las empresas por programa del gobierno federal, estatal o municipal 2019_Producto financiero adicional contratado con la apertura del crédito (cheques, banca en línea , seguros, tarjetas, entre otros) (número de empresas) _Sí",Numeric,"12,15",0.0 - 999999999999.999999999999999
AH_38_4_3,"Características de los créditos de mayor monto aprobados a las empresas por programa del gobierno federal, estatal o municipal 2019_Producto financiero adicional contratado con la apertura del crédito (cheques, banca en línea , seguros, tarjetas, entre otros) (número de empresas) _No",Numeric,"12,15",0.0 - 999999999999.999999999999999
AI_38_4_3,"Características de los créditos de mayor monto aprobados a las empresas por programa del gobierno federal, estatal o municipal 2019_Tuvo que dar garantía para obtener el crédito (número de empresas)_Sí",Numeric,"12,15",0.0 - 999999999999.999999999999999
AJ_38_4_3,"Características de los créditos de mayor monto aprobados a las empresas por programa del gobierno federal, estatal o municipal 2019_Tuvo que dar garantía para obtener el crédito (número de empresas)_No",Numeric,"12,15",0.0 - 999999999999.999999999999999
AK_38_4_3,"Características de los créditos de mayor monto aprobados a las empresas por programa del gobierno federal, estatal o municipal 2019_Tipo de garantía que otorgó para obtener el crédito (número de empresas)_Ahorros o activos de dueños (as) o socios (as)",Numeric,"12,15",0.0 - 999999999999.999999999999999
AL_38_4_3,"Características de los créditos de mayor monto aprobados a las empresas por programa del gobierno federal, estatal o municipal 2019_Tipo de garantía que otorgó para obtener el crédito (número de empresas)_Inventarios o activos de la empresa",Numeric,"12,15",0.0 - 999999999999.999999999999999
AM_38_4_3,"Características de los créditos de mayor monto aprobados a las empresas por programa del gobierno federal, estatal o municipal 2019_Tipo de garantía que otorgó para obtener el crédito (número de empresas)_Bienes inmuebles de la empresa",Numeric,"12,15",0.0 - 999999999999.999999999999999
AN_38_4_3,"Características de los créditos de mayor monto aprobados a las empresas por programa del gobierno federal, estatal o municipal 2019_Tipo de garantía que otorgó para obtener el crédito (número de empresas)_Cuentas por cobrar de la empresa",Numeric,"12,15",0.0 - 999999999999.999999999999999
AO_38_4_3,"Características de los créditos de mayor monto aprobados a las empresas por programa del gobierno federal, estatal o municipal 2019_Tipo de garantía que otorgó para obtener el crédito (número de empresas)_Aval de una institución gubernamental",Numeric,"12,15",0.0 - 999999999999.999999999999999
AP_38_4_3,"Características de los créditos de mayor monto aprobados a las empresas por programa del gobierno federal, estatal o municipal 2019_Tipo de garantía que otorgó para obtener el crédito (número de empresas)_Aval de un particular (familiar o amistades)",Numeric,"12,15",0.0 - 999999999999.999999999999999
AQ_38_4_3,"Características de los créditos de mayor monto aprobados a las empresas por programa del gobierno federal, estatal o municipal 2019_Tipo de garantía que otorgó para obtener el crédito (número de empresas)_Otras",Numeric,"12,15",0.0 - 999999999999.999999999999999
AR_38_4_3,"Características de los créditos de mayor monto aprobados a las empresas por programa del gobierno federal, estatal o municipal 2019_Porcentaje promedio que la garantía representó con relación al crédito",Numeric,"12,15",0.0 - 999999999999.999999999999999
C_38_5_1,Características de los créditos de mayor monto aprobados a las empresas por proveedores 2021 (al mes de la entrevista)_Total de créditos,Numeric,"12,15",0.0 - 999999999999.999999999999999
D_38_5_1,Características de los créditos de mayor monto aprobados a las empresas por proveedores 2021 (al mes de la entrevista)_Motivo por el que acudió con esta fuente (número de empresas)_La sucursal está cerca,Numeric,"12,15",0.0 - 999999999999.999999999999999
E_38_5_1,Características de los créditos de mayor monto aprobados a las empresas por proveedores 2021 (al mes de la entrevista)_Motivo por el que acudió con esta fuente (número de empresas)_Las comisiones son bajas,Numeric,"12,15",0.0 - 999999999999.999999999999999
F_38_5_1,Características de los créditos de mayor monto aprobados a las empresas por proveedores 2021 (al mes de la entrevista)_Motivo por el que acudió con esta fuente (número de empresas)_La institución ya le ofrecía servicios adicionales,Numeric,"12,15",0.0 - 999999999999.999999999999999
G_38_5_1,Características de los créditos de mayor monto aprobados a las empresas por proveedores 2021 (al mes de la entrevista)_Motivo por el que acudió con esta fuente (número de empresas)_La institución ofrece una tasa de interés más baja,Numeric,"12,15",0.0 - 999999999999.999999999999999
H_38_5_1,Características de los créditos de mayor monto aprobados a las empresas por proveedores 2021 (al mes de la entrevista)_Motivo por el que acudió con esta fuente (número de empresas)_La institución ofrece una tasa de interés fija,Numeric,"12,15",0.0 - 999999999999.999999999999999
I_38_5_1,Características de los créditos de mayor monto aprobados a las empresas por proveedores 2021 (al mes de la entrevista)_Motivo por el que acudió con esta fuente (número de empresas)_La institución ofrece un pago mensual fijo,Numeric,"12,15",0.0 - 999999999999.999999999999999
J_38_5_1,Características de los créditos de mayor monto aprobados a las empresas por proveedores 2021 (al mes de la entrevista)_Motivo por el que acudió con esta fuente (número de empresas)_Esta institución pide menos requisitos que otras,Numeric,"12,15",0.0 - 999999999999.999999999999999
K_38_5_1,Características de los créditos de mayor monto aprobados a las empresas por proveedores 2021 (al mes de la entrevista)_Motivo por el que acudió con esta fuente (número de empresas)_Otro,Numeric,"12,15",0.0 - 999999999999.999999999999999
L_38_5_1,Características de los créditos de mayor monto aprobados a las empresas por proveedores 2021 (al mes de la entrevista)_Tipo de crédito aprobado (número de empresas)_No revolvente,Numeric,"12,15",0.0 - 999999999999.999999999999999
M_38_5_1,Características de los créditos de mayor monto aprobados a las empresas por proveedores 2021 (al mes de la entrevista)_Tipo de crédito aprobado (número de empresas)_Línea de crédito revolvente,Numeric,"12,15",0.0 - 999999999999.999999999999999
N_38_5_1,Características de los créditos de mayor monto aprobados a las empresas por proveedores 2021 (al mes de la entrevista)_Tipo de crédito aprobado (número de empresas)_Tarjetas de crédito,Numeric,"12,15",0.0 - 999999999999.999999999999999
O_38_5_1,Características de los créditos de mayor monto aprobados a las empresas por proveedores 2021 (al mes de la entrevista)_Porcentaje promedio aprobado del monto solicitado,Numeric,"12,15",0.0 - 999999999999.999999999999999
P_38_5_1,Características de los créditos de mayor monto aprobados a las empresas por proveedores 2021 (al mes de la entrevista)_Tasa promedio de interés anual del crédito aprobado,Numeric,"12,15",0.0 - 999999999999.999999999999999
Q_38_5_1,Características de los créditos de mayor monto aprobados a las empresas por proveedores 2021 (al mes de la entrevista)_Crédito aprobado a tasa de interés (número de empresas)_Empresas con crédito aprobado a tasa de interés fija,Numeric,"12,15",0.0 - 999999999999.999999999999999
R_38_5_1,Características de los créditos de mayor monto aprobados a las empresas por proveedores 2021 (al mes de la entrevista)_Crédito aprobado a tasa de interés (número de empresas)_Empresas con crédito aprobado a tasa de interés variable,Numeric,"12,15",0.0 - 999999999999.999999999999999
S_38_5_1,Características de los créditos de mayor monto aprobados a las empresas por proveedores 2021 (al mes de la entrevista)_Plazo promedio de vencimiento del crédito aprobado (meses),Numeric,"12,15",0.0 - 999999999999.999999999999999
T_38_5_1,Características de los créditos de mayor monto aprobados a las empresas por proveedores 2021 (al mes de la entrevista)_Porcentaje promedio de la comisión por apertura respecto del crédito aprobado,Numeric,"12,15",0.0 - 999999999999.999999999999999
U_38_5_1,Características de los créditos de mayor monto aprobados a las empresas por proveedores 2021 (al mes de la entrevista)_Uso principal que se le dio al crédito (número de empresas)_Abrir la empresa / iniciar operaciones,Numeric,"12,15",0.0 - 999999999999.999999999999999
V_38_5_1,Características de los créditos de mayor monto aprobados a las empresas por proveedores 2021 (al mes de la entrevista)_Uso principal que se le dio al crédito (número de empresas)_Expandir el negocio / abrir nuevas sucursales,Numeric,"12,15",0.0 - 999999999999.999999999999999
W_38_5_1,Características de los créditos de mayor monto aprobados a las empresas por proveedores 2021 (al mes de la entrevista)_Uso principal que se le dio al crédito (número de empresas)_Financiamiento de las operaciones diarias,Numeric,"12,15",0.0 - 999999999999.999999999999999
X_38_5_1,"Características de los créditos de mayor monto aprobados a las empresas por proveedores 2021 (al mes de la entrevista)_Uso principal que se le dio al crédito (número de empresas)_Compra de bienes de capital (vehículos, equipo, inmuebles)",Numeric,"12,15",0.0 - 999999999999.999999999999999
Y_38_5_1,Características de los créditos de mayor monto aprobados a las empresas por proveedores 2021 (al mes de la entrevista)_Uso principal que se le dio al crédito (número de empresas)_Pago de deudas / pago de compromisos financieros,Numeric,"12,15",0.0 - 999999999999.999999999999999
Z_38_5_1,Características de los créditos de mayor monto aprobados a las empresas por proveedores 2021 (al mes de la entrevista)_Uso principal que se le dio al crédito (número de empresas)_Pago de nómina,Numeric,"12,15",0.0 - 999999999999.999999999999999
AA_38_5_1,"Características de los créditos de mayor monto aprobados a las empresas por proveedores 2021 (al mes de la entrevista)_Uso principal que se le dio al crédito (número de empresas)_Pago de gastos fijos (renta de inmuebles, entre otros)",Numeric,"12,15",0.0 - 999999999999.999999999999999
AB_38_5_1,Características de los créditos de mayor monto aprobados a las empresas por proveedores 2021 (al mes de la entrevista)_Uso principal que se le dio al crédito (número de empresas)_Pago de impuestos,Numeric,"12,15",0.0 - 999999999999.999999999999999
AC_38_5_1,Características de los créditos de mayor monto aprobados a las empresas por proveedores 2021 (al mes de la entrevista)_Uso principal que se le dio al crédito (número de empresas)_Cubrir necesidades de liquidez,Numeric,"12,15",0.0 - 999999999999.999999999999999
AD_38_5_1,Características de los créditos de mayor monto aprobados a las empresas por proveedores 2021 (al mes de la entrevista)_Uso principal que se le dio al crédito (número de empresas)_Afrontar pérdidas de ejercicios fiscales anteriores,Numeric,"12,15",0.0 - 999999999999.999999999999999
AE_38_5_1,Características de los créditos de mayor monto aprobados a las empresas por proveedores 2021 (al mes de la entrevista)_Uso principal que se le dio al crédito (número de empresas)_Aún no se ha usado,Numeric,"12,15",0.0 - 999999999999.999999999999999
AF_38_5_1,Características de los créditos de mayor monto aprobados a las empresas por proveedores 2021 (al mes de la entrevista)_Uso principal que se le dio al crédito (número de empresas)_Otro,Numeric,"12,15",0.0 - 999999999999.999999999999999
AG_38_5_1,"Características de los créditos de mayor monto aprobados a las empresas por proveedores 2021 (al mes de la entrevista)_Producto financiero adicional contratado con la apertura del crédito (cheques, banca en línea , seguros, tarjetas, entre otros) (número de empresas) _Sí",Numeric,"12,15",0.0 - 999999999999.999999999999999
AH_38_5_1,"Características de los créditos de mayor monto aprobados a las empresas por proveedores 2021 (al mes de la entrevista)_Producto financiero adicional contratado con la apertura del crédito (cheques, banca en línea , seguros, tarjetas, entre otros) (número de empresas) _No",Numeric,"12,15",0.0 - 999999999999.999999999999999
AI_38_5_1,Características de los créditos de mayor monto aprobados a las empresas por proveedores 2021 (al mes de la entrevista)_Tuvo que dar garantía para obtener el crédito (número de empresas)_Sí,Numeric,"12,15",0.0 - 999999999999.999999999999999
AJ_38_5_1,Características de los créditos de mayor monto aprobados a las empresas por proveedores 2021 (al mes de la entrevista)_Tuvo que dar garantía para obtener el crédito (número de empresas)_No,Numeric,"12,15",0.0 - 999999999999.999999999999999
AK_38_5_1,Características de los créditos de mayor monto aprobados a las empresas por proveedores 2021 (al mes de la entrevista)_Tipo de garantía que otorgó para obtener el crédito (número de empresas)_Ahorros o activos de dueños (as) o socios (as),Numeric,"12,15",0.0 - 999999999999.999999999999999
AL_38_5_1,Características de los créditos de mayor monto aprobados a las empresas por proveedores 2021 (al mes de la entrevista)_Tipo de garantía que otorgó para obtener el crédito (número de empresas)_Inventarios o activos de la empresa,Numeric,"12,15",0.0 - 999999999999.999999999999999
AM_38_5_1,Características de los créditos de mayor monto aprobados a las empresas por proveedores 2021 (al mes de la entrevista)_Tipo de garantía que otorgó para obtener el crédito (número de empresas)_Bienes inmuebles de la empresa,Numeric,"12,15",0.0 - 999999999999.999999999999999
AN_38_5_1,Características de los créditos de mayor monto aprobados a las empresas por proveedores 2021 (al mes de la entrevista)_Tipo de garantía que otorgó para obtener el crédito (número de empresas)_Cuentas por cobrar de la empresa,Numeric,"12,15",0.0 - 999999999999.999999999999999
AO_38_5_1,Características de los créditos de mayor monto aprobados a las empresas por proveedores 2021 (al mes de la entrevista)_Tipo de garantía que otorgó para obtener el crédito (número de empresas)_Aval de una institución gubernamental,Numeric,"12,15",0.0 - 999999999999.999999999999999
AP_38_5_1,Características de los créditos de mayor monto aprobados a las empresas por proveedores 2021 (al mes de la entrevista)_Tipo de garantía que otorgó para obtener el crédito (número de empresas)_Aval de un particular (familiar o amistades),Numeric,"12,15",0.0 - 999999999999.999999999999999
AQ_38_5_1,Características de los créditos de mayor monto aprobados a las empresas por proveedores 2021 (al mes de la entrevista)_Tipo de garantía que otorgó para obtener el crédito (número de empresas)_Otras,Numeric,"12,15",0.0 - 999999999999.999999999999999
AR_38_5_1,Características de los créditos de mayor monto aprobados a las empresas por proveedores 2021 (al mes de la entrevista)_Porcentaje promedio que la garantía representó con relación al crédito,Numeric,"12,15",0.0 - 999999999999.999999999999999
C_38_5_2,Características de los créditos de mayor monto aprobados a las empresas por proveedores 2020_Total de créditos,Numeric,"12,15",0.0 - 999999999999.999999999999999
D_38_5_2,Características de los créditos de mayor monto aprobados a las empresas por proveedores 2020_Motivo por el que acudió con esta fuente (número de empresas)_La sucursal está cerca,Numeric,"12,15",0.0 - 999999999999.999999999999999
E_38_5_2,Características de los créditos de mayor monto aprobados a las empresas por proveedores 2020_Motivo por el que acudió con esta fuente (número de empresas)_Las comisiones son bajas,Numeric,"12,15",0.0 - 999999999999.999999999999999
F_38_5_2,Características de los créditos de mayor monto aprobados a las empresas por proveedores 2020_Motivo por el que acudió con esta fuente (número de empresas)_La institución ya le ofrecía servicios adicionales,Numeric,"12,15",0.0 - 999999999999.999999999999999
G_38_5_2,Características de los créditos de mayor monto aprobados a las empresas por proveedores 2020_Motivo por el que acudió con esta fuente (número de empresas)_La institución ofrece una tasa de interés más baja,Numeric,"12,15",0.0 - 999999999999.999999999999999
H_38_5_2,Características de los créditos de mayor monto aprobados a las empresas por proveedores 2020_Motivo por el que acudió con esta fuente (número de empresas)_La institución ofrece una tasa de interés fija,Numeric,"12,15",0.0 - 999999999999.999999999999999
I_38_5_2,Características de los créditos de mayor monto aprobados a las empresas por proveedores 2020_Motivo por el que acudió con esta fuente (número de empresas)_La institución ofrece un pago mensual fijo,Numeric,"12,15",0.0 - 999999999999.999999999999999
J_38_5_2,Características de los créditos de mayor monto aprobados a las empresas por proveedores 2020_Motivo por el que acudió con esta fuente (número de empresas)_Esta institución pide menos requisitos que otras,Numeric,"12,15",0.0 - 999999999999.999999999999999
K_38_5_2,Características de los créditos de mayor monto aprobados a las empresas por proveedores 2020_Motivo por el que acudió con esta fuente (número de empresas)_Otro,Numeric,"12,15",0.0 - 999999999999.999999999999999
L_38_5_2,Características de los créditos de mayor monto aprobados a las empresas por proveedores 2020_Tipo de crédito aprobado (número de empresas)_No revolvente,Numeric,"12,15",0.0 - 999999999999.999999999999999
M_38_5_2,Características de los créditos de mayor monto aprobados a las empresas por proveedores 2020_Tipo de crédito aprobado (número de empresas)_Línea de crédito revolvente,Numeric,"12,15",0.0 - 999999999999.999999999999999
N_38_5_2,Características de los créditos de mayor monto aprobados a las empresas por proveedores 2020_Tipo de crédito aprobado (número de empresas)_Tarjetas de crédito,Numeric,"12,15",0.0 - 999999999999.999999999999999
O_38_5_2,Características de los créditos de mayor monto aprobados a las empresas por proveedores 2020_Porcentaje promedio aprobado del monto solicitado,Numeric,"12,15",0.0 - 999999999999.999999999999999
P_38_5_2,Características de los créditos de mayor monto aprobados a las empresas por proveedores 2020_Tasa promedio de interés anual del crédito aprobado,Numeric,"12,15",0.0 - 999999999999.999999999999999
Q_38_5_2,Características de los créditos de mayor monto aprobados a las empresas por proveedores 2020_Crédito aprobado a tasa de interés (número de empresas)_Empresas con crédito aprobado a tasa de interés fija,Numeric,"12,15",0.0 - 999999999999.999999999999999
R_38_5_2,Características de los créditos de mayor monto aprobados a las empresas por proveedores 2020_Crédito aprobado a tasa de interés (número de empresas)_Empresas con crédito aprobado a tasa de interés variable,Numeric,"12,15",0.0 - 999999999999.999999999999999
S_38_5_2,Características de los créditos de mayor monto aprobados a las empresas por proveedores 2020_Plazo promedio de vencimiento del crédito aprobado (meses),Numeric,"12,15",0.0 - 999999999999.999999999999999
T_38_5_2,Características de los créditos de mayor monto aprobados a las empresas por proveedores 2020_Porcentaje promedio de la comisión por apertura respecto del crédito aprobado,Numeric,"12,15",0.0 - 999999999999.999999999999999
U_38_5_2,Características de los créditos de mayor monto aprobados a las empresas por proveedores 2020_Uso principal que se le dio al crédito (número de empresas)_Abrir la empresa / iniciar operaciones,Numeric,"12,15",0.0 - 999999999999.999999999999999
V_38_5_2,Características de los créditos de mayor monto aprobados a las empresas por proveedores 2020_Uso principal que se le dio al crédito (número de empresas)_Expandir el negocio / abrir nuevas sucursales,Numeric,"12,15",0.0 - 999999999999.999999999999999
W_38_5_2,Características de los créditos de mayor monto aprobados a las empresas por proveedores 2020_Uso principal que se le dio al crédito (número de empresas)_Financiamiento de las operaciones diarias,Numeric,"12,15",0.0 - 999999999999.999999999999999
X_38_5_2,"Características de los créditos de mayor monto aprobados a las empresas por proveedores 2020_Uso principal que se le dio al crédito (número de empresas)_Compra de bienes de capital (vehículos, equipo, inmuebles)",Numeric,"12,15",0.0 - 999999999999.999999999999999
Y_38_5_2,Características de los créditos de mayor monto aprobados a las empresas por proveedores 2020_Uso principal que se le dio al crédito (número de empresas)_Pago de deudas / pago de compromisos financieros,Numeric,"12,15",0.0 - 999999999999.999999999999999
Z_38_5_2,Características de los créditos de mayor monto aprobados a las empresas por proveedores 2020_Uso principal que se le dio al crédito (número de empresas)_Pago de nómina,Numeric,"12,15",0.0 - 999999999999.999999999999999
AA_38_5_2,"Características de los créditos de mayor monto aprobados a las empresas por proveedores 2020_Uso principal que se le dio al crédito (número de empresas)_Pago de gastos fijos (renta de inmuebles, entre otros)",Numeric,"12,15",0.0 - 999999999999.999999999999999
AB_38_5_2,Características de los créditos de mayor monto aprobados a las empresas por proveedores 2020_Uso principal que se le dio al crédito (número de empresas)_Pago de impuestos,Numeric,"12,15",0.0 - 999999999999.999999999999999
AC_38_5_2,Características de los créditos de mayor monto aprobados a las empresas por proveedores 2020_Uso principal que se le dio al crédito (número de empresas)_Cubrir necesidades de liquidez,Numeric,"12,15",0.0 - 999999999999.999999999999999
AD_38_5_2,Características de los créditos de mayor monto aprobados a las empresas por proveedores 2020_Uso principal que se le dio al crédito (número de empresas)_Afrontar pérdidas de ejercicios fiscales anteriores,Numeric,"12,15",0.0 - 999999999999.999999999999999
AE_38_5_2,Características de los créditos de mayor monto aprobados a las empresas por proveedores 2020_Uso principal que se le dio al crédito (número de empresas)_Aún no se ha usado,Numeric,"12,15",0.0 - 999999999999.999999999999999
AF_38_5_2,Características de los créditos de mayor monto aprobados a las empresas por proveedores 2020_Uso principal que se le dio al crédito (número de empresas)_Otro,Numeric,"12,15",0.0 - 999999999999.999999999999999
AG_38_5_2,"Características de los créditos de mayor monto aprobados a las empresas por proveedores 2020_Producto financiero adicional contratado con la apertura del crédito (cheques, banca en línea , seguros, tarjetas, entre otros) (número de empresas) _Sí",Numeric,"12,15",0.0 - 999999999999.999999999999999
AH_38_5_2,"Características de los créditos de mayor monto aprobados a las empresas por proveedores 2020_Producto financiero adicional contratado con la apertura del crédito (cheques, banca en línea , seguros, tarjetas, entre otros) (número de empresas) _No",Numeric,"12,15",0.0 - 999999999999.999999999999999
AI_38_5_2,Características de los créditos de mayor monto aprobados a las empresas por proveedores 2020_Tuvo que dar garantía para obtener el crédito (número de empresas)_Sí,Numeric,"12,15",0.0 - 999999999999.999999999999999
AJ_38_5_2,Características de los créditos de mayor monto aprobados a las empresas por proveedores 2020_Tuvo que dar garantía para obtener el crédito (número de empresas)_No,Numeric,"12,15",0.0 - 999999999999.999999999999999
AK_38_5_2,Características de los créditos de mayor monto aprobados a las empresas por proveedores 2020_Tipo de garantía que otorgó para obtener el crédito (número de empresas)_Ahorros o activos de dueños (as) o socios (as),Numeric,"12,15",0.0 - 999999999999.999999999999999
AL_38_5_2,Características de los créditos de mayor monto aprobados a las empresas por proveedores 2020_Tipo de garantía que otorgó para obtener el crédito (número de empresas)_Inventarios o activos de la empresa,Numeric,"12,15",0.0 - 999999999999.999999999999999
AM_38_5_2,Características de los créditos de mayor monto aprobados a las empresas por proveedores 2020_Tipo de garantía que otorgó para obtener el crédito (número de empresas)_Bienes inmuebles de la empresa,Numeric,"12,15",0.0 - 999999999999.999999999999999
AN_38_5_2,Características de los créditos de mayor monto aprobados a las empresas por proveedores 2020_Tipo de garantía que otorgó para obtener el crédito (número de empresas)_Cuentas por cobrar de la empresa,Numeric,"12,15",0.0 - 999999999999.999999999999999
AO_38_5_2,Características de los créditos de mayor monto aprobados a las empresas por proveedores 2020_Tipo de garantía que otorgó para obtener el crédito (número de empresas)_Aval de una institución gubernamental,Numeric,"12,15",0.0 - 999999999999.999999999999999
AP_38_5_2,Características de los créditos de mayor monto aprobados a las empresas por proveedores 2020_Tipo de garantía que otorgó para obtener el crédito (número de empresas)_Aval de un particular (familiar o amistades),Numeric,"12,15",0.0 - 999999999999.999999999999999
AQ_38_5_2,Características de los créditos de mayor monto aprobados a las empresas por proveedores 2020_Tipo de garantía que otorgó para obtener el crédito (número de empresas)_Otras,Numeric,"12,15",0.0 - 999999999999.999999999999999
AR_38_5_2,Características de los créditos de mayor monto aprobados a las empresas por proveedores 2020_Porcentaje promedio que la garantía representó con relación al crédito,Numeric,"12,15",0.0 - 999999999999.999999999999999
C_38_5_3,Características de los créditos de mayor monto aprobados a las empresas por proveedores 2019_Total de créditos,Numeric,"12,15",0.0 - 999999999999.999999999999999
D_38_5_3,Características de los créditos de mayor monto aprobados a las empresas por proveedores 2019_Motivo por el que acudió con esta fuente (número de empresas)_La sucursal está cerca,Numeric,"12,15",0.0 - 999999999999.999999999999999
E_38_5_3,Características de los créditos de mayor monto aprobados a las empresas por proveedores 2019_Motivo por el que acudió con esta fuente (número de empresas)_Las comisiones son bajas,Numeric,"12,15",0.0 - 999999999999.999999999999999
F_38_5_3,Características de los créditos de mayor monto aprobados a las empresas por proveedores 2019_Motivo por el que acudió con esta fuente (número de empresas)_La institución ya le ofrecía servicios adicionales,Numeric,"12,15",0.0 - 999999999999.999999999999999
G_38_5_3,Características de los créditos de mayor monto aprobados a las empresas por proveedores 2019_Motivo por el que acudió con esta fuente (número de empresas)_La institución ofrece una tasa de interés más baja,Numeric,"12,15",0.0 - 999999999999.999999999999999
H_38_5_3,Características de los créditos de mayor monto aprobados a las empresas por proveedores 2019_Motivo por el que acudió con esta fuente (número de empresas)_La institución ofrece una tasa de interés fija,Numeric,"12,15",0.0 - 999999999999.999999999999999
I_38_5_3,Características de los créditos de mayor monto aprobados a las empresas por proveedores 2019_Motivo por el que acudió con esta fuente (número de empresas)_La institución ofrece un pago mensual fijo,Numeric,"12,15",0.0 - 999999999999.999999999999999
J_38_5_3,Características de los créditos de mayor monto aprobados a las empresas por proveedores 2019_Motivo por el que acudió con esta fuente (número de empresas)_Esta institución pide menos requisitos que otras,Numeric,"12,15",0.0 - 999999999999.999999999999999
K_38_5_3,Características de los créditos de mayor monto aprobados a las empresas por proveedores 2019_Motivo por el que acudió con esta fuente (número de empresas)_Otro,Numeric,"12,15",0.0 - 999999999999.999999999999999
L_38_5_3,Características de los créditos de mayor monto aprobados a las empresas por proveedores 2019_Tipo de crédito aprobado (número de empresas)_No revolvente,Numeric,"12,15",0.0 - 999999999999.999999999999999
M_38_5_3,Características de los créditos de mayor monto aprobados a las empresas por proveedores 2019_Tipo de crédito aprobado (número de empresas)_Línea de crédito revolvente,Numeric,"12,15",0.0 - 999999999999.999999999999999
N_38_5_3,Características de los créditos de mayor monto aprobados a las empresas por proveedores 2019_Tipo de crédito aprobado (número de empresas)_Tarjetas de crédito,Numeric,"12,15",0.0 - 999999999999.999999999999999
O_38_5_3,Características de los créditos de mayor monto aprobados a las empresas por proveedores 2019_Porcentaje promedio aprobado del monto solicitado,Numeric,"12,15",0.0 - 999999999999.999999999999999
P_38_5_3,Características de los créditos de mayor monto aprobados a las empresas por proveedores 2019_Tasa promedio de interés anual del crédito aprobado,Numeric,"12,15",0.0 - 999999999999.999999999999999
Q_38_5_3,Características de los créditos de mayor monto aprobados a las empresas por proveedores 2019_Crédito aprobado a tasa de interés (número de empresas)_Empresas con crédito aprobado a tasa de interés fija,Numeric,"12,15",0.0 - 999999999999.999999999999999
R_38_5_3,Características de los créditos de mayor monto aprobados a las empresas por proveedores 2019_Crédito aprobado a tasa de interés (número de empresas)_Empresas con crédito aprobado a tasa de interés variable,Numeric,"12,15",0.0 - 999999999999.999999999999999
S_38_5_3,Características de los créditos de mayor monto aprobados a las empresas por proveedores 2019_Plazo promedio de vencimiento del crédito aprobado (meses),Numeric,"12,15",0.0 - 999999999999.999999999999999
T_38_5_3,Características de los créditos de mayor monto aprobados a las empresas por proveedores 2019_Porcentaje promedio de la comisión por apertura respecto del crédito aprobado,Numeric,"12,15",0.0 - 999999999999.999999999999999
U_38_5_3,Características de los créditos de mayor monto aprobados a las empresas por proveedores 2019_Uso principal que se le dio al crédito (número de empresas)_Abrir la empresa / iniciar operaciones,Numeric,"12,15",0.0 - 999999999999.999999999999999
V_38_5_3,Características de los créditos de mayor monto aprobados a las empresas por proveedores 2019_Uso principal que se le dio al crédito (número de empresas)_Expandir el negocio / abrir nuevas sucursales,Numeric,"12,15",0.0 - 999999999999.999999999999999
W_38_5_3,Características de los créditos de mayor monto aprobados a las empresas por proveedores 2019_Uso principal que se le dio al crédito (número de empresas)_Financiamiento de las operaciones diarias,Numeric,"12,15",0.0 - 999999999999.999999999999999
X_38_5_3,"Características de los créditos de mayor monto aprobados a las empresas por proveedores 2019_Uso principal que se le dio al crédito (número de empresas)_Compra de bienes de capital (vehículos, equipo, inmuebles)",Numeric,"12,15",0.0 - 999999999999.999999999999999
Y_38_5_3,Características de los créditos de mayor monto aprobados a las empresas por proveedores 2019_Uso principal que se le dio al crédito (número de empresas)_Pago de deudas / pago de compromisos financieros,Numeric,"12,15",0.0 - 999999999999.999999999999999
Z_38_5_3,Características de los créditos de mayor monto aprobados a las empresas por proveedores 2019_Uso principal que se le dio al crédito (número de empresas)_Pago de nómina,Numeric,"12,15",0.0 - 999999999999.999999999999999
AA_38_5_3,"Características de los créditos de mayor monto aprobados a las empresas por proveedores 2019_Uso principal que se le dio al crédito (número de empresas)_Pago de gastos fijos (renta de inmuebles, entre otros)",Numeric,"12,15",0.0 - 999999999999.999999999999999
AB_38_5_3,Características de los créditos de mayor monto aprobados a las empresas por proveedores 2019_Uso principal que se le dio al crédito (número de empresas)_Pago de impuestos,Numeric,"12,15",0.0 - 999999999999.999999999999999
AC_38_5_3,Características de los créditos de mayor monto aprobados a las empresas por proveedores 2019_Uso principal que se le dio al crédito (número de empresas)_Cubrir necesidades de liquidez,Numeric,"12,15",0.0 - 999999999999.999999999999999
AD_38_5_3,Características de los créditos de mayor monto aprobados a las empresas por proveedores 2019_Uso principal que se le dio al crédito (número de empresas)_Afrontar pérdidas de ejercicios fiscales anteriores,Numeric,"12,15",0.0 - 999999999999.999999999999999
AE_38_5_3,Características de los créditos de mayor monto aprobados a las empresas por proveedores 2019_Uso principal que se le dio al crédito (número de empresas)_Aún no se ha usado,Numeric,"12,15",0.0 - 999999999999.999999999999999
AF_38_5_3,Características de los créditos de mayor monto aprobados a las empresas por proveedores 2019_Uso principal que se le dio al crédito (número de empresas)_Otro,Numeric,"12,15",0.0 - 999999999999.999999999999999
AG_38_5_3,"Características de los créditos de mayor monto aprobados a las empresas por proveedores 2019_Producto financiero adicional contratado con la apertura del crédito (cheques, banca en línea , seguros, tarjetas, entre otros) (número de empresas) _Sí",Numeric,"12,15",0.0 - 999999999999.999999999999999
AH_38_5_3,"Características de los créditos de mayor monto aprobados a las empresas por proveedores 2019_Producto financiero adicional contratado con la apertura del crédito (cheques, banca en línea , seguros, tarjetas, entre otros) (número de empresas) _No",Numeric,"12,15",0.0 - 999999999999.999999999999999
AI_38_5_3,Características de los créditos de mayor monto aprobados a las empresas por proveedores 2019_Tuvo que dar garantía para obtener el crédito (número de empresas)_Sí,Numeric,"12,15",0.0 - 999999999999.999999999999999
AJ_38_5_3,Características de los créditos de mayor monto aprobados a las empresas por proveedores 2019_Tuvo que dar garantía para obtener el crédito (número de empresas)_No,Numeric,"12,15",0.0 - 999999999999.999999999999999
AK_38_5_3,Características de los créditos de mayor monto aprobados a las empresas por proveedores 2019_Tipo de garantía que otorgó para obtener el crédito (número de empresas)_Ahorros o activos de dueños (as) o socios (as),Numeric,"12,15",0.0 - 999999999999.999999999999999
AL_38_5_3,Características de los créditos de mayor monto aprobados a las empresas por proveedores 2019_Tipo de garantía que otorgó para obtener el crédito (número de empresas)_Inventarios o activos de la empresa,Numeric,"12,15",0.0 - 999999999999.999999999999999
AM_38_5_3,Características de los créditos de mayor monto aprobados a las empresas por proveedores 2019_Tipo de garantía que otorgó para obtener el crédito (número de empresas)_Bienes inmuebles de la empresa,Numeric,"12,15",0.0 - 999999999999.999999999999999
AN_38_5_3,Características de los créditos de mayor monto aprobados a las empresas por proveedores 2019_Tipo de garantía que otorgó para obtener el crédito (número de empresas)_Cuentas por cobrar de la empresa,Numeric,"12,15",0.0 - 999999999999.999999999999999
AO_38_5_3,Características de los créditos de mayor monto aprobados a las empresas por proveedores 2019_Tipo de garantía que otorgó para obtener el crédito (número de empresas)_Aval de una institución gubernamental,Numeric,"12,15",0.0 - 999999999999.999999999999999
AP_38_5_3,Características de los créditos de mayor monto aprobados a las empresas por proveedores 2019_Tipo de garantía que otorgó para obtener el crédito (número de empresas)_Aval de un particular (familiar o amistades),Numeric,"12,15",0.0 - 999999999999.999999999999999
AQ_38_5_3,Características de los créditos de mayor monto aprobados a las empresas por proveedores 2019_Tipo de garantía que otorgó para obtener el crédito (número de empresas)_Otras,Numeric,"12,15",0.0 - 999999999999.999999999999999
AR_38_5_3,Características de los créditos de mayor monto aprobados a las empresas por proveedores 2019_Porcentaje promedio que la garantía representó con relación al crédito,Numeric,"12,15",0.0 - 999999999999.999999999999999
C_38_6_1,Características de los créditos de mayor monto aprobados a las empresas por familiares o amistades 2021 (al mes de la entrevista)_Total de créditos,Numeric,"12,15",0.0 - 999999999999.999999999999999
D_38_6_1,Características de los créditos de mayor monto aprobados a las empresas por familiares o amistades 2021 (al mes de la entrevista)_Motivo por el que acudió con esta fuente (número de empresas)_La sucursal está cerca,Numeric,"12,15",0.0 - 999999999999.999999999999999
E_38_6_1,Características de los créditos de mayor monto aprobados a las empresas por familiares o amistades 2021 (al mes de la entrevista)_Motivo por el que acudió con esta fuente (número de empresas)_Las comisiones son bajas,Numeric,"12,15",0.0 - 999999999999.999999999999999
F_38_6_1,Características de los créditos de mayor monto aprobados a las empresas por familiares o amistades 2021 (al mes de la entrevista)_Motivo por el que acudió con esta fuente (número de empresas)_La institución ya le ofrecía servicios adicionales,Numeric,"12,15",0.0 - 999999999999.999999999999999
G_38_6_1,Características de los créditos de mayor monto aprobados a las empresas por familiares o amistades 2021 (al mes de la entrevista)_Motivo por el que acudió con esta fuente (número de empresas)_La institución ofrece una tasa de interés más baja,Numeric,"12,15",0.0 - 999999999999.999999999999999
H_38_6_1,Características de los créditos de mayor monto aprobados a las empresas por familiares o amistades 2021 (al mes de la entrevista)_Motivo por el que acudió con esta fuente (número de empresas)_La institución ofrece una tasa de interés fija,Numeric,"12,15",0.0 - 999999999999.999999999999999
I_38_6_1,Características de los créditos de mayor monto aprobados a las empresas por familiares o amistades 2021 (al mes de la entrevista)_Motivo por el que acudió con esta fuente (número de empresas)_La institución ofrece un pago mensual fijo,Numeric,"12,15",0.0 - 999999999999.999999999999999
J_38_6_1,Características de los créditos de mayor monto aprobados a las empresas por familiares o amistades 2021 (al mes de la entrevista)_Motivo por el que acudió con esta fuente (número de empresas)_Esta institución pide menos requisitos que otras,Numeric,"12,15",0.0 - 999999999999.999999999999999
K_38_6_1,Características de los créditos de mayor monto aprobados a las empresas por familiares o amistades 2021 (al mes de la entrevista)_Motivo por el que acudió con esta fuente (número de empresas)_Otro,Numeric,"12,15",0.0 - 999999999999.999999999999999
L_38_6_1,Características de los créditos de mayor monto aprobados a las empresas por familiares o amistades 2021 (al mes de la entrevista)_Tipo de crédito aprobado (número de empresas)_No revolvente,Numeric,"12,15",0.0 - 999999999999.999999999999999
M_38_6_1,Características de los créditos de mayor monto aprobados a las empresas por familiares o amistades 2021 (al mes de la entrevista)_Tipo de crédito aprobado (número de empresas)_Línea de crédito revolvente,Numeric,"12,15",0.0 - 999999999999.999999999999999
N_38_6_1,Características de los créditos de mayor monto aprobados a las empresas por familiares o amistades 2021 (al mes de la entrevista)_Tipo de crédito aprobado (número de empresas)_Tarjetas de crédito,Numeric,"12,15",0.0 - 999999999999.999999999999999
O_38_6_1,Características de los créditos de mayor monto aprobados a las empresas por familiares o amistades 2021 (al mes de la entrevista)_Porcentaje promedio aprobado del monto solicitado,Numeric,"12,15",0.0 - 999999999999.999999999999999
P_38_6_1,Características de los créditos de mayor monto aprobados a las empresas por familiares o amistades 2021 (al mes de la entrevista)_Tasa promedio de interés anual del crédito aprobado,Numeric,"12,15",0.0 - 999999999999.999999999999999
Q_38_6_1,Características de los créditos de mayor monto aprobados a las empresas por familiares o amistades 2021 (al mes de la entrevista)_Crédito aprobado a tasa de interés (número de empresas)_Empresas con crédito aprobado a tasa de interés fija,Numeric,"12,15",0.0 - 999999999999.999999999999999
R_38_6_1,Características de los créditos de mayor monto aprobados a las empresas por familiares o amistades 2021 (al mes de la entrevista)_Crédito aprobado a tasa de interés (número de empresas)_Empresas con crédito aprobado a tasa de interés variable,Numeric,"12,15",0.0 - 999999999999.999999999999999
S_38_6_1,Características de los créditos de mayor monto aprobados a las empresas por familiares o amistades 2021 (al mes de la entrevista)_Plazo promedio de vencimiento del crédito aprobado (meses),Numeric,"12,15",0.0 - 999999999999.999999999999999
T_38_6_1,Características de los créditos de mayor monto aprobados a las empresas por familiares o amistades 2021 (al mes de la entrevista)_Porcentaje promedio de la comisión por apertura respecto del crédito aprobado,Numeric,"12,15",0.0 - 999999999999.999999999999999
U_38_6_1,Características de los créditos de mayor monto aprobados a las empresas por familiares o amistades 2021 (al mes de la entrevista)_Uso principal que se le dio al crédito (número de empresas)_Abrir la empresa / iniciar operaciones,Numeric,"12,15",0.0 - 999999999999.999999999999999
V_38_6_1,Características de los créditos de mayor monto aprobados a las empresas por familiares o amistades 2021 (al mes de la entrevista)_Uso principal que se le dio al crédito (número de empresas)_Expandir el negocio / abrir nuevas sucursales,Numeric,"12,15",0.0 - 999999999999.999999999999999
W_38_6_1,Características de los créditos de mayor monto aprobados a las empresas por familiares o amistades 2021 (al mes de la entrevista)_Uso principal que se le dio al crédito (número de empresas)_Financiamiento de las operaciones diarias,Numeric,"12,15",0.0 - 999999999999.999999999999999
X_38_6_1,"Características de los créditos de mayor monto aprobados a las empresas por familiares o amistades 2021 (al mes de la entrevista)_Uso principal que se le dio al crédito (número de empresas)_Compra de bienes de capital (vehículos, equipo, inmuebles)",Numeric,"12,15",0.0 - 999999999999.999999999999999
Y_38_6_1,Características de los créditos de mayor monto aprobados a las empresas por familiares o amistades 2021 (al mes de la entrevista)_Uso principal que se le dio al crédito (número de empresas)_Pago de deudas / pago de compromisos financieros,Numeric,"12,15",0.0 - 999999999999.999999999999999
Z_38_6_1,Características de los créditos de mayor monto aprobados a las empresas por familiares o amistades 2021 (al mes de la entrevista)_Uso principal que se le dio al crédito (número de empresas)_Pago de nómina,Numeric,"12,15",0.0 - 999999999999.999999999999999
AA_38_6_1,"Características de los créditos de mayor monto aprobados a las empresas por familiares o amistades 2021 (al mes de la entrevista)_Uso principal que se le dio al crédito (número de empresas)_Pago de gastos fijos (renta de inmuebles, entre otros)",Numeric,"12,15",0.0 - 999999999999.999999999999999
AB_38_6_1,Características de los créditos de mayor monto aprobados a las empresas por familiares o amistades 2021 (al mes de la entrevista)_Uso principal que se le dio al crédito (número de empresas)_Pago de impuestos,Numeric,"12,15",0.0 - 999999999999.999999999999999
AC_38_6_1,Características de los créditos de mayor monto aprobados a las empresas por familiares o amistades 2021 (al mes de la entrevista)_Uso principal que se le dio al crédito (número de empresas)_Cubrir necesidades de liquidez,Numeric,"12,15",0.0 - 999999999999.999999999999999
AD_38_6_1,Características de los créditos de mayor monto aprobados a las empresas por familiares o amistades 2021 (al mes de la entrevista)_Uso principal que se le dio al crédito (número de empresas)_Afrontar pérdidas de ejercicios fiscales anteriores,Numeric,"12,15",0.0 - 999999999999.999999999999999
AE_38_6_1,Características de los créditos de mayor monto aprobados a las empresas por familiares o amistades 2021 (al mes de la entrevista)_Uso principal que se le dio al crédito (número de empresas)_Aún no se ha usado,Numeric,"12,15",0.0 - 999999999999.999999999999999
AF_38_6_1,Características de los créditos de mayor monto aprobados a las empresas por familiares o amistades 2021 (al mes de la entrevista)_Uso principal que se le dio al crédito (número de empresas)_Otro,Numeric,"12,15",0.0 - 999999999999.999999999999999
AG_38_6_1,"Características de los créditos de mayor monto aprobados a las empresas por familiares o amistades 2021 (al mes de la entrevista)_Producto financiero adicional contratado con la apertura del crédito (cheques, banca en línea , seguros, tarjetas, entre otros) (número de empresas) _Sí",Numeric,"12,15",0.0 - 999999999999.999999999999999
AH_38_6_1,"Características de los créditos de mayor monto aprobados a las empresas por familiares o amistades 2021 (al mes de la entrevista)_Producto financiero adicional contratado con la apertura del crédito (cheques, banca en línea , seguros, tarjetas, entre otros) (número de empresas) _No",Numeric,"12,15",0.0 - 999999999999.999999999999999
AI_38_6_1,Características de los créditos de mayor monto aprobados a las empresas por familiares o amistades 2021 (al mes de la entrevista)_Tuvo que dar garantía para obtener el crédito (número de empresas)_Sí,Numeric,"12,15",0.0 - 999999999999.999999999999999
AJ_38_6_1,Características de los créditos de mayor monto aprobados a las empresas por familiares o amistades 2021 (al mes de la entrevista)_Tuvo que dar garantía para obtener el crédito (número de empresas)_No,Numeric,"12,15",0.0 - 999999999999.999999999999999
AK_38_6_1,Características de los créditos de mayor monto aprobados a las empresas por familiares o amistades 2021 (al mes de la entrevista)_Tipo de garantía que otorgó para obtener el crédito (número de empresas)_Ahorros o activos de dueños (as) o socios (as),Numeric,"12,15",0.0 - 999999999999.999999999999999
AL_38_6_1,Características de los créditos de mayor monto aprobados a las empresas por familiares o amistades 2021 (al mes de la entrevista)_Tipo de garantía que otorgó para obtener el crédito (número de empresas)_Inventarios o activos de la empresa,Numeric,"12,15",0.0 - 999999999999.999999999999999
AM_38_6_1,Características de los créditos de mayor monto aprobados a las empresas por familiares o amistades 2021 (al mes de la entrevista)_Tipo de garantía que otorgó para obtener el crédito (número de empresas)_Bienes inmuebles de la empresa,Numeric,"12,15",0.0 - 999999999999.999999999999999
AN_38_6_1,Características de los créditos de mayor monto aprobados a las empresas por familiares o amistades 2021 (al mes de la entrevista)_Tipo de garantía que otorgó para obtener el crédito (número de empresas)_Cuentas por cobrar de la empresa,Numeric,"12,15",0.0 - 999999999999.999999999999999
AO_38_6_1,Características de los créditos de mayor monto aprobados a las empresas por familiares o amistades 2021 (al mes de la entrevista)_Tipo de garantía que otorgó para obtener el crédito (número de empresas)_Aval de una institución gubernamental,Numeric,"12,15",0.0 - 999999999999.999999999999999
AP_38_6_1,Características de los créditos de mayor monto aprobados a las empresas por familiares o amistades 2021 (al mes de la entrevista)_Tipo de garantía que otorgó para obtener el crédito (número de empresas)_Aval de un particular (familiar o amistades),Numeric,"12,15",0.0 - 999999999999.999999999999999
AQ_38_6_1,Características de los créditos de mayor monto aprobados a las empresas por familiares o amistades 2021 (al mes de la entrevista)_Tipo de garantía que otorgó para obtener el crédito (número de empresas)_Otras,Numeric,"12,15",0.0 - 999999999999.999999999999999
AR_38_6_1,Características de los créditos de mayor monto aprobados a las empresas por familiares o amistades 2021 (al mes de la entrevista)_Porcentaje promedio que la garantía representó con relación al crédito,Numeric,"12,15",0.0 - 999999999999.999999999999999
C_38_6_2,Características de los créditos de mayor monto aprobados a las empresas por familiares o amistades 2020_Total de créditos,Numeric,"12,15",0.0 - 999999999999.999999999999999
D_38_6_2,Características de los créditos de mayor monto aprobados a las empresas por familiares o amistades 2020_Motivo por el que acudió con esta fuente (número de empresas)_La sucursal está cerca,Numeric,"12,15",0.0 - 999999999999.999999999999999
E_38_6_2,Características de los créditos de mayor monto aprobados a las empresas por familiares o amistades 2020_Motivo por el que acudió con esta fuente (número de empresas)_Las comisiones son bajas,Numeric,"12,15",0.0 - 999999999999.999999999999999
F_38_6_2,Características de los créditos de mayor monto aprobados a las empresas por familiares o amistades 2020_Motivo por el que acudió con esta fuente (número de empresas)_La institución ya le ofrecía servicios adicionales,Numeric,"12,15",0.0 - 999999999999.999999999999999
G_38_6_2,Características de los créditos de mayor monto aprobados a las empresas por familiares o amistades 2020_Motivo por el que acudió con esta fuente (número de empresas)_La institución ofrece una tasa de interés más baja,Numeric,"12,15",0.0 - 999999999999.999999999999999
H_38_6_2,Características de los créditos de mayor monto aprobados a las empresas por familiares o amistades 2020_Motivo por el que acudió con esta fuente (número de empresas)_La institución ofrece una tasa de interés fija,Numeric,"12,15",0.0 - 999999999999.999999999999999
I_38_6_2,Características de los créditos de mayor monto aprobados a las empresas por familiares o amistades 2020_Motivo por el que acudió con esta fuente (número de empresas)_La institución ofrece un pago mensual fijo,Numeric,"12,15",0.0 - 999999999999.999999999999999
J_38_6_2,Características de los créditos de mayor monto aprobados a las empresas por familiares o amistades 2020_Motivo por el que acudió con esta fuente (número de empresas)_Esta institución pide menos requisitos que otras,Numeric,"12,15",0.0 - 999999999999.999999999999999
K_38_6_2,Características de los créditos de mayor monto aprobados a las empresas por familiares o amistades 2020_Motivo por el que acudió con esta fuente (número de empresas)_Otro,Numeric,"12,15",0.0 - 999999999999.999999999999999
L_38_6_2,Características de los créditos de mayor monto aprobados a las empresas por familiares o amistades 2020_Tipo de crédito aprobado (número de empresas)_No revolvente,Numeric,"12,15",0.0 - 999999999999.999999999999999
M_38_6_2,Características de los créditos de mayor monto aprobados a las empresas por familiares o amistades 2020_Tipo de crédito aprobado (número de empresas)_Línea de crédito revolvente,Numeric,"12,15",0.0 - 999999999999.999999999999999
N_38_6_2,Características de los créditos de mayor monto aprobados a las empresas por familiares o amistades 2020_Tipo de crédito aprobado (número de empresas)_Tarjetas de crédito,Numeric,"12,15",0.0 - 999999999999.999999999999999
O_38_6_2,Características de los créditos de mayor monto aprobados a las empresas por familiares o amistades 2020_Porcentaje promedio aprobado del monto solicitado,Numeric,"12,15",0.0 - 999999999999.999999999999999
P_38_6_2,Características de los créditos de mayor monto aprobados a las empresas por familiares o amistades 2020_Tasa promedio de interés anual del crédito aprobado,Numeric,"12,15",0.0 - 999999999999.999999999999999
Q_38_6_2,Características de los créditos de mayor monto aprobados a las empresas por familiares o amistades 2020_Crédito aprobado a tasa de interés (número de empresas)_Empresas con crédito aprobado a tasa de interés fija,Numeric,"12,15",0.0 - 999999999999.999999999999999
R_38_6_2,Características de los créditos de mayor monto aprobados a las empresas por familiares o amistades 2020_Crédito aprobado a tasa de interés (número de empresas)_Empresas con crédito aprobado a tasa de interés variable,Numeric,"12,15",0.0 - 999999999999.999999999999999
S_38_6_2,Características de los créditos de mayor monto aprobados a las empresas por familiares o amistades 2020_Plazo promedio de vencimiento del crédito aprobado (meses),Numeric,"12,15",0.0 - 999999999999.999999999999999
T_38_6_2,Características de los créditos de mayor monto aprobados a las empresas por familiares o amistades 2020_Porcentaje promedio de la comisión por apertura respecto del crédito aprobado,Numeric,"12,15",0.0 - 999999999999.999999999999999
U_38_6_2,Características de los créditos de mayor monto aprobados a las empresas por familiares o amistades 2020_Uso principal que se le dio al crédito (número de empresas)_Abrir la empresa / iniciar operaciones,Numeric,"12,15",0.0 - 999999999999.999999999999999
V_38_6_2,Características de los créditos de mayor monto aprobados a las empresas por familiares o amistades 2020_Uso principal que se le dio al crédito (número de empresas)_Expandir el negocio / abrir nuevas sucursales,Numeric,"12,15",0.0 - 999999999999.999999999999999
W_38_6_2,Características de los créditos de mayor monto aprobados a las empresas por familiares o amistades 2020_Uso principal que se le dio al crédito (número de empresas)_Financiamiento de las operaciones diarias,Numeric,"12,15",0.0 - 999999999999.999999999999999
X_38_6_2,"Características de los créditos de mayor monto aprobados a las empresas por familiares o amistades 2020_Uso principal que se le dio al crédito (número de empresas)_Compra de bienes de capital (vehículos, equipo, inmuebles)",Numeric,"12,15",0.0 - 999999999999.999999999999999
Y_38_6_2,Características de los créditos de mayor monto aprobados a las empresas por familiares o amistades 2020_Uso principal que se le dio al crédito (número de empresas)_Pago de deudas / pago de compromisos financieros,Numeric,"12,15",0.0 - 999999999999.999999999999999
Z_38_6_2,Características de los créditos de mayor monto aprobados a las empresas por familiares o amistades 2020_Uso principal que se le dio al crédito (número de empresas)_Pago de nómina,Numeric,"12,15",0.0 - 999999999999.999999999999999
AA_38_6_2,"Características de los créditos de mayor monto aprobados a las empresas por familiares o amistades 2020_Uso principal que se le dio al crédito (número de empresas)_Pago de gastos fijos (renta de inmuebles, entre otros)",Numeric,"12,15",0.0 - 999999999999.999999999999999
AB_38_6_2,Características de los créditos de mayor monto aprobados a las empresas por familiares o amistades 2020_Uso principal que se le dio al crédito (número de empresas)_Pago de impuestos,Numeric,"12,15",0.0 - 999999999999.999999999999999
AC_38_6_2,Características de los créditos de mayor monto aprobados a las empresas por familiares o amistades 2020_Uso principal que se le dio al crédito (número de empresas)_Cubrir necesidades de liquidez,Numeric,"12,15",0.0 - 999999999999.999999999999999
AD_38_6_2,Características de los créditos de mayor monto aprobados a las empresas por familiares o amistades 2020_Uso principal que se le dio al crédito (número de empresas)_Afrontar pérdidas de ejercicios fiscales anteriores,Numeric,"12,15",0.0 - 999999999999.999999999999999
AE_38_6_2,Características de los créditos de mayor monto aprobados a las empresas por familiares o amistades 2020_Uso principal que se le dio al crédito (número de empresas)_Aún no se ha usado,Numeric,"12,15",0.0 - 999999999999.999999999999999
AF_38_6_2,Características de los créditos de mayor monto aprobados a las empresas por familiares o amistades 2020_Uso principal que se le dio al crédito (número de empresas)_Otro,Numeric,"12,15",0.0 - 999999999999.999999999999999
AG_38_6_2,"Características de los créditos de mayor monto aprobados a las empresas por familiares o amistades 2020_Producto financiero adicional contratado con la apertura del crédito (cheques, banca en línea , seguros, tarjetas, entre otros) (número de empresas) _Sí",Numeric,"12,15",0.0 - 999999999999.999999999999999
AH_38_6_2,"Características de los créditos de mayor monto aprobados a las empresas por familiares o amistades 2020_Producto financiero adicional contratado con la apertura del crédito (cheques, banca en línea , seguros, tarjetas, entre otros) (número de empresas) _No",Numeric,"12,15",0.0 - 999999999999.999999999999999
AI_38_6_2,Características de los créditos de mayor monto aprobados a las empresas por familiares o amistades 2020_Tuvo que dar garantía para obtener el crédito (número de empresas)_Sí,Numeric,"12,15",0.0 - 999999999999.999999999999999
AJ_38_6_2,Características de los créditos de mayor monto aprobados a las empresas por familiares o amistades 2020_Tuvo que dar garantía para obtener el crédito (número de empresas)_No,Numeric,"12,15",0.0 - 999999999999.999999999999999
AK_38_6_2,Características de los créditos de mayor monto aprobados a las empresas por familiares o amistades 2020_Tipo de garantía que otorgó para obtener el crédito (número de empresas)_Ahorros o activos de dueños (as) o socios (as),Numeric,"12,15",0.0 - 999999999999.999999999999999
AL_38_6_2,Características de los créditos de mayor monto aprobados a las empresas por familiares o amistades 2020_Tipo de garantía que otorgó para obtener el crédito (número de empresas)_Inventarios o activos de la empresa,Numeric,"12,15",0.0 - 999999999999.999999999999999
AM_38_6_2,Características de los créditos de mayor monto aprobados a las empresas por familiares o amistades 2020_Tipo de garantía que otorgó para obtener el crédito (número de empresas)_Bienes inmuebles de la empresa,Numeric,"12,15",0.0 - 999999999999.999999999999999
AN_38_6_2,Características de los créditos de mayor monto aprobados a las empresas por familiares o amistades 2020_Tipo de garantía que otorgó para obtener el crédito (número de empresas)_Cuentas por cobrar de la empresa,Numeric,"12,15",0.0 - 999999999999.999999999999999
AO_38_6_2,Características de los créditos de mayor monto aprobados a las empresas por familiares o amistades 2020_Tipo de garantía que otorgó para obtener el crédito (número de empresas)_Aval de una institución gubernamental,Numeric,"12,15",0.0 - 999999999999.999999999999999
AP_38_6_2,Características de los créditos de mayor monto aprobados a las empresas por familiares o amistades 2020_Tipo de garantía que otorgó para obtener el crédito (número de empresas)_Aval de un particular (familiar o amistades),Numeric,"12,15",0.0 - 999999999999.999999999999999
AQ_38_6_2,Características de los créditos de mayor monto aprobados a las empresas por familiares o amistades 2020_Tipo de garantía que otorgó para obtener el crédito (número de empresas)_Otras,Numeric,"12,15",0.0 - 999999999999.999999999999999
AR_38_6_2,Características de los créditos de mayor monto aprobados a las empresas por familiares o amistades 2020_Porcentaje promedio que la garantía representó con relación al crédito,Numeric,"12,15",0.0 - 999999999999.999999999999999
C_38_6_3,Características de los créditos de mayor monto aprobados a las empresas por familiares o amistades 2019_Total de créditos,Numeric,"12,15",0.0 - 999999999999.999999999999999
D_38_6_3,Características de los créditos de mayor monto aprobados a las empresas por familiares o amistades 2019_Motivo por el que acudió con esta fuente (número de empresas)_La sucursal está cerca,Numeric,"12,15",0.0 - 999999999999.999999999999999
E_38_6_3,Características de los créditos de mayor monto aprobados a las empresas por familiares o amistades 2019_Motivo por el que acudió con esta fuente (número de empresas)_Las comisiones son bajas,Numeric,"12,15",0.0 - 999999999999.999999999999999
F_38_6_3,Características de los créditos de mayor monto aprobados a las empresas por familiares o amistades 2019_Motivo por el que acudió con esta fuente (número de empresas)_La institución ya le ofrecía servicios adicionales,Numeric,"12,15",0.0 - 999999999999.999999999999999
G_38_6_3,Características de los créditos de mayor monto aprobados a las empresas por familiares o amistades 2019_Motivo por el que acudió con esta fuente (número de empresas)_La institución ofrece una tasa de interés más baja,Numeric,"12,15",0.0 - 999999999999.999999999999999
H_38_6_3,Características de los créditos de mayor monto aprobados a las empresas por familiares o amistades 2019_Motivo por el que acudió con esta fuente (número de empresas)_La institución ofrece una tasa de interés fija,Numeric,"12,15",0.0 - 999999999999.999999999999999
I_38_6_3,Características de los créditos de mayor monto aprobados a las empresas por familiares o amistades 2019_Motivo por el que acudió con esta fuente (número de empresas)_La institución ofrece un pago mensual fijo,Numeric,"12,15",0.0 - 999999999999.999999999999999
J_38_6_3,Características de los créditos de mayor monto aprobados a las empresas por familiares o amistades 2019_Motivo por el que acudió con esta fuente (número de empresas)_Esta institución pide menos requisitos que otras,Numeric,"12,15",0.0 - 999999999999.999999999999999
K_38_6_3,Características de los créditos de mayor monto aprobados a las empresas por familiares o amistades 2019_Motivo por el que acudió con esta fuente (número de empresas)_Otro,Numeric,"12,15",0.0 - 999999999999.999999999999999
L_38_6_3,Características de los créditos de mayor monto aprobados a las empresas por familiares o amistades 2019_Tipo de crédito aprobado (número de empresas)_No revolvente,Numeric,"12,15",0.0 - 999999999999.999999999999999
M_38_6_3,Características de los créditos de mayor monto aprobados a las empresas por familiares o amistades 2019_Tipo de crédito aprobado (número de empresas)_Línea de crédito revolvente,Numeric,"12,15",0.0 - 999999999999.999999999999999
N_38_6_3,Características de los créditos de mayor monto aprobados a las empresas por familiares o amistades 2019_Tipo de crédito aprobado (número de empresas)_Tarjetas de crédito,Numeric,"12,15",0.0 - 999999999999.999999999999999
O_38_6_3,Características de los créditos de mayor monto aprobados a las empresas por familiares o amistades 2019_Porcentaje promedio aprobado del monto solicitado,Numeric,"12,15",0.0 - 999999999999.999999999999999
P_38_6_3,Características de los créditos de mayor monto aprobados a las empresas por familiares o amistades 2019_Tasa promedio de interés anual del crédito aprobado,Numeric,"12,15",0.0 - 999999999999.999999999999999
Q_38_6_3,Características de los créditos de mayor monto aprobados a las empresas por familiares o amistades 2019_Crédito aprobado a tasa de interés (número de empresas)_Empresas con crédito aprobado a tasa de interés fija,Numeric,"12,15",0.0 - 999999999999.999999999999999
R_38_6_3,Características de los créditos de mayor monto aprobados a las empresas por familiares o amistades 2019_Crédito aprobado a tasa de interés (número de empresas)_Empresas con crédito aprobado a tasa de interés variable,Numeric,"12,15",0.0 - 999999999999.999999999999999
S_38_6_3,Características de los créditos de mayor monto aprobados a las empresas por familiares o amistades 2019_Plazo promedio de vencimiento del crédito aprobado (meses),Numeric,"12,15",0.0 - 999999999999.999999999999999
T_38_6_3,Características de los créditos de mayor monto aprobados a las empresas por familiares o amistades 2019_Porcentaje promedio de la comisión por apertura respecto del crédito aprobado,Numeric,"12,15",0.0 - 999999999999.999999999999999
U_38_6_3,Características de los créditos de mayor monto aprobados a las empresas por familiares o amistades 2019_Uso principal que se le dio al crédito (número de empresas)_Abrir la empresa / iniciar operaciones,Numeric,"12,15",0.0 - 999999999999.999999999999999
V_38_6_3,Características de los créditos de mayor monto aprobados a las empresas por familiares o amistades 2019_Uso principal que se le dio al crédito (número de empresas)_Expandir el negocio / abrir nuevas sucursales,Numeric,"12,15",0.0 - 999999999999.999999999999999
W_38_6_3,Características de los créditos de mayor monto aprobados a las empresas por familiares o amistades 2019_Uso principal que se le dio al crédito (número de empresas)_Financiamiento de las operaciones diarias,Numeric,"12,15",0.0 - 999999999999.999999999999999
X_38_6_3,"Características de los créditos de mayor monto aprobados a las empresas por familiares o amistades 2019_Uso principal que se le dio al crédito (número de empresas)_Compra de bienes de capital (vehículos, equipo, inmuebles)",Numeric,"12,15",0.0 - 999999999999.999999999999999
Y_38_6_3,Características de los créditos de mayor monto aprobados a las empresas por familiares o amistades 2019_Uso principal que se le dio al crédito (número de empresas)_Pago de deudas / pago de compromisos financieros,Numeric,"12,15",0.0 - 999999999999.999999999999999
Z_38_6_3,Características de los créditos de mayor monto aprobados a las empresas por familiares o amistades 2019_Uso principal que se le dio al crédito (número de empresas)_Pago de nómina,Numeric,"12,15",0.0 - 999999999999.999999999999999
AA_38_6_3,"Características de los créditos de mayor monto aprobados a las empresas por familiares o amistades 2019_Uso principal que se le dio al crédito (número de empresas)_Pago de gastos fijos (renta de inmuebles, entre otros)",Numeric,"12,15",0.0 - 999999999999.999999999999999
AB_38_6_3,Características de los créditos de mayor monto aprobados a las empresas por familiares o amistades 2019_Uso principal que se le dio al crédito (número de empresas)_Pago de impuestos,Numeric,"12,15",0.0 - 999999999999.999999999999999
AC_38_6_3,Características de los créditos de mayor monto aprobados a las empresas por familiares o amistades 2019_Uso principal que se le dio al crédito (número de empresas)_Cubrir necesidades de liquidez,Numeric,"12,15",0.0 - 999999999999.999999999999999
AD_38_6_3,Características de los créditos de mayor monto aprobados a las empresas por familiares o amistades 2019_Uso principal que se le dio al crédito (número de empresas)_Afrontar pérdidas de ejercicios fiscales anteriores,Numeric,"12,15",0.0 - 999999999999.999999999999999
AE_38_6_3,Características de los créditos de mayor monto aprobados a las empresas por familiares o amistades 2019_Uso principal que se le dio al crédito (número de empresas)_Aún no se ha usado,Numeric,"12,15",0.0 - 999999999999.999999999999999
AF_38_6_3,Características de los créditos de mayor monto aprobados a las empresas por familiares o amistades 2019_Uso principal que se le dio al crédito (número de empresas)_Otro,Numeric,"12,15",0.0 - 999999999999.999999999999999
AG_38_6_3,"Características de los créditos de mayor monto aprobados a las empresas por familiares o amistades 2019_Producto financiero adicional contratado con la apertura del crédito (cheques, banca en línea , seguros, tarjetas, entre otros) (número de empresas) _Sí",Numeric,"12,15",0.0 - 999999999999.999999999999999
AH_38_6_3,"Características de los créditos de mayor monto aprobados a las empresas por familiares o amistades 2019_Producto financiero adicional contratado con la apertura del crédito (cheques, banca en línea , seguros, tarjetas, entre otros) (número de empresas) _No",Numeric,"12,15",0.0 - 999999999999.999999999999999
AI_38_6_3,Características de los créditos de mayor monto aprobados a las empresas por familiares o amistades 2019_Tuvo que dar garantía para obtener el crédito (número de empresas)_Sí,Numeric,"12,15",0.0 - 999999999999.999999999999999
AJ_38_6_3,Características de los créditos de mayor monto aprobados a las empresas por familiares o amistades 2019_Tuvo que dar garantía para obtener el crédito (número de empresas)_No,Numeric,"12,15",0.0 - 999999999999.999999999999999
AK_38_6_3,Características de los créditos de mayor monto aprobados a las empresas por familiares o amistades 2019_Tipo de garantía que otorgó para obtener el crédito (número de empresas)_Ahorros o activos de dueños (as) o socios (as),Numeric,"12,15",0.0 - 999999999999.999999999999999
AL_38_6_3,Características de los créditos de mayor monto aprobados a las empresas por familiares o amistades 2019_Tipo de garantía que otorgó para obtener el crédito (número de empresas)_Inventarios o activos de la empresa,Numeric,"12,15",0.0 - 999999999999.999999999999999
AM_38_6_3,Características de los créditos de mayor monto aprobados a las empresas por familiares o amistades 2019_Tipo de garantía que otorgó para obtener el crédito (número de empresas)_Bienes inmuebles de la empresa,Numeric,"12,15",0.0 - 999999999999.999999999999999
AN_38_6_3,Características de los créditos de mayor monto aprobados a las empresas por familiares o amistades 2019_Tipo de garantía que otorgó para obtener el crédito (número de empresas)_Cuentas por cobrar de la empresa,Numeric,"12,15",0.0 - 999999999999.999999999999999
AO_38_6_3,Características de los créditos de mayor monto aprobados a las empresas por familiares o amistades 2019_Tipo de garantía que otorgó para obtener el crédito (número de empresas)_Aval de una institución gubernamental,Numeric,"12,15",0.0 - 999999999999.999999999999999
AP_38_6_3,Características de los créditos de mayor monto aprobados a las empresas por familiares o amistades 2019_Tipo de garantía que otorgó para obtener el crédito (número de empresas)_Aval de un particular (familiar o amistades),Numeric,"12,15",0.0 - 999999999999.999999999999999
AQ_38_6_3,Características de los créditos de mayor monto aprobados a las empresas por familiares o amistades 2019_Tipo de garantía que otorgó para obtener el crédito (número de empresas)_Otras,Numeric,"12,15",0.0 - 999999999999.999999999999999
AR_38_6_3,Características de los créditos de mayor monto aprobados a las empresas por familiares o amistades 2019_Porcentaje promedio que la garantía representó con relación al crédito,Numeric,"12,15",0.0 - 999999999999.999999999999999
C_38_7_1,Características de los créditos de mayor monto aprobados a las empresas por instituciones de financiamiento colectivo 2021 (al mes de la entrevista)_Total de créditos,Numeric,"12,15",0.0 - 999999999999.999999999999999
D_38_7_1,Características de los créditos de mayor monto aprobados a las empresas por instituciones de financiamiento colectivo 2021 (al mes de la entrevista)_Motivo por el que acudió con esta fuente (número de empresas)_La sucursal está cerca,Numeric,"12,15",0.0 - 999999999999.999999999999999
E_38_7_1,Características de los créditos de mayor monto aprobados a las empresas por instituciones de financiamiento colectivo 2021 (al mes de la entrevista)_Motivo por el que acudió con esta fuente (número de empresas)_Las comisiones son bajas,Numeric,"12,15",0.0 - 999999999999.999999999999999
F_38_7_1,Características de los créditos de mayor monto aprobados a las empresas por instituciones de financiamiento colectivo 2021 (al mes de la entrevista)_Motivo por el que acudió con esta fuente (número de empresas)_La institución ya le ofrecía servicios adicionales,Numeric,"12,15",0.0 - 999999999999.999999999999999
G_38_7_1,Características de los créditos de mayor monto aprobados a las empresas por instituciones de financiamiento colectivo 2021 (al mes de la entrevista)_Motivo por el que acudió con esta fuente (número de empresas)_La institución ofrece una tasa de interés más baja,Numeric,"12,15",0.0 - 999999999999.999999999999999
H_38_7_1,Características de los créditos de mayor monto aprobados a las empresas por instituciones de financiamiento colectivo 2021 (al mes de la entrevista)_Motivo por el que acudió con esta fuente (número de empresas)_La institución ofrece una tasa de interés fija,Numeric,"12,15",0.0 - 999999999999.999999999999999
I_38_7_1,Características de los créditos de mayor monto aprobados a las empresas por instituciones de financiamiento colectivo 2021 (al mes de la entrevista)_Motivo por el que acudió con esta fuente (número de empresas)_La institución ofrece un pago mensual fijo,Numeric,"12,15",0.0 - 999999999999.999999999999999
J_38_7_1,Características de los créditos de mayor monto aprobados a las empresas por instituciones de financiamiento colectivo 2021 (al mes de la entrevista)_Motivo por el que acudió con esta fuente (número de empresas)_Esta institución pide menos requisitos que otras,Numeric,"12,15",0.0 - 999999999999.999999999999999
K_38_7_1,Características de los créditos de mayor monto aprobados a las empresas por instituciones de financiamiento colectivo 2021 (al mes de la entrevista)_Motivo por el que acudió con esta fuente (número de empresas)_Otro,Numeric,"12,15",0.0 - 999999999999.999999999999999
L_38_7_1,Características de los créditos de mayor monto aprobados a las empresas por instituciones de financiamiento colectivo 2021 (al mes de la entrevista)_Tipo de crédito aprobado (número de empresas)_No revolvente,Numeric,"12,15",0.0 - 999999999999.999999999999999
M_38_7_1,Características de los créditos de mayor monto aprobados a las empresas por instituciones de financiamiento colectivo 2021 (al mes de la entrevista)_Tipo de crédito aprobado (número de empresas)_Línea de crédito revolvente,Numeric,"12,15",0.0 - 999999999999.999999999999999
N_38_7_1,Características de los créditos de mayor monto aprobados a las empresas por instituciones de financiamiento colectivo 2021 (al mes de la entrevista)_Tipo de crédito aprobado (número de empresas)_Tarjetas de crédito,Numeric,"12,15",0.0 - 999999999999.999999999999999
O_38_7_1,Características de los créditos de mayor monto aprobados a las empresas por instituciones de financiamiento colectivo 2021 (al mes de la entrevista)_Porcentaje promedio aprobado del monto solicitado,Numeric,"12,15",0.0 - 999999999999.999999999999999
P_38_7_1,Características de los créditos de mayor monto aprobados a las empresas por instituciones de financiamiento colectivo 2021 (al mes de la entrevista)_Tasa promedio de interés anual del crédito aprobado,Numeric,"12,15",0.0 - 999999999999.999999999999999
Q_38_7_1,Características de los créditos de mayor monto aprobados a las empresas por instituciones de financiamiento colectivo 2021 (al mes de la entrevista)_Crédito aprobado a tasa de interés (número de empresas)_Empresas con crédito aprobado a tasa de interés fija,Numeric,"12,15",0.0 - 999999999999.999999999999999
R_38_7_1,Características de los créditos de mayor monto aprobados a las empresas por instituciones de financiamiento colectivo 2021 (al mes de la entrevista)_Crédito aprobado a tasa de interés (número de empresas)_Empresas con crédito aprobado a tasa de interés variable,Numeric,"12,15",0.0 - 999999999999.999999999999999
S_38_7_1,Características de los créditos de mayor monto aprobados a las empresas por instituciones de financiamiento colectivo 2021 (al mes de la entrevista)_Plazo promedio de vencimiento del crédito aprobado (meses),Numeric,"12,15",0.0 - 999999999999.999999999999999
T_38_7_1,Características de los créditos de mayor monto aprobados a las empresas por instituciones de financiamiento colectivo 2021 (al mes de la entrevista)_Porcentaje promedio de la comisión por apertura respecto del crédito aprobado,Numeric,"12,15",0.0 - 999999999999.999999999999999
U_38_7_1,Características de los créditos de mayor monto aprobados a las empresas por instituciones de financiamiento colectivo 2021 (al mes de la entrevista)_Uso principal que se le dio al crédito (número de empresas)_Abrir la empresa / iniciar operaciones,Numeric,"12,15",0.0 - 999999999999.999999999999999
V_38_7_1,Características de los créditos de mayor monto aprobados a las empresas por instituciones de financiamiento colectivo 2021 (al mes de la entrevista)_Uso principal que se le dio al crédito (número de empresas)_Expandir el negocio / abrir nuevas sucursales,Numeric,"12,15",0.0 - 999999999999.999999999999999
W_38_7_1,Características de los créditos de mayor monto aprobados a las empresas por instituciones de financiamiento colectivo 2021 (al mes de la entrevista)_Uso principal que se le dio al crédito (número de empresas)_Financiamiento de las operaciones diarias,Numeric,"12,15",0.0 - 999999999999.999999999999999
X_38_7_1,"Características de los créditos de mayor monto aprobados a las empresas por instituciones de financiamiento colectivo 2021 (al mes de la entrevista)_Uso principal que se le dio al crédito (número de empresas)_Compra de bienes de capital (vehículos, equipo, inmuebles)",Numeric,"12,15",0.0 - 999999999999.999999999999999
Y_38_7_1,Características de los créditos de mayor monto aprobados a las empresas por instituciones de financiamiento colectivo 2021 (al mes de la entrevista)_Uso principal que se le dio al crédito (número de empresas)_Pago de deudas / pago de compromisos financieros,Numeric,"12,15",0.0 - 999999999999.999999999999999
Z_38_7_1,Características de los créditos de mayor monto aprobados a las empresas por instituciones de financiamiento colectivo 2021 (al mes de la entrevista)_Uso principal que se le dio al crédito (número de empresas)_Pago de nómina,Numeric,"12,15",0.0 - 999999999999.999999999999999
AA_38_7_1,"Características de los créditos de mayor monto aprobados a las empresas por instituciones de financiamiento colectivo 2021 (al mes de la entrevista)_Uso principal que se le dio al crédito (número de empresas)_Pago de gastos fijos (renta de inmuebles, entre otros)",Numeric,"12,15",0.0 - 999999999999.999999999999999
AB_38_7_1,Características de los créditos de mayor monto aprobados a las empresas por instituciones de financiamiento colectivo 2021 (al mes de la entrevista)_Uso principal que se le dio al crédito (número de empresas)_Pago de impuestos,Numeric,"12,15",0.0 - 999999999999.999999999999999
AC_38_7_1,Características de los créditos de mayor monto aprobados a las empresas por instituciones de financiamiento colectivo 2021 (al mes de la entrevista)_Uso principal que se le dio al crédito (número de empresas)_Cubrir necesidades de liquidez,Numeric,"12,15",0.0 - 999999999999.999999999999999
AD_38_7_1,Características de los créditos de mayor monto aprobados a las empresas por instituciones de financiamiento colectivo 2021 (al mes de la entrevista)_Uso principal que se le dio al crédito (número de empresas)_Afrontar pérdidas de ejercicios fiscales anteriores,Numeric,"12,15",0.0 - 999999999999.999999999999999
AE_38_7_1,Características de los créditos de mayor monto aprobados a las empresas por instituciones de financiamiento colectivo 2021 (al mes de la entrevista)_Uso principal que se le dio al crédito (número de empresas)_Aún no se ha usado,Numeric,"12,15",0.0 - 999999999999.999999999999999
AF_38_7_1,Características de los créditos de mayor monto aprobados a las empresas por instituciones de financiamiento colectivo 2021 (al mes de la entrevista)_Uso principal que se le dio al crédito (número de empresas)_Otro,Numeric,"12,15",0.0 - 999999999999.999999999999999
AG_38_7_1,"Características de los créditos de mayor monto aprobados a las empresas por instituciones de financiamiento colectivo 2021 (al mes de la entrevista)_Producto financiero adicional contratado con la apertura del crédito (cheques, banca en línea , seguros, tarjetas, entre otros) (número de empresas) _Sí",Numeric,"12,15",0.0 - 999999999999.999999999999999
AH_38_7_1,"Características de los créditos de mayor monto aprobados a las empresas por instituciones de financiamiento colectivo 2021 (al mes de la entrevista)_Producto financiero adicional contratado con la apertura del crédito (cheques, banca en línea , seguros, tarjetas, entre otros) (número de empresas) _No",Numeric,"12,15",0.0 - 999999999999.999999999999999
AI_38_7_1,Características de los créditos de mayor monto aprobados a las empresas por instituciones de financiamiento colectivo 2021 (al mes de la entrevista)_Tuvo que dar garantía para obtener el crédito (número de empresas)_Sí,Numeric,"12,15",0.0 - 999999999999.999999999999999
AJ_38_7_1,Características de los créditos de mayor monto aprobados a las empresas por instituciones de financiamiento colectivo 2021 (al mes de la entrevista)_Tuvo que dar garantía para obtener el crédito (número de empresas)_No,Numeric,"12,15",0.0 - 999999999999.999999999999999
AK_38_7_1,Características de los créditos de mayor monto aprobados a las empresas por instituciones de financiamiento colectivo 2021 (al mes de la entrevista)_Tipo de garantía que otorgó para obtener el crédito (número de empresas)_Ahorros o activos de dueños (as) o socios (as),Numeric,"12,15",0.0 - 999999999999.999999999999999
AL_38_7_1,Características de los créditos de mayor monto aprobados a las empresas por instituciones de financiamiento colectivo 2021 (al mes de la entrevista)_Tipo de garantía que otorgó para obtener el crédito (número de empresas)_Inventarios o activos de la empresa,Numeric,"12,15",0.0 - 999999999999.999999999999999
AM_38_7_1,Características de los créditos de mayor monto aprobados a las empresas por instituciones de financiamiento colectivo 2021 (al mes de la entrevista)_Tipo de garantía que otorgó para obtener el crédito (número de empresas)_Bienes inmuebles de la empresa,Numeric,"12,15",0.0 - 999999999999.999999999999999
AN_38_7_1,Características de los créditos de mayor monto aprobados a las empresas por instituciones de financiamiento colectivo 2021 (al mes de la entrevista)_Tipo de garantía que otorgó para obtener el crédito (número de empresas)_Cuentas por cobrar de la empresa,Numeric,"12,15",0.0 - 999999999999.999999999999999
AO_38_7_1,Características de los créditos de mayor monto aprobados a las empresas por instituciones de financiamiento colectivo 2021 (al mes de la entrevista)_Tipo de garantía que otorgó para obtener el crédito (número de empresas)_Aval de una institución gubernamental,Numeric,"12,15",0.0 - 999999999999.999999999999999
AP_38_7_1,Características de los créditos de mayor monto aprobados a las empresas por instituciones de financiamiento colectivo 2021 (al mes de la entrevista)_Tipo de garantía que otorgó para obtener el crédito (número de empresas)_Aval de un particular (familiar o amistades),Numeric,"12,15",0.0 - 999999999999.999999999999999
AQ_38_7_1,Características de los créditos de mayor monto aprobados a las empresas por instituciones de financiamiento colectivo 2021 (al mes de la entrevista)_Tipo de garantía que otorgó para obtener el crédito (número de empresas)_Otras,Numeric,"12,15",0.0 - 999999999999.999999999999999
AR_38_7_1,Características de los créditos de mayor monto aprobados a las empresas por instituciones de financiamiento colectivo 2021 (al mes de la entrevista)_Porcentaje promedio que la garantía representó con relación al crédito,Numeric,"12,15",0.0 - 999999999999.999999999999999
C_38_7_2,Características de los créditos de mayor monto aprobados a las empresas por instituciones de financiamiento colectivo 2020_Total de créditos,Numeric,"12,15",0.0 - 999999999999.999999999999999
D_38_7_2,Características de los créditos de mayor monto aprobados a las empresas por instituciones de financiamiento colectivo 2020_Motivo por el que acudió con esta fuente (número de empresas)_La sucursal está cerca,Numeric,"12,15",0.0 - 999999999999.999999999999999
E_38_7_2,Características de los créditos de mayor monto aprobados a las empresas por instituciones de financiamiento colectivo 2020_Motivo por el que acudió con esta fuente (número de empresas)_Las comisiones son bajas,Numeric,"12,15",0.0 - 999999999999.999999999999999
F_38_7_2,Características de los créditos de mayor monto aprobados a las empresas por instituciones de financiamiento colectivo 2020_Motivo por el que acudió con esta fuente (número de empresas)_La institución ya le ofrecía servicios adicionales,Numeric,"12,15",0.0 - 999999999999.999999999999999
G_38_7_2,Características de los créditos de mayor monto aprobados a las empresas por instituciones de financiamiento colectivo 2020_Motivo por el que acudió con esta fuente (número de empresas)_La institución ofrece una tasa de interés más baja,Numeric,"12,15",0.0 - 999999999999.999999999999999
H_38_7_2,Características de los créditos de mayor monto aprobados a las empresas por instituciones de financiamiento colectivo 2020_Motivo por el que acudió con esta fuente (número de empresas)_La institución ofrece una tasa de interés fija,Numeric,"12,15",0.0 - 999999999999.999999999999999
I_38_7_2,Características de los créditos de mayor monto aprobados a las empresas por instituciones de financiamiento colectivo 2020_Motivo por el que acudió con esta fuente (número de empresas)_La institución ofrece un pago mensual fijo,Numeric,"12,15",0.0 - 999999999999.999999999999999
J_38_7_2,Características de los créditos de mayor monto aprobados a las empresas por instituciones de financiamiento colectivo 2020_Motivo por el que acudió con esta fuente (número de empresas)_Esta institución pide menos requisitos que otras,Numeric,"12,15",0.0 - 999999999999.999999999999999
K_38_7_2,Características de los créditos de mayor monto aprobados a las empresas por instituciones de financiamiento colectivo 2020_Motivo por el que acudió con esta fuente (número de empresas)_Otro,Numeric,"12,15",0.0 - 999999999999.999999999999999
L_38_7_2,Características de los créditos de mayor monto aprobados a las empresas por instituciones de financiamiento colectivo 2020_Tipo de crédito aprobado (número de empresas)_No revolvente,Numeric,"12,15",0.0 - 999999999999.999999999999999
M_38_7_2,Características de los créditos de mayor monto aprobados a las empresas por instituciones de financiamiento colectivo 2020_Tipo de crédito aprobado (número de empresas)_Línea de crédito revolvente,Numeric,"12,15",0.0 - 999999999999.999999999999999
N_38_7_2,Características de los créditos de mayor monto aprobados a las empresas por instituciones de financiamiento colectivo 2020_Tipo de crédito aprobado (número de empresas)_Tarjetas de crédito,Numeric,"12,15",0.0 - 999999999999.999999999999999
O_38_7_2,Características de los créditos de mayor monto aprobados a las empresas por instituciones de financiamiento colectivo 2020_Porcentaje promedio aprobado del monto solicitado,Numeric,"12,15",0.0 - 999999999999.999999999999999
P_38_7_2,Características de los créditos de mayor monto aprobados a las empresas por instituciones de financiamiento colectivo 2020_Tasa promedio de interés anual del crédito aprobado,Numeric,"12,15",0.0 - 999999999999.999999999999999
Q_38_7_2,Características de los créditos de mayor monto aprobados a las empresas por instituciones de financiamiento colectivo 2020_Crédito aprobado a tasa de interés (número de empresas)_Empresas con crédito aprobado a tasa de interés fija,Numeric,"12,15",0.0 - 999999999999.999999999999999
R_38_7_2,Características de los créditos de mayor monto aprobados a las empresas por instituciones de financiamiento colectivo 2020_Crédito aprobado a tasa de interés (número de empresas)_Empresas con crédito aprobado a tasa de interés variable,Numeric,"12,15",0.0 - 999999999999.999999999999999
S_38_7_2,Características de los créditos de mayor monto aprobados a las empresas por instituciones de financiamiento colectivo 2020_Plazo promedio de vencimiento del crédito aprobado (meses),Numeric,"12,15",0.0 - 999999999999.999999999999999
T_38_7_2,Características de los créditos de mayor monto aprobados a las empresas por instituciones de financiamiento colectivo 2020_Porcentaje promedio de la comisión por apertura respecto del crédito aprobado,Numeric,"12,15",0.0 - 999999999999.999999999999999
U_38_7_2,Características de los créditos de mayor monto aprobados a las empresas por instituciones de financiamiento colectivo 2020_Uso principal que se le dio al crédito (número de empresas)_Abrir la empresa / iniciar operaciones,Numeric,"12,15",0.0 - 999999999999.999999999999999
V_38_7_2,Características de los créditos de mayor monto aprobados a las empresas por instituciones de financiamiento colectivo 2020_Uso principal que se le dio al crédito (número de empresas)_Expandir el negocio / abrir nuevas sucursales,Numeric,"12,15",0.0 - 999999999999.999999999999999
W_38_7_2,Características de los créditos de mayor monto aprobados a las empresas por instituciones de financiamiento colectivo 2020_Uso principal que se le dio al crédito (número de empresas)_Financiamiento de las operaciones diarias,Numeric,"12,15",0.0 - 999999999999.999999999999999
X_38_7_2,"Características de los créditos de mayor monto aprobados a las empresas por instituciones de financiamiento colectivo 2020_Uso principal que se le dio al crédito (número de empresas)_Compra de bienes de capital (vehículos, equipo, inmuebles)",Numeric,"12,15",0.0 - 999999999999.999999999999999
Y_38_7_2,Características de los créditos de mayor monto aprobados a las empresas por instituciones de financiamiento colectivo 2020_Uso principal que se le dio al crédito (número de empresas)_Pago de deudas / pago de compromisos financieros,Numeric,"12,15",0.0 - 999999999999.999999999999999
Z_38_7_2,Características de los créditos de mayor monto aprobados a las empresas por instituciones de financiamiento colectivo 2020_Uso principal que se le dio al crédito (número de empresas)_Pago de nómina,Numeric,"12,15",0.0 - 999999999999.999999999999999
AA_38_7_2,"Características de los créditos de mayor monto aprobados a las empresas por instituciones de financiamiento colectivo 2020_Uso principal que se le dio al crédito (número de empresas)_Pago de gastos fijos (renta de inmuebles, entre otros)",Numeric,"12,15",0.0 - 999999999999.999999999999999
AB_38_7_2,Características de los créditos de mayor monto aprobados a las empresas por instituciones de financiamiento colectivo 2020_Uso principal que se le dio al crédito (número de empresas)_Pago de impuestos,Numeric,"12,15",0.0 - 999999999999.999999999999999
AC_38_7_2,Características de los créditos de mayor monto aprobados a las empresas por instituciones de financiamiento colectivo 2020_Uso principal que se le dio al crédito (número de empresas)_Cubrir necesidades de liquidez,Numeric,"12,15",0.0 - 999999999999.999999999999999
AD_38_7_2,Características de los créditos de mayor monto aprobados a las empresas por instituciones de financiamiento colectivo 2020_Uso principal que se le dio al crédito (número de empresas)_Afrontar pérdidas de ejercicios fiscales anteriores,Numeric,"12,15",0.0 - 999999999999.999999999999999
AE_38_7_2,Características de los créditos de mayor monto aprobados a las empresas por instituciones de financiamiento colectivo 2020_Uso principal que se le dio al crédito (número de empresas)_Aún no se ha usado,Numeric,"12,15",0.0 - 999999999999.999999999999999
AF_38_7_2,Características de los créditos de mayor monto aprobados a las empresas por instituciones de financiamiento colectivo 2020_Uso principal que se le dio al crédito (número de empresas)_Otro,Numeric,"12,15",0.0 - 999999999999.999999999999999
AG_38_7_2,"Características de los créditos de mayor monto aprobados a las empresas por instituciones de financiamiento colectivo 2020_Producto financiero adicional contratado con la apertura del crédito (cheques, banca en línea , seguros, tarjetas, entre otros) (número de empresas) _Sí",Numeric,"12,15",0.0 - 999999999999.999999999999999
AH_38_7_2,"Características de los créditos de mayor monto aprobados a las empresas por instituciones de financiamiento colectivo 2020_Producto financiero adicional contratado con la apertura del crédito (cheques, banca en línea , seguros, tarjetas, entre otros) (número de empresas) _No",Numeric,"12,15",0.0 - 999999999999.999999999999999
AI_38_7_2,Características de los créditos de mayor monto aprobados a las empresas por instituciones de financiamiento colectivo 2020_Tuvo que dar garantía para obtener el crédito (número de empresas)_Sí,Numeric,"12,15",0.0 - 999999999999.999999999999999
AJ_38_7_2,Características de los créditos de mayor monto aprobados a las empresas por instituciones de financiamiento colectivo 2020_Tuvo que dar garantía para obtener el crédito (número de empresas)_No,Numeric,"12,15",0.0 - 999999999999.999999999999999
AK_38_7_2,Características de los créditos de mayor monto aprobados a las empresas por instituciones de financiamiento colectivo 2020_Tipo de garantía que otorgó para obtener el crédito (número de empresas)_Ahorros o activos de dueños (as) o socios (as),Numeric,"12,15",0.0 - 999999999999.999999999999999
AL_38_7_2,Características de los créditos de mayor monto aprobados a las empresas por instituciones de financiamiento colectivo 2020_Tipo de garantía que otorgó para obtener el crédito (número de empresas)_Inventarios o activos de la empresa,Numeric,"12,15",0.0 - 999999999999.999999999999999
AM_38_7_2,Características de los créditos de mayor monto aprobados a las empresas por instituciones de financiamiento colectivo 2020_Tipo de garantía que otorgó para obtener el crédito (número de empresas)_Bienes inmuebles de la empresa,Numeric,"12,15",0.0 - 999999999999.999999999999999
AN_38_7_2,Características de los créditos de mayor monto aprobados a las empresas por instituciones de financiamiento colectivo 2020_Tipo de garantía que otorgó para obtener el crédito (número de empresas)_Cuentas por cobrar de la empresa,Numeric,"12,15",0.0 - 999999999999.999999999999999
AO_38_7_2,Características de los créditos de mayor monto aprobados a las empresas por instituciones de financiamiento colectivo 2020_Tipo de garantía que otorgó para obtener el crédito (número de empresas)_Aval de una institución gubernamental,Numeric,"12,15",0.0 - 999999999999.999999999999999
AP_38_7_2,Características de los créditos de mayor monto aprobados a las empresas por instituciones de financiamiento colectivo 2020_Tipo de garantía que otorgó para obtener el crédito (número de empresas)_Aval de un particular (familiar o amistades),Numeric,"12,15",0.0 - 999999999999.999999999999999
AQ_38_7_2,Características de los créditos de mayor monto aprobados a las empresas por instituciones de financiamiento colectivo 2020_Tipo de garantía que otorgó para obtener el crédito (número de empresas)_Otras,Numeric,"12,15",0.0 - 999999999999.999999999999999
AR_38_7_2,Características de los créditos de mayor monto aprobados a las empresas por instituciones de financiamiento colectivo 2020_Porcentaje promedio que la garantía representó con relación al crédito,Numeric,"12,15",0.0 - 999999999999.999999999999999
C_38_7_3,Características de los créditos de mayor monto aprobados a las empresas por instituciones de financiamiento colectivo 2019_Total de créditos,Numeric,"12,15",0.0 - 999999999999.999999999999999
D_38_7_3,Características de los créditos de mayor monto aprobados a las empresas por instituciones de financiamiento colectivo 2019_Motivo por el que acudió con esta fuente (número de empresas)_La sucursal está cerca,Numeric,"12,15",0.0 - 999999999999.999999999999999
E_38_7_3,Características de los créditos de mayor monto aprobados a las empresas por instituciones de financiamiento colectivo 2019_Motivo por el que acudió con esta fuente (número de empresas)_Las comisiones son bajas,Numeric,"12,15",0.0 - 999999999999.999999999999999
F_38_7_3,Características de los créditos de mayor monto aprobados a las empresas por instituciones de financiamiento colectivo 2019_Motivo por el que acudió con esta fuente (número de empresas)_La institución ya le ofrecía servicios adicionales,Numeric,"12,15",0.0 - 999999999999.999999999999999
G_38_7_3,Características de los créditos de mayor monto aprobados a las empresas por instituciones de financiamiento colectivo 2019_Motivo por el que acudió con esta fuente (número de empresas)_La institución ofrece una tasa de interés más baja,Numeric,"12,15",0.0 - 999999999999.999999999999999
H_38_7_3,Características de los créditos de mayor monto aprobados a las empresas por instituciones de financiamiento colectivo 2019_Motivo por el que acudió con esta fuente (número de empresas)_La institución ofrece una tasa de interés fija,Numeric,"12,15",0.0 - 999999999999.999999999999999
I_38_7_3,Características de los créditos de mayor monto aprobados a las empresas por instituciones de financiamiento colectivo 2019_Motivo por el que acudió con esta fuente (número de empresas)_La institución ofrece un pago mensual fijo,Numeric,"12,15",0.0 - 999999999999.999999999999999
J_38_7_3,Características de los créditos de mayor monto aprobados a las empresas por instituciones de financiamiento colectivo 2019_Motivo por el que acudió con esta fuente (número de empresas)_Esta institución pide menos requisitos que otras,Numeric,"12,15",0.0 - 999999999999.999999999999999
K_38_7_3,Características de los créditos de mayor monto aprobados a las empresas por instituciones de financiamiento colectivo 2019_Motivo por el que acudió con esta fuente (número de empresas)_Otro,Numeric,"12,15",0.0 - 999999999999.999999999999999
L_38_7_3,Características de los créditos de mayor monto aprobados a las empresas por instituciones de financiamiento colectivo 2019_Tipo de crédito aprobado (número de empresas)_No revolvente,Numeric,"12,15",0.0 - 999999999999.999999999999999
M_38_7_3,Características de los créditos de mayor monto aprobados a las empresas por instituciones de financiamiento colectivo 2019_Tipo de crédito aprobado (número de empresas)_Línea de crédito revolvente,Numeric,"12,15",0.0 - 999999999999.999999999999999
N_38_7_3,Características de los créditos de mayor monto aprobados a las empresas por instituciones de financiamiento colectivo 2019_Tipo de crédito aprobado (número de empresas)_Tarjetas de crédito,Numeric,"12,15",0.0 - 999999999999.999999999999999
O_38_7_3,Características de los créditos de mayor monto aprobados a las empresas por instituciones de financiamiento colectivo 2019_Porcentaje promedio aprobado del monto solicitado,Numeric,"12,15",0.0 - 999999999999.999999999999999
P_38_7_3,Características de los créditos de mayor monto aprobados a las empresas por instituciones de financiamiento colectivo 2019_Tasa promedio de interés anual del crédito aprobado,Numeric,"12,15",0.0 - 999999999999.999999999999999
Q_38_7_3,Características de los créditos de mayor monto aprobados a las empresas por instituciones de financiamiento colectivo 2019_Crédito aprobado a tasa de interés (número de empresas)_Empresas con crédito aprobado a tasa de interés fija,Numeric,"12,15",0.0 - 999999999999.999999999999999
R_38_7_3,Características de los créditos de mayor monto aprobados a las empresas por instituciones de financiamiento colectivo 2019_Crédito aprobado a tasa de interés (número de empresas)_Empresas con crédito aprobado a tasa de interés variable,Numeric,"12,15",0.0 - 999999999999.999999999999999
S_38_7_3,Características de los créditos de mayor monto aprobados a las empresas por instituciones de financiamiento colectivo 2019_Plazo promedio de vencimiento del crédito aprobado (meses),Numeric,"12,15",0.0 - 999999999999.999999999999999
T_38_7_3,Características de los créditos de mayor monto aprobados a las empresas por instituciones de financiamiento colectivo 2019_Porcentaje promedio de la comisión por apertura respecto del crédito aprobado,Numeric,"12,15",0.0 - 999999999999.999999999999999
U_38_7_3,Características de los créditos de mayor monto aprobados a las empresas por instituciones de financiamiento colectivo 2019_Uso principal que se le dio al crédito (número de empresas)_Abrir la empresa / iniciar operaciones,Numeric,"12,15",0.0 - 999999999999.999999999999999
V_38_7_3,Características de los créditos de mayor monto aprobados a las empresas por instituciones de financiamiento colectivo 2019_Uso principal que se le dio al crédito (número de empresas)_Expandir el negocio / abrir nuevas sucursales,Numeric,"12,15",0.0 - 999999999999.999999999999999
W_38_7_3,Características de los créditos de mayor monto aprobados a las empresas por instituciones de financiamiento colectivo 2019_Uso principal que se le dio al crédito (número de empresas)_Financiamiento de las operaciones diarias,Numeric,"12,15",0.0 - 999999999999.999999999999999
X_38_7_3,"Características de los créditos de mayor monto aprobados a las empresas por instituciones de financiamiento colectivo 2019_Uso principal que se le dio al crédito (número de empresas)_Compra de bienes de capital (vehículos, equipo, inmuebles)",Numeric,"12,15",0.0 - 999999999999.999999999999999
Y_38_7_3,Características de los créditos de mayor monto aprobados a las empresas por instituciones de financiamiento colectivo 2019_Uso principal que se le dio al crédito (número de empresas)_Pago de deudas / pago de compromisos financieros,Numeric,"12,15",0.0 - 999999999999.999999999999999
Z_38_7_3,Características de los créditos de mayor monto aprobados a las empresas por instituciones de financiamiento colectivo 2019_Uso principal que se le dio al crédito (número de empresas)_Pago de nómina,Numeric,"12,15",0.0 - 999999999999.999999999999999
AA_38_7_3,"Características de los créditos de mayor monto aprobados a las empresas por instituciones de financiamiento colectivo 2019_Uso principal que se le dio al crédito (número de empresas)_Pago de gastos fijos (renta de inmuebles, entre otros)",Numeric,"12,15",0.0 - 999999999999.999999999999999
AB_38_7_3,Características de los créditos de mayor monto aprobados a las empresas por instituciones de financiamiento colectivo 2019_Uso principal que se le dio al crédito (número de empresas)_Pago de impuestos,Numeric,"12,15",0.0 - 999999999999.999999999999999
AC_38_7_3,Características de los créditos de mayor monto aprobados a las empresas por instituciones de financiamiento colectivo 2019_Uso principal que se le dio al crédito (número de empresas)_Cubrir necesidades de liquidez,Numeric,"12,15",0.0 - 999999999999.999999999999999
AD_38_7_3,Características de los créditos de mayor monto aprobados a las empresas por instituciones de financiamiento colectivo 2019_Uso principal que se le dio al crédito (número de empresas)_Afrontar pérdidas de ejercicios fiscales anteriores,Numeric,"12,15",0.0 - 999999999999.999999999999999
AE_38_7_3,Características de los créditos de mayor monto aprobados a las empresas por instituciones de financiamiento colectivo 2019_Uso principal que se le dio al crédito (número de empresas)_Aún no se ha usado,Numeric,"12,15",0.0 - 999999999999.999999999999999
AF_38_7_3,Características de los créditos de mayor monto aprobados a las empresas por instituciones de financiamiento colectivo 2019_Uso principal que se le dio al crédito (número de empresas)_Otro,Numeric,"12,15",0.0 - 999999999999.999999999999999
AG_38_7_3,"Características de los créditos de mayor monto aprobados a las empresas por instituciones de financiamiento colectivo 2019_Producto financiero adicional contratado con la apertura del crédito (cheques, banca en línea , seguros, tarjetas, entre otros) (número de empresas)_Sí",Numeric,"12,15",0.0 - 999999999999.999999999999999
AH_38_7_3,"Características de los créditos de mayor monto aprobados a las empresas por instituciones de financiamiento colectivo 2019_Producto financiero adicional contratado con la apertura del crédito (cheques, banca en línea , seguros, tarjetas, entre otros) (número de empresas)_No",Numeric,"12,15",0.0 - 999999999999.999999999999999
AI_38_7_3,Características de los créditos de mayor monto aprobados a las empresas por instituciones de financiamiento colectivo 2019_Tuvo que dar garantía para obtener el crédito (número de empresas)_Sí,Numeric,"12,15",0.0 - 999999999999.999999999999999
AJ_38_7_3,Características de los créditos de mayor monto aprobados a las empresas por instituciones de financiamiento colectivo 2019_Tuvo que dar garantía para obtener el crédito (número de empresas)_No,Numeric,"12,15",0.0 - 999999999999.999999999999999
AK_38_7_3,Características de los créditos de mayor monto aprobados a las empresas por instituciones de financiamiento colectivo 2019_Tipo de garantía que otorgó para obtener el crédito (número de empresas)_Ahorros o activos de dueños (as) o socios (as),Numeric,"12,15",0.0 - 999999999999.999999999999999
AL_38_7_3,Características de los créditos de mayor monto aprobados a las empresas por instituciones de financiamiento colectivo 2019_Tipo de garantía que otorgó para obtener el crédito (número de empresas)_Inventarios o activos de la empresa,Numeric,"12,15",0.0 - 999999999999.999999999999999
AM_38_7_3,Características de los créditos de mayor monto aprobados a las empresas por instituciones de financiamiento colectivo 2019_Tipo de garantía que otorgó para obtener el crédito (número de empresas)_Bienes inmuebles de la empresa,Numeric,"12,15",0.0 - 999999999999.999999999999999
AN_38_7_3,Características de los créditos de mayor monto aprobados a las empresas por instituciones de financiamiento colectivo 2019_Tipo de garantía que otorgó para obtener el crédito (número de empresas)_Cuentas por cobrar de la empresa,Numeric,"12,15",0.0 - 999999999999.999999999999999
AO_38_7_3,Características de los créditos de mayor monto aprobados a las empresas por instituciones de financiamiento colectivo 2019_Tipo de garantía que otorgó para obtener el crédito (número de empresas)_Aval de una institución gubernamental,Numeric,"12,15",0.0 - 999999999999.999999999999999
AP_38_7_3,Características de los créditos de mayor monto aprobados a las empresas por instituciones de financiamiento colectivo 2019_Tipo de garantía que otorgó para obtener el crédito (número de empresas)_Aval de un particular (familiar o amistades),Numeric,"12,15",0.0 - 999999999999.999999999999999
AQ_38_7_3,Características de los créditos de mayor monto aprobados a las empresas por instituciones de financiamiento colectivo 2019_Tipo de garantía que otorgó para obtener el crédito (número de empresas)_Otras,Numeric,"12,15",0.0 - 999999999999.999999999999999
AR_38_7_3,Características de los créditos de mayor monto aprobados a las empresas por instituciones de financiamiento colectivo 2019_Porcentaje promedio que la garantía representó con relación al crédito,Numeric,"12,15",0.0 - 999999999999.999999999999999
C_38_8_1,Características de los créditos de mayor monto aprobados a las empresas por controladora u otras entidades del grupo empresarial 2021 (al mes de la entrevista)_Total de créditos,Numeric,"12,15",0.0 - 999999999999.999999999999999
D_38_8_1,Características de los créditos de mayor monto aprobados a las empresas por controladora u otras entidades del grupo empresarial 2021 (al mes de la entrevista)_Motivo por el que acudió con esta fuente (número de empresas)_La sucursal está cerca,Numeric,"12,15",0.0 - 999999999999.999999999999999
E_38_8_1,Características de los créditos de mayor monto aprobados a las empresas por controladora u otras entidades del grupo empresarial 2021 (al mes de la entrevista)_Motivo por el que acudió con esta fuente (número de empresas)_Las comisiones son bajas,Numeric,"12,15",0.0 - 999999999999.999999999999999
F_38_8_1,Características de los créditos de mayor monto aprobados a las empresas por controladora u otras entidades del grupo empresarial 2021 (al mes de la entrevista)_Motivo por el que acudió con esta fuente (número de empresas)_La institución ya le ofrecía servicios adicionales,Numeric,"12,15",0.0 - 999999999999.999999999999999
G_38_8_1,Características de los créditos de mayor monto aprobados a las empresas por controladora u otras entidades del grupo empresarial 2021 (al mes de la entrevista)_Motivo por el que acudió con esta fuente (número de empresas)_La institución ofrece una tasa de interés más baja,Numeric,"12,15",0.0 - 999999999999.999999999999999
H_38_8_1,Características de los créditos de mayor monto aprobados a las empresas por controladora u otras entidades del grupo empresarial 2021 (al mes de la entrevista)_Motivo por el que acudió con esta fuente (número de empresas)_La institución ofrece una tasa de interés fija,Numeric,"12,15",0.0 - 999999999999.999999999999999
I_38_8_1,Características de los créditos de mayor monto aprobados a las empresas por controladora u otras entidades del grupo empresarial 2021 (al mes de la entrevista)_Motivo por el que acudió con esta fuente (número de empresas)_La institución ofrece un pago mensual fijo,Numeric,"12,15",0.0 - 999999999999.999999999999999
J_38_8_1,Características de los créditos de mayor monto aprobados a las empresas por controladora u otras entidades del grupo empresarial 2021 (al mes de la entrevista)_Motivo por el que acudió con esta fuente (número de empresas)_Esta institución pide menos requisitos que otras,Numeric,"12,15",0.0 - 999999999999.999999999999999
K_38_8_1,Características de los créditos de mayor monto aprobados a las empresas por controladora u otras entidades del grupo empresarial 2021 (al mes de la entrevista)_Motivo por el que acudió con esta fuente (número de empresas)_Otro,Numeric,"12,15",0.0 - 999999999999.999999999999999
L_38_8_1,Características de los créditos de mayor monto aprobados a las empresas por controladora u otras entidades del grupo empresarial 2021 (al mes de la entrevista)_Tipo de crédito aprobado (número de empresas)_No revolvente,Numeric,"12,15",0.0 - 999999999999.999999999999999
M_38_8_1,Características de los créditos de mayor monto aprobados a las empresas por controladora u otras entidades del grupo empresarial 2021 (al mes de la entrevista)_Tipo de crédito aprobado (número de empresas)_Línea de crédito revolvente,Numeric,"12,15",0.0 - 999999999999.999999999999999
N_38_8_1,Características de los créditos de mayor monto aprobados a las empresas por controladora u otras entidades del grupo empresarial 2021 (al mes de la entrevista)_Tipo de crédito aprobado (número de empresas)_Tarjetas de crédito,Numeric,"12,15",0.0 - 999999999999.999999999999999
O_38_8_1,Características de los créditos de mayor monto aprobados a las empresas por controladora u otras entidades del grupo empresarial 2021 (al mes de la entrevista)_Porcentaje promedio aprobado del monto solicitado,Numeric,"12,15",0.0 - 999999999999.999999999999999
P_38_8_1,Características de los créditos de mayor monto aprobados a las empresas por controladora u otras entidades del grupo empresarial 2021 (al mes de la entrevista)_Tasa promedio de interés anual del crédito aprobado,Numeric,"12,15",0.0 - 999999999999.999999999999999
Q_38_8_1,Características de los créditos de mayor monto aprobados a las empresas por controladora u otras entidades del grupo empresarial 2021 (al mes de la entrevista)_Crédito aprobado a tasa de interés (número de empresas)_Empresas con crédito aprobado a tasa de interés fija,Numeric,"12,15",0.0 - 999999999999.999999999999999
R_38_8_1,Características de los créditos de mayor monto aprobados a las empresas por controladora u otras entidades del grupo empresarial 2021 (al mes de la entrevista)_Crédito aprobado a tasa de interés (número de empresas)_Empresas con crédito aprobado a tasa de interés variable,Numeric,"12,15",0.0 - 999999999999.999999999999999
S_38_8_1,Características de los créditos de mayor monto aprobados a las empresas por controladora u otras entidades del grupo empresarial 2021 (al mes de la entrevista)_Plazo promedio de vencimiento del crédito aprobado (meses),Numeric,"12,15",0.0 - 999999999999.999999999999999
T_38_8_1,Características de los créditos de mayor monto aprobados a las empresas por controladora u otras entidades del grupo empresarial 2021 (al mes de la entrevista)_Porcentaje promedio de la comisión por apertura respecto del crédito aprobado,Numeric,"12,15",0.0 - 999999999999.999999999999999
U_38_8_1,Características de los créditos de mayor monto aprobados a las empresas por controladora u otras entidades del grupo empresarial 2021 (al mes de la entrevista)_Uso principal que se le dio al crédito (número de empresas)_Abrir la empresa / iniciar operaciones,Numeric,"12,15",0.0 - 999999999999.999999999999999
V_38_8_1,Características de los créditos de mayor monto aprobados a las empresas por controladora u otras entidades del grupo empresarial 2021 (al mes de la entrevista)_Uso principal que se le dio al crédito (número de empresas)_Expandir el negocio / abrir nuevas sucursales,Numeric,"12,15",0.0 - 999999999999.999999999999999
W_38_8_1,Características de los créditos de mayor monto aprobados a las empresas por controladora u otras entidades del grupo empresarial 2021 (al mes de la entrevista)_Uso principal que se le dio al crédito (número de empresas)_Financiamiento de las operaciones diarias,Numeric,"12,15",0.0 - 999999999999.999999999999999
X_38_8_1,"Características de los créditos de mayor monto aprobados a las empresas por controladora u otras entidades del grupo empresarial 2021 (al mes de la entrevista)_Uso principal que se le dio al crédito (número de empresas)_Compra de bienes de capital (vehículos, equipo, inmuebles)",Numeric,"12,15",0.0 - 999999999999.999999999999999
Y_38_8_1,Características de los créditos de mayor monto aprobados a las empresas por controladora u otras entidades del grupo empresarial 2021 (al mes de la entrevista)_Uso principal que se le dio al crédito (número de empresas)_Pago de deudas / pago de compromisos financieros,Numeric,"12,15",0.0 - 999999999999.999999999999999
Z_38_8_1,Características de los créditos de mayor monto aprobados a las empresas por controladora u otras entidades del grupo empresarial 2021 (al mes de la entrevista)_Uso principal que se le dio al crédito (número de empresas)_Pago de nómina,Numeric,"12,15",0.0 - 999999999999.999999999999999
AA_38_8_1,"Características de los créditos de mayor monto aprobados a las empresas por controladora u otras entidades del grupo empresarial 2021 (al mes de la entrevista)_Uso principal que se le dio al crédito (número de empresas)_Pago de gastos fijos (renta de inmuebles, entre otros)",Numeric,"12,15",0.0 - 999999999999.999999999999999
AB_38_8_1,Características de los créditos de mayor monto aprobados a las empresas por controladora u otras entidades del grupo empresarial 2021 (al mes de la entrevista)_Uso principal que se le dio al crédito (número de empresas)_Pago de impuestos,Numeric,"12,15",0.0 - 999999999999.999999999999999
AC_38_8_1,Características de los créditos de mayor monto aprobados a las empresas por controladora u otras entidades del grupo empresarial 2021 (al mes de la entrevista)_Uso principal que se le dio al crédito (número de empresas)_Cubrir necesidades de liquidez,Numeric,"12,15",0.0 - 999999999999.999999999999999
AD_38_8_1,Características de los créditos de mayor monto aprobados a las empresas por controladora u otras entidades del grupo empresarial 2021 (al mes de la entrevista)_Uso principal que se le dio al crédito (número de empresas)_Afrontar pérdidas de ejercicios fiscales anteriores,Numeric,"12,15",0.0 - 999999999999.999999999999999
AE_38_8_1,Características de los créditos de mayor monto aprobados a las empresas por controladora u otras entidades del grupo empresarial 2021 (al mes de la entrevista)_Uso principal que se le dio al crédito (número de empresas)_Aún no se ha usado,Numeric,"12,15",0.0 - 999999999999.999999999999999
AF_38_8_1,Características de los créditos de mayor monto aprobados a las empresas por controladora u otras entidades del grupo empresarial 2021 (al mes de la entrevista)_Uso principal que se le dio al crédito (número de empresas)_Otro,Numeric,"12,15",0.0 - 999999999999.999999999999999
AG_38_8_1,"Características de los créditos de mayor monto aprobados a las empresas por controladora u otras entidades del grupo empresarial 2021 (al mes de la entrevista)_Producto financiero adicional contratado con la apertura del crédito (cheques, banca en línea , seguros, tarjetas, entre otros) (número de empresas) _Sí",Numeric,"12,15",0.0 - 999999999999.999999999999999
AH_38_8_1,"Características de los créditos de mayor monto aprobados a las empresas por controladora u otras entidades del grupo empresarial 2021 (al mes de la entrevista)_Producto financiero adicional contratado con la apertura del crédito (cheques, banca en línea , seguros, tarjetas, entre otros) (número de empresas) _No",Numeric,"12,15",0.0 - 999999999999.999999999999999
AI_38_8_1,Características de los créditos de mayor monto aprobados a las empresas por controladora u otras entidades del grupo empresarial 2021 (al mes de la entrevista)_Tuvo que dar garantía para obtener el crédito (número de empresas)_Sí,Numeric,"12,15",0.0 - 999999999999.999999999999999
AJ_38_8_1,Características de los créditos de mayor monto aprobados a las empresas por controladora u otras entidades del grupo empresarial 2021 (al mes de la entrevista)_Tuvo que dar garantía para obtener el crédito (número de empresas)_No,Numeric,"12,15",0.0 - 999999999999.999999999999999
AK_38_8_1,Características de los créditos de mayor monto aprobados a las empresas por controladora u otras entidades del grupo empresarial 2021 (al mes de la entrevista)_Tipo de garantía que otorgó para obtener el crédito (número de empresas)_Ahorros o activos de dueños (as) o socios (as),Numeric,"12,15",0.0 - 999999999999.999999999999999
AL_38_8_1,Características de los créditos de mayor monto aprobados a las empresas por controladora u otras entidades del grupo empresarial 2021 (al mes de la entrevista)_Tipo de garantía que otorgó para obtener el crédito (número de empresas)_Inventarios o activos de la empresa,Numeric,"12,15",0.0 - 999999999999.999999999999999
AM_38_8_1,Características de los créditos de mayor monto aprobados a las empresas por controladora u otras entidades del grupo empresarial 2021 (al mes de la entrevista)_Tipo de garantía que otorgó para obtener el crédito (número de empresas)_Bienes inmuebles de la empresa,Numeric,"12,15",0.0 - 999999999999.999999999999999
AN_38_8_1,Características de los créditos de mayor monto aprobados a las empresas por controladora u otras entidades del grupo empresarial 2021 (al mes de la entrevista)_Tipo de garantía que otorgó para obtener el crédito (número de empresas)_Cuentas por cobrar de la empresa,Numeric,"12,15",0.0 - 999999999999.999999999999999
AO_38_8_1,Características de los créditos de mayor monto aprobados a las empresas por controladora u otras entidades del grupo empresarial 2021 (al mes de la entrevista)_Tipo de garantía que otorgó para obtener el crédito (número de empresas)_Aval de una institución gubernamental,Numeric,"12,15",0.0 - 999999999999.999999999999999
AP_38_8_1,Características de los créditos de mayor monto aprobados a las empresas por controladora u otras entidades del grupo empresarial 2021 (al mes de la entrevista)_Tipo de garantía que otorgó para obtener el crédito (número de empresas)_Aval de un particular (familiar o amistades),Numeric,"12,15",0.0 - 999999999999.999999999999999
AQ_38_8_1,Características de los créditos de mayor monto aprobados a las empresas por controladora u otras entidades del grupo empresarial 2021 (al mes de la entrevista)_Tipo de garantía que otorgó para obtener el crédito (número de empresas)_Otras,Numeric,"12,15",0.0 - 999999999999.999999999999999
AR_38_8_1,Características de los créditos de mayor monto aprobados a las empresas por controladora u otras entidades del grupo empresarial 2021 (al mes de la entrevista)_Porcentaje promedio que la garantía representó con relación al crédito,Numeric,"12,15",0.0 - 999999999999.999999999999999
C_38_8_2,Características de los créditos de mayor monto aprobados a las empresas por controladora u otras entidades del grupo empresarial 2020_Total de créditos,Numeric,"12,15",0.0 - 999999999999.999999999999999
D_38_8_2,Características de los créditos de mayor monto aprobados a las empresas por controladora u otras entidades del grupo empresarial 2020_Motivo por el que acudió con esta fuente (número de empresas)_La sucursal está cerca,Numeric,"12,15",0.0 - 999999999999.999999999999999
E_38_8_2,Características de los créditos de mayor monto aprobados a las empresas por controladora u otras entidades del grupo empresarial 2020_Motivo por el que acudió con esta fuente (número de empresas)_Las comisiones son bajas,Numeric,"12,15",0.0 - 999999999999.999999999999999
F_38_8_2,Características de los créditos de mayor monto aprobados a las empresas por controladora u otras entidades del grupo empresarial 2020_Motivo por el que acudió con esta fuente (número de empresas)_La institución ya le ofrecía servicios adicionales,Numeric,"12,15",0.0 - 999999999999.999999999999999
G_38_8_2,Características de los créditos de mayor monto aprobados a las empresas por controladora u otras entidades del grupo empresarial 2020_Motivo por el que acudió con esta fuente (número de empresas)_La institución ofrece una tasa de interés más baja,Numeric,"12,15",0.0 - 999999999999.999999999999999
H_38_8_2,Características de los créditos de mayor monto aprobados a las empresas por controladora u otras entidades del grupo empresarial 2020_Motivo por el que acudió con esta fuente (número de empresas)_La institución ofrece una tasa de interés fija,Numeric,"12,15",0.0 - 999999999999.999999999999999
I_38_8_2,Características de los créditos de mayor monto aprobados a las empresas por controladora u otras entidades del grupo empresarial 2020_Motivo por el que acudió con esta fuente (número de empresas)_La institución ofrece un pago mensual fijo,Numeric,"12,15",0.0 - 999999999999.999999999999999
J_38_8_2,Características de los créditos de mayor monto aprobados a las empresas por controladora u otras entidades del grupo empresarial 2020_Motivo por el que acudió con esta fuente (número de empresas)_Esta institución pide menos requisitos que otras,Numeric,"12,15",0.0 - 999999999999.999999999999999
K_38_8_2,Características de los créditos de mayor monto aprobados a las empresas por controladora u otras entidades del grupo empresarial 2020_Motivo por el que acudió con esta fuente (número de empresas)_Otro,Numeric,"12,15",0.0 - 999999999999.999999999999999
L_38_8_2,Características de los créditos de mayor monto aprobados a las empresas por controladora u otras entidades del grupo empresarial 2020_Tipo de crédito aprobado (número de empresas)_No revolvente,Numeric,"12,15",0.0 - 999999999999.999999999999999
M_38_8_2,Características de los créditos de mayor monto aprobados a las empresas por controladora u otras entidades del grupo empresarial 2020_Tipo de crédito aprobado (número de empresas)_Línea de crédito revolvente,Numeric,"12,15",0.0 - 999999999999.999999999999999
N_38_8_2,Características de los créditos de mayor monto aprobados a las empresas por controladora u otras entidades del grupo empresarial 2020_Tipo de crédito aprobado (número de empresas)_Tarjetas de crédito,Numeric,"12,15",0.0 - 999999999999.999999999999999
O_38_8_2,Características de los créditos de mayor monto aprobados a las empresas por controladora u otras entidades del grupo empresarial 2020_Porcentaje promedio aprobado del monto solicitado,Numeric,"12,15",0.0 - 999999999999.999999999999999
P_38_8_2,Características de los créditos de mayor monto aprobados a las empresas por controladora u otras entidades del grupo empresarial 2020_Tasa promedio de interés anual del crédito aprobado,Numeric,"12,15",0.0 - 999999999999.999999999999999
Q_38_8_2,Características de los créditos de mayor monto aprobados a las empresas por controladora u otras entidades del grupo empresarial 2020_Crédito aprobado a tasa de interés (número de empresas)_Empresas con crédito aprobado a tasa de interés fija,Numeric,"12,15",0.0 - 999999999999.999999999999999
R_38_8_2,Características de los créditos de mayor monto aprobados a las empresas por controladora u otras entidades del grupo empresarial 2020_Crédito aprobado a tasa de interés (número de empresas)_Empresas con crédito aprobado a tasa de interés variable,Numeric,"12,15",0.0 - 999999999999.999999999999999
S_38_8_2,Características de los créditos de mayor monto aprobados a las empresas por controladora u otras entidades del grupo empresarial 2020_Plazo promedio de vencimiento del crédito aprobado (meses),Numeric,"12,15",0.0 - 999999999999.999999999999999
T_38_8_2,Características de los créditos de mayor monto aprobados a las empresas por controladora u otras entidades del grupo empresarial 2020_Porcentaje promedio de la comisión por apertura respecto del crédito aprobado,Numeric,"12,15",0.0 - 999999999999.999999999999999
U_38_8_2,Características de los créditos de mayor monto aprobados a las empresas por controladora u otras entidades del grupo empresarial 2020_Uso principal que se le dio al crédito (número de empresas)_Abrir la empresa / iniciar operaciones,Numeric,"12,15",0.0 - 999999999999.999999999999999
V_38_8_2,Características de los créditos de mayor monto aprobados a las empresas por controladora u otras entidades del grupo empresarial 2020_Uso principal que se le dio al crédito (número de empresas)_Expandir el negocio / abrir nuevas sucursales,Numeric,"12,15",0.0 - 999999999999.999999999999999
W_38_8_2,Características de los créditos de mayor monto aprobados a las empresas por controladora u otras entidades del grupo empresarial 2020_Uso principal que se le dio al crédito (número de empresas)_Financiamiento de las operaciones diarias,Numeric,"12,15",0.0 - 999999999999.999999999999999
X_38_8_2,"Características de los créditos de mayor monto aprobados a las empresas por controladora u otras entidades del grupo empresarial 2020_Uso principal que se le dio al crédito (número de empresas)_Compra de bienes de capital (vehículos, equipo, inmuebles)",Numeric,"12,15",0.0 - 999999999999.999999999999999
Y_38_8_2,Características de los créditos de mayor monto aprobados a las empresas por controladora u otras entidades del grupo empresarial 2020_Uso principal que se le dio al crédito (número de empresas)_Pago de deudas / pago de compromisos financieros,Numeric,"12,15",0.0 - 999999999999.999999999999999
Z_38_8_2,Características de los créditos de mayor monto aprobados a las empresas por controladora u otras entidades del grupo empresarial 2020_Uso principal que se le dio al crédito (número de empresas)_Pago de nómina,Numeric,"12,15",0.0 - 999999999999.999999999999999
AA_38_8_2,"Características de los créditos de mayor monto aprobados a las empresas por controladora u otras entidades del grupo empresarial 2020_Uso principal que se le dio al crédito (número de empresas)_Pago de gastos fijos (renta de inmuebles, entre otros)",Numeric,"12,15",0.0 - 999999999999.999999999999999
AB_38_8_2,Características de los créditos de mayor monto aprobados a las empresas por controladora u otras entidades del grupo empresarial 2020_Uso principal que se le dio al crédito (número de empresas)_Pago de impuestos,Numeric,"12,15",0.0 - 999999999999.999999999999999
AC_38_8_2,Características de los créditos de mayor monto aprobados a las empresas por controladora u otras entidades del grupo empresarial 2020_Uso principal que se le dio al crédito (número de empresas)_Cubrir necesidades de liquidez,Numeric,"12,15",0.0 - 999999999999.999999999999999
AD_38_8_2,Características de los créditos de mayor monto aprobados a las empresas por controladora u otras entidades del grupo empresarial 2020_Uso principal que se le dio al crédito (número de empresas)_Afrontar pérdidas de ejercicios fiscales anteriores,Numeric,"12,15",0.0 - 999999999999.999999999999999
AE_38_8_2,Características de los créditos de mayor monto aprobados a las empresas por controladora u otras entidades del grupo empresarial 2020_Uso principal que se le dio al crédito (número de empresas)_Aún no se ha usado,Numeric,"12,15",0.0 - 999999999999.999999999999999
AF_38_8_2,Características de los créditos de mayor monto aprobados a las empresas por controladora u otras entidades del grupo empresarial 2020_Uso principal que se le dio al crédito (número de empresas)_Otro,Numeric,"12,15",0.0 - 999999999999.999999999999999
AG_38_8_2,"Características de los créditos de mayor monto aprobados a las empresas por controladora u otras entidades del grupo empresarial 2020_Producto financiero adicional contratado con la apertura del crédito (cheques, banca en línea , seguros, tarjetas, entre otros) (número de empresas) _Sí",Numeric,"12,15",0.0 - 999999999999.999999999999999
AH_38_8_2,"Características de los créditos de mayor monto aprobados a las empresas por controladora u otras entidades del grupo empresarial 2020_Producto financiero adicional contratado con la apertura del crédito (cheques, banca en línea , seguros, tarjetas, entre otros) (número de empresas) _No",Numeric,"12,15",0.0 - 999999999999.999999999999999
AI_38_8_2,Características de los créditos de mayor monto aprobados a las empresas por controladora u otras entidades del grupo empresarial 2020_Tuvo que dar garantía para obtener el crédito (número de empresas)_Sí,Numeric,"12,15",0.0 - 999999999999.999999999999999
AJ_38_8_2,Características de los créditos de mayor monto aprobados a las empresas por controladora u otras entidades del grupo empresarial 2020_Tuvo que dar garantía para obtener el crédito (número de empresas)_No,Numeric,"12,15",0.0 - 999999999999.999999999999999
AK_38_8_2,Características de los créditos de mayor monto aprobados a las empresas por controladora u otras entidades del grupo empresarial 2020_Tipo de garantía que otorgó para obtener el crédito (número de empresas)_Ahorros o activos de dueños (as) o socios (as),Numeric,"12,15",0.0 - 999999999999.999999999999999
AL_38_8_2,Características de los créditos de mayor monto aprobados a las empresas por controladora u otras entidades del grupo empresarial 2020_Tipo de garantía que otorgó para obtener el crédito (número de empresas)_Inventarios o activos de la empresa,Numeric,"12,15",0.0 - 999999999999.999999999999999
AM_38_8_2,Características de los créditos de mayor monto aprobados a las empresas por controladora u otras entidades del grupo empresarial 2020_Tipo de garantía que otorgó para obtener el crédito (número de empresas)_Bienes inmuebles de la empresa,Numeric,"12,15",0.0 - 999999999999.999999999999999
AN_38_8_2,Características de los créditos de mayor monto aprobados a las empresas por controladora u otras entidades del grupo empresarial 2020_Tipo de garantía que otorgó para obtener el crédito (número de empresas)_Cuentas por cobrar de la empresa,Numeric,"12,15",0.0 - 999999999999.999999999999999
AO_38_8_2,Características de los créditos de mayor monto aprobados a las empresas por controladora u otras entidades del grupo empresarial 2020_Tipo de garantía que otorgó para obtener el crédito (número de empresas)_Aval de una institución gubernamental,Numeric,"12,15",0.0 - 999999999999.999999999999999
AP_38_8_2,Características de los créditos de mayor monto aprobados a las empresas por controladora u otras entidades del grupo empresarial 2020_Tipo de garantía que otorgó para obtener el crédito (número de empresas)_Aval de un particular (familiar o amistades),Numeric,"12,15",0.0 - 999999999999.999999999999999
AQ_38_8_2,Características de los créditos de mayor monto aprobados a las empresas por controladora u otras entidades del grupo empresarial 2020_Tipo de garantía que otorgó para obtener el crédito (número de empresas)_Otras,Numeric,"12,15",0.0 - 999999999999.999999999999999
AR_38_8_2,Características de los créditos de mayor monto aprobados a las empresas por controladora u otras entidades del grupo empresarial 2020_Porcentaje promedio que la garantía representó con relación al crédito,Numeric,"12,15",0.0 - 999999999999.999999999999999
C_38_8_3,Características de los créditos de mayor monto aprobados a las empresas por controladora u otras entidades del grupo empresarial 2019_Total de créditos,Numeric,"12,15",0.0 - 999999999999.999999999999999
D_38_8_3,Características de los créditos de mayor monto aprobados a las empresas por controladora u otras entidades del grupo empresarial 2019_Motivo por el que acudió con esta fuente (número de empresas)_La sucursal está cerca,Numeric,"12,15",0.0 - 999999999999.999999999999999
E_38_8_3,Características de los créditos de mayor monto aprobados a las empresas por controladora u otras entidades del grupo empresarial 2019_Motivo por el que acudió con esta fuente (número de empresas)_Las comisiones son bajas,Numeric,"12,15",0.0 - 999999999999.999999999999999
F_38_8_3,Características de los créditos de mayor monto aprobados a las empresas por controladora u otras entidades del grupo empresarial 2019_Motivo por el que acudió con esta fuente (número de empresas)_La institución ya le ofrecía servicios adicionales,Numeric,"12,15",0.0 - 999999999999.999999999999999
G_38_8_3,Características de los créditos de mayor monto aprobados a las empresas por controladora u otras entidades del grupo empresarial 2019_Motivo por el que acudió con esta fuente (número de empresas)_La institución ofrece una tasa de interés más baja,Numeric,"12,15",0.0 - 999999999999.999999999999999
H_38_8_3,Características de los créditos de mayor monto aprobados a las empresas por controladora u otras entidades del grupo empresarial 2019_Motivo por el que acudió con esta fuente (número de empresas)_La institución ofrece una tasa de interés fija,Numeric,"12,15",0.0 - 999999999999.999999999999999
I_38_8_3,Características de los créditos de mayor monto aprobados a las empresas por controladora u otras entidades del grupo empresarial 2019_Motivo por el que acudió con esta fuente (número de empresas)_La institución ofrece un pago mensual fijo,Numeric,"12,15",0.0 - 999999999999.999999999999999
J_38_8_3,Características de los créditos de mayor monto aprobados a las empresas por controladora u otras entidades del grupo empresarial 2019_Motivo por el que acudió con esta fuente (número de empresas)_Esta institución pide menos requisitos que otras,Numeric,"12,15",0.0 - 999999999999.999999999999999
K_38_8_3,Características de los créditos de mayor monto aprobados a las empresas por controladora u otras entidades del grupo empresarial 2019_Motivo por el que acudió con esta fuente (número de empresas)_Otro,Numeric,"12,15",0.0 - 999999999999.999999999999999
L_38_8_3,Características de los créditos de mayor monto aprobados a las empresas por controladora u otras entidades del grupo empresarial 2019_Tipo de crédito aprobado (número de empresas)_No revolvente,Numeric,"12,15",0.0 - 999999999999.999999999999999
M_38_8_3,Características de los créditos de mayor monto aprobados a las empresas por controladora u otras entidades del grupo empresarial 2019_Tipo de crédito aprobado (número de empresas)_Línea de crédito revolvente,Numeric,"12,15",0.0 - 999999999999.999999999999999
N_38_8_3,Características de los créditos de mayor monto aprobados a las empresas por controladora u otras entidades del grupo empresarial 2019_Tipo de crédito aprobado (número de empresas)_Tarjetas de crédito,Numeric,"12,15",0.0 - 999999999999.999999999999999
O_38_8_3,Características de los créditos de mayor monto aprobados a las empresas por controladora u otras entidades del grupo empresarial 2019_Porcentaje promedio aprobado del monto solicitado,Numeric,"12,15",0.0 - 999999999999.999999999999999
P_38_8_3,Características de los créditos de mayor monto aprobados a las empresas por controladora u otras entidades del grupo empresarial 2019_Tasa promedio de interés anual del crédito aprobado,Numeric,"12,15",0.0 - 999999999999.999999999999999
Q_38_8_3,Características de los créditos de mayor monto aprobados a las empresas por controladora u otras entidades del grupo empresarial 2019_Crédito aprobado a tasa de interés (número de empresas)_Empresas con crédito aprobado a tasa de interés fija,Numeric,"12,15",0.0 - 999999999999.999999999999999
R_38_8_3,Características de los créditos de mayor monto aprobados a las empresas por controladora u otras entidades del grupo empresarial 2019_Crédito aprobado a tasa de interés (número de empresas)_Empresas con crédito aprobado a tasa de interés variable,Numeric,"12,15",0.0 - 999999999999.999999999999999
S_38_8_3,Características de los créditos de mayor monto aprobados a las empresas por controladora u otras entidades del grupo empresarial 2019_Plazo promedio de vencimiento del crédito aprobado (meses),Numeric,"12,15",0.0 - 999999999999.999999999999999
T_38_8_3,Características de los créditos de mayor monto aprobados a las empresas por controladora u otras entidades del grupo empresarial 2019_Porcentaje promedio de la comisión por apertura respecto del crédito aprobado,Numeric,"12,15",0.0 - 999999999999.999999999999999
U_38_8_3,Características de los créditos de mayor monto aprobados a las empresas por controladora u otras entidades del grupo empresarial 2019_Uso principal que se le dio al crédito (número de empresas)_Abrir la empresa / iniciar operaciones,Numeric,"12,15",0.0 - 999999999999.999999999999999
V_38_8_3,Características de los créditos de mayor monto aprobados a las empresas por controladora u otras entidades del grupo empresarial 2019_Uso principal que se le dio al crédito (número de empresas)_Expandir el negocio / abrir nuevas sucursales,Numeric,"12,15",0.0 - 999999999999.999999999999999
W_38_8_3,Características de los créditos de mayor monto aprobados a las empresas por controladora u otras entidades del grupo empresarial 2019_Uso principal que se le dio al crédito (número de empresas)_Financiamiento de las operaciones diarias,Numeric,"12,15",0.0 - 999999999999.999999999999999
X_38_8_3,"Características de los créditos de mayor monto aprobados a las empresas por controladora u otras entidades del grupo empresarial 2019_Uso principal que se le dio al crédito (número de empresas)_Compra de bienes de capital (vehículos, equipo, inmuebles)",Numeric,"12,15",0.0 - 999999999999.999999999999999
Y_38_8_3,Características de los créditos de mayor monto aprobados a las empresas por controladora u otras entidades del grupo empresarial 2019_Uso principal que se le dio al crédito (número de empresas)_Pago de deudas / pago de compromisos financieros,Numeric,"12,15",0.0 - 999999999999.999999999999999
Z_38_8_3,Características de los créditos de mayor monto aprobados a las empresas por controladora u otras entidades del grupo empresarial 2019_Uso principal que se le dio al crédito (número de empresas)_Pago de nómina,Numeric,"12,15",0.0 - 999999999999.999999999999999
AA_38_8_3,"Características de los créditos de mayor monto aprobados a las empresas por controladora u otras entidades del grupo empresarial 2019_Uso principal que se le dio al crédito (número de empresas)_Pago de gastos fijos (renta de inmuebles, entre otros)",Numeric,"12,15",0.0 - 999999999999.999999999999999
AB_38_8_3,Características de los créditos de mayor monto aprobados a las empresas por controladora u otras entidades del grupo empresarial 2019_Uso principal que se le dio al crédito (número de empresas)_Pago de impuestos,Numeric,"12,15",0.0 - 999999999999.999999999999999
AC_38_8_3,Características de los créditos de mayor monto aprobados a las empresas por controladora u otras entidades del grupo empresarial 2019_Uso principal que se le dio al crédito (número de empresas)_Cubrir necesidades de liquidez,Numeric,"12,15",0.0 - 999999999999.999999999999999
AD_38_8_3,Características de los créditos de mayor monto aprobados a las empresas por controladora u otras entidades del grupo empresarial 2019_Uso principal que se le dio al crédito (número de empresas)_Afrontar pérdidas de ejercicios fiscales anteriores,Numeric,"12,15",0.0 - 999999999999.999999999999999
AE_38_8_3,Características de los créditos de mayor monto aprobados a las empresas por controladora u otras entidades del grupo empresarial 2019_Uso principal que se le dio al crédito (número de empresas)_Aún no se ha usado,Numeric,"12,15",0.0 - 999999999999.999999999999999
AF_38_8_3,Características de los créditos de mayor monto aprobados a las empresas por controladora u otras entidades del grupo empresarial 2019_Uso principal que se le dio al crédito (número de empresas)_Otro,Numeric,"12,15",0.0 - 999999999999.999999999999999
AG_38_8_3,"Características de los créditos de mayor monto aprobados a las empresas por controladora u otras entidades del grupo empresarial 2019_Producto financiero adicional contratado con la apertura del crédito (cheques, banca en línea , seguros, tarjetas, entre otros) (número de empresas) _Sí",Numeric,"12,15",0.0 - 999999999999.999999999999999
AH_38_8_3,"Características de los créditos de mayor monto aprobados a las empresas por controladora u otras entidades del grupo empresarial 2019_Producto financiero adicional contratado con la apertura del crédito (cheques, banca en línea , seguros, tarjetas, entre otros) (número de empresas) _No",Numeric,"12,15",0.0 - 999999999999.999999999999999
AI_38_8_3,Características de los créditos de mayor monto aprobados a las empresas por controladora u otras entidades del grupo empresarial 2019_Tuvo que dar garantía para obtener el crédito (número de empresas)_Sí,Numeric,"12,15",0.0 - 999999999999.999999999999999
AJ_38_8_3,Características de los créditos de mayor monto aprobados a las empresas por controladora u otras entidades del grupo empresarial 2019_Tuvo que dar garantía para obtener el crédito (número de empresas)_No,Numeric,"12,15",0.0 - 999999999999.999999999999999
AK_38_8_3,Características de los créditos de mayor monto aprobados a las empresas por controladora u otras entidades del grupo empresarial 2019_Tipo de garantía que otorgó para obtener el crédito (número de empresas)_Ahorros o activos de dueños (as) o socios (as),Numeric,"12,15",0.0 - 999999999999.999999999999999
AL_38_8_3,Características de los créditos de mayor monto aprobados a las empresas por controladora u otras entidades del grupo empresarial 2019_Tipo de garantía que otorgó para obtener el crédito (número de empresas)_Inventarios o activos de la empresa,Numeric,"12,15",0.0 - 999999999999.999999999999999
AM_38_8_3,Características de los créditos de mayor monto aprobados a las empresas por controladora u otras entidades del grupo empresarial 2019_Tipo de garantía que otorgó para obtener el crédito (número de empresas)_Bienes inmuebles de la empresa,Numeric,"12,15",0.0 - 999999999999.999999999999999
AN_38_8_3,Características de los créditos de mayor monto aprobados a las empresas por controladora u otras entidades del grupo empresarial 2019_Tipo de garantía que otorgó para obtener el crédito (número de empresas)_Cuentas por cobrar de la empresa,Numeric,"12,15",0.0 - 999999999999.999999999999999
AO_38_8_3,Características de los créditos de mayor monto aprobados a las empresas por controladora u otras entidades del grupo empresarial 2019_Tipo de garantía que otorgó para obtener el crédito (número de empresas)_Aval de una institución gubernamental,Numeric,"12,15",0.0 - 999999999999.999999999999999
AP_38_8_3,Características de los créditos de mayor monto aprobados a las empresas por controladora u otras entidades del grupo empresarial 2019_Tipo de garantía que otorgó para obtener el crédito (número de empresas)_Aval de un particular (familiar o amistades),Numeric,"12,15",0.0 - 999999999999.999999999999999
AQ_38_8_3,Características de los créditos de mayor monto aprobados a las empresas por controladora u otras entidades del grupo empresarial 2019_Tipo de garantía que otorgó para obtener el crédito (número de empresas)_Otras,Numeric,"12,15",0.0 - 999999999999.999999999999999
AR_38_8_3,Características de los créditos de mayor monto aprobados a las empresas por controladora u otras entidades del grupo empresarial 2019_Porcentaje promedio que la garantía representó con relación al crédito,Numeric,"12,15",0.0 - 999999999999.999999999999999
C_38_9_1,Características de los créditos de mayor monto aprobados a las empresas por otra fuente de financiamiento 2021 (al mes de la entrevista)_Total de créditos,Numeric,"12,15",0.0 - 999999999999.999999999999999
D_38_9_1,Características de los créditos de mayor monto aprobados a las empresas por otra fuente de financiamiento 2021 (al mes de la entrevista)_Motivo por el que acudió con esta fuente (número de empresas)_La sucursal está cerca,Numeric,"12,15",0.0 - 999999999999.999999999999999
E_38_9_1,Características de los créditos de mayor monto aprobados a las empresas por otra fuente de financiamiento 2021 (al mes de la entrevista)_Motivo por el que acudió con esta fuente (número de empresas)_Las comisiones son bajas,Numeric,"12,15",0.0 - 999999999999.999999999999999
F_38_9_1,Características de los créditos de mayor monto aprobados a las empresas por otra fuente de financiamiento 2021 (al mes de la entrevista)_Motivo por el que acudió con esta fuente (número de empresas)_La institución ya le ofrecía servicios adicionales,Numeric,"12,15",0.0 - 999999999999.999999999999999
G_38_9_1,Características de los créditos de mayor monto aprobados a las empresas por otra fuente de financiamiento 2021 (al mes de la entrevista)_Motivo por el que acudió con esta fuente (número de empresas)_La institución ofrece una tasa de interés más baja,Numeric,"12,15",0.0 - 999999999999.999999999999999
H_38_9_1,Características de los créditos de mayor monto aprobados a las empresas por otra fuente de financiamiento 2021 (al mes de la entrevista)_Motivo por el que acudió con esta fuente (número de empresas)_La institución ofrece una tasa de interés fija,Numeric,"12,15",0.0 - 999999999999.999999999999999
I_38_9_1,Características de los créditos de mayor monto aprobados a las empresas por otra fuente de financiamiento 2021 (al mes de la entrevista)_Motivo por el que acudió con esta fuente (número de empresas)_La institución ofrece un pago mensual fijo,Numeric,"12,15",0.0 - 999999999999.999999999999999
J_38_9_1,Características de los créditos de mayor monto aprobados a las empresas por otra fuente de financiamiento 2021 (al mes de la entrevista)_Motivo por el que acudió con esta fuente (número de empresas)_Esta institución pide menos requisitos que otras,Numeric,"12,15",0.0 - 999999999999.999999999999999
K_38_9_1,Características de los créditos de mayor monto aprobados a las empresas por otra fuente de financiamiento 2021 (al mes de la entrevista)_Motivo por el que acudió con esta fuente (número de empresas)_Otro,Numeric,"12,15",0.0 - 999999999999.999999999999999
L_38_9_1,Características de los créditos de mayor monto aprobados a las empresas por otra fuente de financiamiento 2021 (al mes de la entrevista)_Tipo de crédito aprobado (número de empresas)_No revolvente,Numeric,"12,15",0.0 - 999999999999.999999999999999
M_38_9_1,Características de los créditos de mayor monto aprobados a las empresas por otra fuente de financiamiento 2021 (al mes de la entrevista)_Tipo de crédito aprobado (número de empresas)_Línea de crédito revolvente,Numeric,"12,15",0.0 - 999999999999.999999999999999
N_38_9_1,Características de los créditos de mayor monto aprobados a las empresas por otra fuente de financiamiento 2021 (al mes de la entrevista)_Tipo de crédito aprobado (número de empresas)_Tarjetas de crédito,Numeric,"12,15",0.0 - 999999999999.999999999999999
O_38_9_1,Características de los créditos de mayor monto aprobados a las empresas por otra fuente de financiamiento 2021 (al mes de la entrevista)_Porcentaje promedio aprobado del monto solicitado,Numeric,"12,15",0.0 - 999999999999.999999999999999
P_38_9_1,Características de los créditos de mayor monto aprobados a las empresas por otra fuente de financiamiento 2021 (al mes de la entrevista)_Tasa promedio de interés anual del crédito aprobado,Numeric,"12,15",0.0 - 999999999999.999999999999999
Q_38_9_1,Características de los créditos de mayor monto aprobados a las empresas por otra fuente de financiamiento 2021 (al mes de la entrevista)_Crédito aprobado a tasa de interés (número de empresas)_Empresas con crédito aprobado a tasa de interés fija,Numeric,"12,15",0.0 - 999999999999.999999999999999
R_38_9_1,Características de los créditos de mayor monto aprobados a las empresas por otra fuente de financiamiento 2021 (al mes de la entrevista)_Crédito aprobado a tasa de interés (número de empresas)_Empresas con crédito aprobado a tasa de interés variable,Numeric,"12,15",0.0 - 999999999999.999999999999999
S_38_9_1,Características de los créditos de mayor monto aprobados a las empresas por otra fuente de financiamiento 2021 (al mes de la entrevista)_Plazo promedio de vencimiento del crédito aprobado (meses),Numeric,"12,15",0.0 - 999999999999.999999999999999
T_38_9_1,Características de los créditos de mayor monto aprobados a las empresas por otra fuente de financiamiento 2021 (al mes de la entrevista)_Porcentaje promedio de la comisión por apertura respecto del crédito aprobado,Numeric,"12,15",0.0 - 999999999999.999999999999999
U_38_9_1,Características de los créditos de mayor monto aprobados a las empresas por otra fuente de financiamiento 2021 (al mes de la entrevista)_Uso principal que se le dio al crédito (número de empresas)_Abrir la empresa / iniciar operaciones,Numeric,"12,15",0.0 - 999999999999.999999999999999
V_38_9_1,Características de los créditos de mayor monto aprobados a las empresas por otra fuente de financiamiento 2021 (al mes de la entrevista)_Uso principal que se le dio al crédito (número de empresas)_Expandir el negocio / abrir nuevas sucursales,Numeric,"12,15",0.0 - 999999999999.999999999999999
W_38_9_1,Características de los créditos de mayor monto aprobados a las empresas por otra fuente de financiamiento 2021 (al mes de la entrevista)_Uso principal que se le dio al crédito (número de empresas)_Financiamiento de las operaciones diarias,Numeric,"12,15",0.0 - 999999999999.999999999999999
X_38_9_1,"Características de los créditos de mayor monto aprobados a las empresas por otra fuente de financiamiento 2021 (al mes de la entrevista)_Uso principal que se le dio al crédito (número de empresas)_Compra de bienes de capital (vehículos, equipo, inmuebles)",Numeric,"12,15",0.0 - 999999999999.999999999999999
Y_38_9_1,Características de los créditos de mayor monto aprobados a las empresas por otra fuente de financiamiento 2021 (al mes de la entrevista)_Uso principal que se le dio al crédito (número de empresas)_Pago de deudas / pago de compromisos financieros,Numeric,"12,15",0.0 - 999999999999.999999999999999
Z_38_9_1,Características de los créditos de mayor monto aprobados a las empresas por otra fuente de financiamiento 2021 (al mes de la entrevista)_Uso principal que se le dio al crédito (número de empresas)_Pago de nómina,Numeric,"12,15",0.0 - 999999999999.999999999999999
AA_38_9_1,"Características de los créditos de mayor monto aprobados a las empresas por otra fuente de financiamiento 2021 (al mes de la entrevista)_Uso principal que se le dio al crédito (número de empresas)_Pago de gastos fijos (renta de inmuebles, entre otros)",Numeric,"12,15",0.0 - 999999999999.999999999999999
AB_38_9_1,Características de los créditos de mayor monto aprobados a las empresas por otra fuente de financiamiento 2021 (al mes de la entrevista)_Uso principal que se le dio al crédito (número de empresas)_Pago de impuestos,Numeric,"12,15",0.0 - 999999999999.999999999999999
AC_38_9_1,Características de los créditos de mayor monto aprobados a las empresas por otra fuente de financiamiento 2021 (al mes de la entrevista)_Uso principal que se le dio al crédito (número de empresas)_Cubrir necesidades de liquidez,Numeric,"12,15",0.0 - 999999999999.999999999999999
AD_38_9_1,Características de los créditos de mayor monto aprobados a las empresas por otra fuente de financiamiento 2021 (al mes de la entrevista)_Uso principal que se le dio al crédito (número de empresas)_Afrontar pérdidas de ejercicios fiscales anteriores,Numeric,"12,15",0.0 - 999999999999.999999999999999
AE_38_9_1,Características de los créditos de mayor monto aprobados a las empresas por otra fuente de financiamiento 2021 (al mes de la entrevista)_Uso principal que se le dio al crédito (número de empresas)_Aún no se ha usado,Numeric,"12,15",0.0 - 999999999999.999999999999999
AF_38_9_1,Características de los créditos de mayor monto aprobados a las empresas por otra fuente de financiamiento 2021 (al mes de la entrevista)_Uso principal que se le dio al crédito (número de empresas)_Otro,Numeric,"12,15",0.0 - 999999999999.999999999999999
AG_38_9_1,"Características de los créditos de mayor monto aprobados a las empresas por otra fuente de financiamiento 2021 (al mes de la entrevista)_Producto financiero adicional contratado con la apertura del crédito (cheques, banca en línea , seguros, tarjetas, entre otros)(número de empresas)_Sí",Numeric,"12,15",0.0 - 999999999999.999999999999999
AH_38_9_1,"Características de los créditos de mayor monto aprobados a las empresas por otra fuente de financiamiento 2021 (al mes de la entrevista)_Producto financiero adicional contratado con la apertura del crédito (cheques, banca en línea , seguros, tarjetas, entre otros) (número de empresas)_No",Numeric,"12,15",0.0 - 999999999999.999999999999999
AI_38_9_1,Características de los créditos de mayor monto aprobados a las empresas por otra fuente de financiamiento 2021 (al mes de la entrevista)_Tuvo que dar garantía para obtener el crédito (número de empresas)_Sí,Numeric,"12,15",0.0 - 999999999999.999999999999999
AJ_38_9_1,Características de los créditos de mayor monto aprobados a las empresas por otra fuente de financiamiento 2021 (al mes de la entrevista)_Tuvo que dar garantía para obtener el crédito (número de empresas)_No,Numeric,"12,15",0.0 - 999999999999.999999999999999
AK_38_9_1,Características de los créditos de mayor monto aprobados a las empresas por otra fuente de financiamiento 2021 (al mes de la entrevista)_Tipo de garantía que otorgó para obtener el crédito (número de empresas)_Ahorros o activos de dueños (as) o socios (as),Numeric,"12,15",0.0 - 999999999999.999999999999999
AL_38_9_1,Características de los créditos de mayor monto aprobados a las empresas por otra fuente de financiamiento 2021 (al mes de la entrevista)_Tipo de garantía que otorgó para obtener el crédito (número de empresas)_Inventarios o activos de la empresa,Numeric,"12,15",0.0 - 999999999999.999999999999999
AM_38_9_1,Características de los créditos de mayor monto aprobados a las empresas por otra fuente de financiamiento 2021 (al mes de la entrevista)_Tipo de garantía que otorgó para obtener el crédito (número de empresas)_Bienes inmuebles de la empresa,Numeric,"12,15",0.0 - 999999999999.999999999999999
AN_38_9_1,Características de los créditos de mayor monto aprobados a las empresas por otra fuente de financiamiento 2021 (al mes de la entrevista)_Tipo de garantía que otorgó para obtener el crédito (número de empresas)_Cuentas por cobrar de la empresa,Numeric,"12,15",0.0 - 999999999999.999999999999999
AO_38_9_1,Características de los créditos de mayor monto aprobados a las empresas por otra fuente de financiamiento 2021 (al mes de la entrevista)_Tipo de garantía que otorgó para obtener el crédito (número de empresas)_Aval de una institución gubernamental,Numeric,"12,15",0.0 - 999999999999.999999999999999
AP_38_9_1,Características de los créditos de mayor monto aprobados a las empresas por otra fuente de financiamiento 2021 (al mes de la entrevista)_Tipo de garantía que otorgó para obtener el crédito (número de empresas)_Aval de un particular (familiar o amistades),Numeric,"12,15",0.0 - 999999999999.999999999999999
AQ_38_9_1,Características de los créditos de mayor monto aprobados a las empresas por otra fuente de financiamiento 2021 (al mes de la entrevista)_Tipo de garantía que otorgó para obtener el crédito (número de empresas)_Otras,Numeric,"12,15",0.0 - 999999999999.999999999999999
AR_38_9_1,Características de los créditos de mayor monto aprobados a las empresas por otra fuente de financiamiento 2021 (al mes de la entrevista)_Porcentaje promedio que la garantía representó con relación al crédito,Numeric,"12,15",0.0 - 999999999999.999999999999999
C_38_9_2,Características de los créditos de mayor monto aprobados a las empresas por otra fuente de financiamiento 2020_Total de créditos,Numeric,"12,15",0.0 - 999999999999.999999999999999
D_38_9_2,Características de los créditos de mayor monto aprobados a las empresas por otra fuente de financiamiento 2020_Motivo por el que acudió con esta fuente (número de empresas)_La sucursal está cerca,Numeric,"12,15",0.0 - 999999999999.999999999999999
E_38_9_2,Características de los créditos de mayor monto aprobados a las empresas por otra fuente de financiamiento 2020_Motivo por el que acudió con esta fuente (número de empresas)_Las comisiones son bajas,Numeric,"12,15",0.0 - 999999999999.999999999999999
F_38_9_2,Características de los créditos de mayor monto aprobados a las empresas por otra fuente de financiamiento 2020_Motivo por el que acudió con esta fuente (número de empresas)_La institución ya le ofrecía servicios adicionales,Numeric,"12,15",0.0 - 999999999999.999999999999999
G_38_9_2,Características de los créditos de mayor monto aprobados a las empresas por otra fuente de financiamiento 2020_Motivo por el que acudió con esta fuente (número de empresas)_La institución ofrece una tasa de interés más baja,Numeric,"12,15",0.0 - 999999999999.999999999999999
H_38_9_2,Características de los créditos de mayor monto aprobados a las empresas por otra fuente de financiamiento 2020_Motivo por el que acudió con esta fuente (número de empresas)_La institución ofrece una tasa de interés fija,Numeric,"12,15",0.0 - 999999999999.999999999999999
I_38_9_2,Características de los créditos de mayor monto aprobados a las empresas por otra fuente de financiamiento 2020_Motivo por el que acudió con esta fuente (número de empresas)_La institución ofrece un pago mensual fijo,Numeric,"12,15",0.0 - 999999999999.999999999999999
J_38_9_2,Características de los créditos de mayor monto aprobados a las empresas por otra fuente de financiamiento 2020_Motivo por el que acudió con esta fuente (número de empresas)_Esta institución pide menos requisitos que otras,Numeric,"12,15",0.0 - 999999999999.999999999999999
K_38_9_2,Características de los créditos de mayor monto aprobados a las empresas por otra fuente de financiamiento 2020_Motivo por el que acudió con esta fuente (número de empresas)_Otro,Numeric,"12,15",0.0 - 999999999999.999999999999999
L_38_9_2,Características de los créditos de mayor monto aprobados a las empresas por otra fuente de financiamiento 2020_Tipo de crédito aprobado (número de empresas)_No revolvente,Numeric,"12,15",0.0 - 999999999999.999999999999999
M_38_9_2,Características de los créditos de mayor monto aprobados a las empresas por otra fuente de financiamiento 2020_Tipo de crédito aprobado (número de empresas)_Línea de crédito revolvente,Numeric,"12,15",0.0 - 999999999999.999999999999999
N_38_9_2,Características de los créditos de mayor monto aprobados a las empresas por otra fuente de financiamiento 2020_Tipo de crédito aprobado (número de empresas)_Tarjetas de crédito,Numeric,"12,15",0.0 - 999999999999.999999999999999
O_38_9_2,Características de los créditos de mayor monto aprobados a las empresas por otra fuente de financiamiento 2020_Porcentaje promedio aprobado del monto solicitado,Numeric,"12,15",0.0 - 999999999999.999999999999999
P_38_9_2,Características de los créditos de mayor monto aprobados a las empresas por otra fuente de financiamiento 2020_Tasa promedio de interés anual del crédito aprobado,Numeric,"12,15",0.0 - 999999999999.999999999999999
Q_38_9_2,Características de los créditos de mayor monto aprobados a las empresas por otra fuente de financiamiento 2020_Crédito aprobado a tasa de interés (número de empresas)_Empresas con crédito aprobado a tasa de interés fija,Numeric,"12,15",0.0 - 999999999999.999999999999999
R_38_9_2,Características de los créditos de mayor monto aprobados a las empresas por otra fuente de financiamiento 2020_Crédito aprobado a tasa de interés (número de empresas)_Empresas con crédito aprobado a tasa de interés variable,Numeric,"12,15",0.0 - 999999999999.999999999999999
S_38_9_2,Características de los créditos de mayor monto aprobados a las empresas por otra fuente de financiamiento 2020_Plazo promedio de vencimiento del crédito aprobado (meses),Numeric,"12,15",0.0 - 999999999999.999999999999999
T_38_9_2,Características de los créditos de mayor monto aprobados a las empresas por otra fuente de financiamiento 2020_Porcentaje promedio de la comisión por apertura respecto del crédito aprobado,Numeric,"12,15",0.0 - 999999999999.999999999999999
U_38_9_2,Características de los créditos de mayor monto aprobados a las empresas por otra fuente de financiamiento 2020_Uso principal que se le dio al crédito (número de empresas)_Abrir la empresa / iniciar operaciones,Numeric,"12,15",0.0 - 999999999999.999999999999999
V_38_9_2,Características de los créditos de mayor monto aprobados a las empresas por otra fuente de financiamiento 2020_Uso principal que se le dio al crédito (número de empresas)_Expandir el negocio / abrir nuevas sucursales,Numeric,"12,15",0.0 - 999999999999.999999999999999
W_38_9_2,Características de los créditos de mayor monto aprobados a las empresas por otra fuente de financiamiento 2020_Uso principal que se le dio al crédito (número de empresas)_Financiamiento de las operaciones diarias,Numeric,"12,15",0.0 - 999999999999.999999999999999
X_38_9_2,"Características de los créditos de mayor monto aprobados a las empresas por otra fuente de financiamiento 2020_Uso principal que se le dio al crédito (número de empresas)_Compra de bienes de capital (vehículos, equipo, inmuebles)",Numeric,"12,15",0.0 - 999999999999.999999999999999
Y_38_9_2,Características de los créditos de mayor monto aprobados a las empresas por otra fuente de financiamiento 2020_Uso principal que se le dio al crédito (número de empresas)_Pago de deudas / pago de compromisos financieros,Numeric,"12,15",0.0 - 999999999999.999999999999999
Z_38_9_2,Características de los créditos de mayor monto aprobados a las empresas por otra fuente de financiamiento 2020_Uso principal que se le dio al crédito (número de empresas)_Pago de nómina,Numeric,"12,15",0.0 - 999999999999.999999999999999
AA_38_9_2,"Características de los créditos de mayor monto aprobados a las empresas por otra fuente de financiamiento 2020_Uso principal que se le dio al crédito (número de empresas)_Pago de gastos fijos (renta de inmuebles, entre otros)",Numeric,"12,15",0.0 - 999999999999.999999999999999
AB_38_9_2,Características de los créditos de mayor monto aprobados a las empresas por otra fuente de financiamiento 2020_Uso principal que se le dio al crédito (número de empresas)_Pago de impuestos,Numeric,"12,15",0.0 - 999999999999.999999999999999
AC_38_9_2,Características de los créditos de mayor monto aprobados a las empresas por otra fuente de financiamiento 2020_Uso principal que se le dio al crédito (número de empresas)_Cubrir necesidades de liquidez,Numeric,"12,15",0.0 - 999999999999.999999999999999
AD_38_9_2,Características de los créditos de mayor monto aprobados a las empresas por otra fuente de financiamiento 2020_Uso principal que se le dio al crédito (número de empresas)_Afrontar pérdidas de ejercicios fiscales anteriores,Numeric,"12,15",0.0 - 999999999999.999999999999999
AE_38_9_2,Características de los créditos de mayor monto aprobados a las empresas por otra fuente de financiamiento 2020_Uso principal que se le dio al crédito (número de empresas)_Aún no se ha usado,Numeric,"12,15",0.0 - 999999999999.999999999999999
AF_38_9_2,Características de los créditos de mayor monto aprobados a las empresas por otra fuente de financiamiento 2020_Uso principal que se le dio al crédito (número de empresas)_Otro,Numeric,"12,15",0.0 - 999999999999.999999999999999
AG_38_9_2,"Características de los créditos de mayor monto aprobados a las empresas por otra fuente de financiamiento 2020_Producto financiero adicional contratado con la apertura del crédito (cheques, banca en línea , seguros, tarjetas, entre otros) (número de empresas) _Sí",Numeric,"12,15",0.0 - 999999999999.999999999999999
AH_38_9_2,"Características de los créditos de mayor monto aprobados a las empresas por otra fuente de financiamiento 2020_Producto financiero adicional contratado con la apertura del crédito (cheques, banca en línea , seguros, tarjetas, entre otros) (número de empresas) _No",Numeric,"12,15",0.0 - 999999999999.999999999999999
AI_38_9_2,Características de los créditos de mayor monto aprobados a las empresas por otra fuente de financiamiento 2020_Tuvo que dar garantía para obtener el crédito (número de empresas)_Sí,Numeric,"12,15",0.0 - 999999999999.999999999999999
AJ_38_9_2,Características de los créditos de mayor monto aprobados a las empresas por otra fuente de financiamiento 2020_Tuvo que dar garantía para obtener el crédito (número de empresas)_No,Numeric,"12,15",0.0 - 999999999999.999999999999999
AK_38_9_2,Características de los créditos de mayor monto aprobados a las empresas por otra fuente de financiamiento 2020_Tipo de garantía que otorgó para obtener el crédito (número de empresas)_Ahorros o activos de dueños (as) o socios (as),Numeric,"12,15",0.0 - 999999999999.999999999999999
AL_38_9_2,Características de los créditos de mayor monto aprobados a las empresas por otra fuente de financiamiento 2020_Tipo de garantía que otorgó para obtener el crédito (número de empresas)_Inventarios o activos de la empresa,Numeric,"12,15",0.0 - 999999999999.999999999999999
AM_38_9_2,Características de los créditos de mayor monto aprobados a las empresas por otra fuente de financiamiento 2020_Tipo de garantía que otorgó para obtener el crédito (número de empresas)_Bienes inmuebles de la empresa,Numeric,"12,15",0.0 - 999999999999.999999999999999
AN_38_9_2,Características de los créditos de mayor monto aprobados a las empresas por otra fuente de financiamiento 2020_Tipo de garantía que otorgó para obtener el crédito (número de empresas)_Cuentas por cobrar de la empresa,Numeric,"12,15",0.0 - 999999999999.999999999999999
AO_38_9_2,Características de los créditos de mayor monto aprobados a las empresas por otra fuente de financiamiento 2020_Tipo de garantía que otorgó para obtener el crédito (número de empresas)_Aval de una institución gubernamental,Numeric,"12,15",0.0 - 999999999999.999999999999999
AP_38_9_2,Características de los créditos de mayor monto aprobados a las empresas por otra fuente de financiamiento 2020_Tipo de garantía que otorgó para obtener el crédito (número de empresas)_Aval de un particular (familiar o amistades),Numeric,"12,15",0.0 - 999999999999.999999999999999
AQ_38_9_2,Características de los créditos de mayor monto aprobados a las empresas por otra fuente de financiamiento 2020_Tipo de garantía que otorgó para obtener el crédito (número de empresas)_Otras,Numeric,"12,15",0.0 - 999999999999.999999999999999
AR_38_9_2,Características de los créditos de mayor monto aprobados a las empresas por otra fuente de financiamiento 2020_Porcentaje promedio que la garantía representó con relación al crédito,Numeric,"12,15",0.0 - 999999999999.999999999999999
C_38_9_3,Características de los créditos de mayor monto aprobados a las empresas por otra fuente de financiamiento 2019_Total de créditos,Numeric,"12,15",0.0 - 999999999999.999999999999999
D_38_9_3,Características de los créditos de mayor monto aprobados a las empresas por otra fuente de financiamiento 2019_Motivo por el que acudió con esta fuente (número de empresas)_La sucursal está cerca,Numeric,"12,15",0.0 - 999999999999.999999999999999
E_38_9_3,Características de los créditos de mayor monto aprobados a las empresas por otra fuente de financiamiento 2019_Motivo por el que acudió con esta fuente (número de empresas)_Las comisiones son bajas,Numeric,"12,15",0.0 - 999999999999.999999999999999
F_38_9_3,Características de los créditos de mayor monto aprobados a las empresas por otra fuente de financiamiento 2019_Motivo por el que acudió con esta fuente (número de empresas)_La institución ya le ofrecía servicios adicionales,Numeric,"12,15",0.0 - 999999999999.999999999999999
G_38_9_3,Características de los créditos de mayor monto aprobados a las empresas por otra fuente de financiamiento 2019_Motivo por el que acudió con esta fuente (número de empresas)_La institución ofrece una tasa de interés más baja,Numeric,"12,15",0.0 - 999999999999.999999999999999
H_38_9_3,Características de los créditos de mayor monto aprobados a las empresas por otra fuente de financiamiento 2019_Motivo por el que acudió con esta fuente (número de empresas)_La institución ofrece una tasa de interés fija,Numeric,"12,15",0.0 - 999999999999.999999999999999
I_38_9_3,Características de los créditos de mayor monto aprobados a las empresas por otra fuente de financiamiento 2019_Motivo por el que acudió con esta fuente (número de empresas)_La institución ofrece un pago mensual fijo,Numeric,"12,15",0.0 - 999999999999.999999999999999
J_38_9_3,Características de los créditos de mayor monto aprobados a las empresas por otra fuente de financiamiento 2019_Motivo por el que acudió con esta fuente (número de empresas)_Esta institución pide menos requisitos que otras,Numeric,"12,15",0.0 - 999999999999.999999999999999
K_38_9_3,Características de los créditos de mayor monto aprobados a las empresas por otra fuente de financiamiento 2019_Motivo por el que acudió con esta fuente (número de empresas)_Otro,Numeric,"12,15",0.0 - 999999999999.999999999999999
L_38_9_3,Características de los créditos de mayor monto aprobados a las empresas por otra fuente de financiamiento 2019_Tipo de crédito aprobado (número de empresas)_No revolvente,Numeric,"12,15",0.0 - 999999999999.999999999999999
M_38_9_3,Características de los créditos de mayor monto aprobados a las empresas por otra fuente de financiamiento 2019_Tipo de crédito aprobado (número de empresas)_Línea de crédito revolvente,Numeric,"12,15",0.0 - 999999999999.999999999999999
N_38_9_3,Características de los créditos de mayor monto aprobados a las empresas por otra fuente de financiamiento 2019_Tipo de crédito aprobado (número de empresas)_Tarjetas de crédito,Numeric,"12,15",0.0 - 999999999999.999999999999999
O_38_9_3,Características de los créditos de mayor monto aprobados a las empresas por otra fuente de financiamiento 2019_Porcentaje promedio aprobado del monto solicitado,Numeric,"12,15",0.0 - 999999999999.999999999999999
P_38_9_3,Características de los créditos de mayor monto aprobados a las empresas por otra fuente de financiamiento 2019_Tasa promedio de interés anual del crédito aprobado,Numeric,"12,15",0.0 - 999999999999.999999999999999
Q_38_9_3,Características de los créditos de mayor monto aprobados a las empresas por otra fuente de financiamiento 2019_Crédito aprobado a tasa de interés (número de empresas)_Empresas con crédito aprobado a tasa de interés fija,Numeric,"12,15",0.0 - 999999999999.999999999999999
R_38_9_3,Características de los créditos de mayor monto aprobados a las empresas por otra fuente de financiamiento 2019_Crédito aprobado a tasa de interés (número de empresas)_Empresas con crédito aprobado a tasa de interés variable,Numeric,"12,15",0.0 - 999999999999.999999999999999
S_38_9_3,Características de los créditos de mayor monto aprobados a las empresas por otra fuente de financiamiento 2019_Plazo promedio de vencimiento del crédito aprobado (meses),Numeric,"12,15",0.0 - 999999999999.999999999999999
T_38_9_3,Características de los créditos de mayor monto aprobados a las empresas por otra fuente de financiamiento 2019_Porcentaje promedio de la comisión por apertura respecto del crédito aprobado,Numeric,"12,15",0.0 - 999999999999.999999999999999
U_38_9_3,Características de los créditos de mayor monto aprobados a las empresas por otra fuente de financiamiento 2019_Uso principal que se le dio al crédito (número de empresas)_Abrir la empresa / iniciar operaciones,Numeric,"12,15",0.0 - 999999999999.999999999999999
V_38_9_3,Características de los créditos de mayor monto aprobados a las empresas por otra fuente de financiamiento 2019_Uso principal que se le dio al crédito (número de empresas)_Expandir el negocio / abrir nuevas sucursales,Numeric,"12,15",0.0 - 999999999999.999999999999999
W_38_9_3,Características de los créditos de mayor monto aprobados a las empresas por otra fuente de financiamiento 2019_Uso principal que se le dio al crédito (número de empresas)_Financiamiento de las operaciones diarias,Numeric,"12,15",0.0 - 999999999999.999999999999999
X_38_9_3,"Características de los créditos de mayor monto aprobados a las empresas por otra fuente de financiamiento 2019_Uso principal que se le dio al crédito (número de empresas)_Compra de bienes de capital (vehículos, equipo, inmuebles)",Numeric,"12,15",0.0 - 999999999999.999999999999999
Y_38_9_3,Características de los créditos de mayor monto aprobados a las empresas por otra fuente de financiamiento 2019_Uso principal que se le dio al crédito (número de empresas)_Pago de deudas / pago de compromisos financieros,Numeric,"12,15",0.0 - 999999999999.999999999999999
Z_38_9_3,Características de los créditos de mayor monto aprobados a las empresas por otra fuente de financiamiento 2019_Uso principal que se le dio al crédito (número de empresas)_Pago de nómina,Numeric,"12,15",0.0 - 999999999999.999999999999999
AA_38_9_3,"Características de los créditos de mayor monto aprobados a las empresas por otra fuente de financiamiento 2019_Uso principal que se le dio al crédito (número de empresas)_Pago de gastos fijos (renta de inmuebles, entre otros)",Numeric,"12,15",0.0 - 999999999999.999999999999999
AB_38_9_3,Características de los créditos de mayor monto aprobados a las empresas por otra fuente de financiamiento 2019_Uso principal que se le dio al crédito (número de empresas)_Pago de impuestos,Numeric,"12,15",0.0 - 999999999999.999999999999999
AC_38_9_3,Características de los créditos de mayor monto aprobados a las empresas por otra fuente de financiamiento 2019_Uso principal que se le dio al crédito (número de empresas)_Cubrir necesidades de liquidez,Numeric,"12,15",0.0 - 999999999999.999999999999999
AD_38_9_3,Características de los créditos de mayor monto aprobados a las empresas por otra fuente de financiamiento 2019_Uso principal que se le dio al crédito (número de empresas)_Afrontar pérdidas de ejercicios fiscales anteriores,Numeric,"12,15",0.0 - 999999999999.999999999999999
AE_38_9_3,Características de los créditos de mayor monto aprobados a las empresas por otra fuente de financiamiento 2019_Uso principal que se le dio al crédito (número de empresas)_Aún no se ha usado,Numeric,"12,15",0.0 - 999999999999.999999999999999
AF_38_9_3,Características de los créditos de mayor monto aprobados a las empresas por otra fuente de financiamiento 2019_Uso principal que se le dio al crédito (número de empresas)_Otro,Numeric,"12,15",0.0 - 999999999999.999999999999999
AG_38_9_3,"Características de los créditos de mayor monto aprobados a las empresas por otra fuente de financiamiento 2019_Producto financiero adicional contratado con la apertura del crédito (cheques, banca en línea , seguros, tarjetas, entre otros) (número de empresas) _Sí",Numeric,"12,15",0.0 - 999999999999.999999999999999
AH_38_9_3,"Características de los créditos de mayor monto aprobados a las empresas por otra fuente de financiamiento 2019_Producto financiero adicional contratado con la apertura del crédito (cheques, banca en línea , seguros, tarjetas, entre otros) (número de empresas) _No",Numeric,"12,15",0.0 - 999999999999.999999999999999
AI_38_9_3,Características de los créditos de mayor monto aprobados a las empresas por otra fuente de financiamiento 2019_Tuvo que dar garantía para obtener el crédito (número de empresas)_Sí,Numeric,"12,15",0.0 - 999999999999.999999999999999
AJ_38_9_3,Características de los créditos de mayor monto aprobados a las empresas por otra fuente de financiamiento 2019_Tuvo que dar garantía para obtener el crédito (número de empresas)_No,Numeric,"12,15",0.0 - 999999999999.999999999999999
AK_38_9_3,Características de los créditos de mayor monto aprobados a las empresas por otra fuente de financiamiento 2019_Tipo de garantía que otorgó para obtener el crédito (número de empresas)_Ahorros o activos de dueños (as) o socios (as),Numeric,"12,15",0.0 - 999999999999.999999999999999
AL_38_9_3,Características de los créditos de mayor monto aprobados a las empresas por otra fuente de financiamiento 2019_Tipo de garantía que otorgó para obtener el crédito (número de empresas)_Inventarios o activos de la empresa,Numeric,"12,15",0.0 - 999999999999.999999999999999
AM_38_9_3,Características de los créditos de mayor monto aprobados a las empresas por otra fuente de financiamiento 2019_Tipo de garantía que otorgó para obtener el crédito (número de empresas)_Bienes inmuebles de la empresa,Numeric,"12,15",0.0 - 999999999999.999999999999999
AN_38_9_3,Características de los créditos de mayor monto aprobados a las empresas por otra fuente de financiamiento 2019_Tipo de garantía que otorgó para obtener el crédito (número de empresas)_Cuentas por cobrar de la empresa,Numeric,"12,15",0.0 - 999999999999.999999999999999
AO_38_9_3,Características de los créditos de mayor monto aprobados a las empresas por otra fuente de financiamiento 2019_Tipo de garantía que otorgó para obtener el crédito (número de empresas)_Aval de una institución gubernamental,Numeric,"12,15",0.0 - 999999999999.999999999999999
AP_38_9_3,Características de los créditos de mayor monto aprobados a las empresas por otra fuente de financiamiento 2019_Tipo de garantía que otorgó para obtener el crédito (número de empresas)_Aval de un particular (familiar o amistades),Numeric,"12,15",0.0 - 999999999999.999999999999999
AQ_38_9_3,Características de los créditos de mayor monto aprobados a las empresas por otra fuente de financiamiento 2019_Tipo de garantía que otorgó para obtener el crédito (número de empresas)_Otras,Numeric,"12,15",0.0 - 999999999999.999999999999999
AR_38_9_3,Características de los créditos de mayor monto aprobados a las empresas por otra fuente de financiamiento 2019_Porcentaje promedio que la garantía representó con relación al crédito,Numeric,"12,15",0.0 - 999999999999.999999999999999
C_38_0,"Número de empresas con solicitudes de crédito aprobadas, por fuente de financiamiento_2021 (al mes de la entrevista)_Total de empresas",Numeric,"12,15",0.0 - 999999999999.999999999999999
D_38_0,"Número de empresas con solicitudes de crédito aprobadas, por fuente de financiamiento_2021 (al mes de la entrevista)_Banca comercial (Citibanamex, Banorte, entre otros)",Numeric,"12,15",0.0 - 999999999999.999999999999999
E_38_0,"Número de empresas con solicitudes de crédito aprobadas, por fuente de financiamiento_2021 (al mes de la entrevista)_Banca de desarrollo (NAFIN, BANCOMEXT, entre otros)",Numeric,"12,15",0.0 - 999999999999.999999999999999
F_38_0,"Número de empresas con solicitudes de crédito aprobadas, por fuente de financiamiento_2021 (al mes de la entrevista)_Instituciones financieras no bancarias (SOFOM, SOCAP, SOFIPO, Unión de Crédito)",Numeric,"12,15",0.0 - 999999999999.999999999999999
G_38_0,"Número de empresas con solicitudes de crédito aprobadas, por fuente de financiamiento_2021 (al mes de la entrevista)_Programa del gobierno federal, estatal o municipal",Numeric,"12,15",0.0 - 999999999999.999999999999999
H_38_0,"Número de empresas con solicitudes de crédito aprobadas, por fuente de financiamiento_2021 (al mes de la entrevista)_Proveedores",Numeric,"12,15",0.0 - 999999999999.999999999999999
I_38_0,"Número de empresas con solicitudes de crédito aprobadas, por fuente de financiamiento_2021 (al mes de la entrevista)_Familiares o amistades",Numeric,"12,15",0.0 - 999999999999.999999999999999
J_38_0,"Número de empresas con solicitudes de crédito aprobadas, por fuente de financiamiento_2021 (al mes de la entrevista)_Instituciones de financiamiento colectivo (crowdfunding)",Numeric,"12,15",0.0 - 999999999999.999999999999999
K_38_0,"Número de empresas con solicitudes de crédito aprobadas, por fuente de financiamiento_2021 (al mes de la entrevista)_Controladora u otras entidades del grupo empresarial",Numeric,"12,15",0.0 - 999999999999.999999999999999
L_38_0,"Número de empresas con solicitudes de crédito aprobadas, por fuente de financiamiento_2021 (al mes de la entrevista)_Otra",Numeric,"12,15",0.0 - 999999999999.999999999999999
M_38_0,"Número de empresas con solicitudes de crédito aprobadas, por fuente de financiamiento_2020_Total de empresas",Numeric,"12,15",0.0 - 999999999999.999999999999999
N_38_0,"Número de empresas con solicitudes de crédito aprobadas, por fuente de financiamiento_2020_Banca comercial (Citibanamex, Banorte, entre otros)",Numeric,"12,15",0.0 - 999999999999.999999999999999
O_38_0,"Número de empresas con solicitudes de crédito aprobadas, por fuente de financiamiento_2020_Banca de desarrollo (NAFIN, BANCOMEXT, entre otros)",Numeric,"12,15",0.0 - 999999999999.999999999999999
P_38_0,"Número de empresas con solicitudes de crédito aprobadas, por fuente de financiamiento_2020_Instituciones financieras no bancarias (SOFOM, SOCAP, SOFIPO, Unión de Crédito)",Numeric,"12,15",0.0 - 999999999999.999999999999999
Q_38_0,"Número de empresas con solicitudes de crédito aprobadas, por fuente de financiamiento_2020_Programa del gobierno federal, estatal o municipal",Numeric,"12,15",0.0 - 999999999999.999999999999999
R_38_0,"Número de empresas con solicitudes de crédito aprobadas, por fuente de financiamiento_2020_Proveedores",Numeric,"12,15",0.0 - 999999999999.999999999999999
S_38_0,"Número de empresas con solicitudes de crédito aprobadas, por fuente de financiamiento_2020_Familiares o amistades",Numeric,"12,15",0.0 - 999999999999.999999999999999
T_38_0,"Número de empresas con solicitudes de crédito aprobadas, por fuente de financiamiento_2020_Instituciones de financiamiento colectivo (crowdfunding)",Numeric,"12,15",0.0 - 999999999999.999999999999999
U_38_0,"Número de empresas con solicitudes de crédito aprobadas, por fuente de financiamiento_2020_Controladora u otras entidades del grupo empresarial",Numeric,"12,15",0.0 - 999999999999.999999999999999
V_38_0,"Número de empresas con solicitudes de crédito aprobadas, por fuente de financiamiento_2020_Otra",Numeric,"12,15",0.0 - 999999999999.999999999999999
W_38_0,"Número de empresas con solicitudes de crédito aprobadas, por fuente de financiamiento_2019_Total de empresas",Numeric,"12,15",0.0 - 999999999999.999999999999999
X_38_0,"Número de empresas con solicitudes de crédito aprobadas, por fuente de financiamiento_2019_Banca comercial (Citibanamex, Banorte, entre otros)",Numeric,"12,15",0.0 - 999999999999.999999999999999
Y_38_0,"Número de empresas con solicitudes de crédito aprobadas, por fuente de financiamiento_2019_Banca de desarrollo (NAFIN, BANCOMEXT, entre otros)",Numeric,"12,15",0.0 - 999999999999.999999999999999
Z_38_0,"Número de empresas con solicitudes de crédito aprobadas, por fuente de financiamiento_2019_Instituciones financieras no bancarias (SOFOM, SOCAP, SOFIPO, Unión de Crédito)",Numeric,"12,15",0.0 - 999999999999.999999999999999
AA_38_0,"Número de empresas con solicitudes de crédito aprobadas, por fuente de financiamiento_2019_Programa del gobierno federal, estatal o municipal",Numeric,"12,15",0.0 - 999999999999.999999999999999
AB_38_0,"Número de empresas con solicitudes de crédito aprobadas, por fuente de financiamiento_2019_Proveedores",Numeric,"12,15",0.0 - 999999999999.999999999999999
AC_38_0,"Número de empresas con solicitudes de crédito aprobadas, por fuente de financiamiento_2019_Familiares o amistades",Numeric,"12,15",0.0 - 999999999999.999999999999999
AD_38_0,"Número de empresas con solicitudes de crédito aprobadas, por fuente de financiamiento_2019_Instituciones de financiamiento colectivo (crowdfunding)",Numeric,"12,15",0.0 - 999999999999.999999999999999
AE_38_0,"Número de empresas con solicitudes de crédito aprobadas, por fuente de financiamiento_2019_Controladora u otras entidades del grupo empresarial",Numeric,"12,15",0.0 - 999999999999.999999999999999
AF_38_0,"Número de empresas con solicitudes de crédito aprobadas, por fuente de financiamiento_2019_Otra",Numeric,"12,15",0.0 - 999999999999.999999999999999
C_39,Número de empresas según la fuente o institución financiera que negó la solicitud de crédito de mayor monto_2021 (al mes de la entrevista)_Total de empresas,Numeric,"12,15",0.0 - 999999999999.999999999999999
D_39,Número de empresas según la fuente o institución financiera que negó la solicitud de crédito de mayor monto_2021 (al mes de la entrevista)_Banca comercial,Numeric,"12,15",0.0 - 999999999999.999999999999999
E_39,Número de empresas según la fuente o institución financiera que negó la solicitud de crédito de mayor monto_2021 (al mes de la entrevista)_Banca de desarrollo,Numeric,"12,15",0.0 - 999999999999.999999999999999
F_39,"Número de empresas según la fuente o institución financiera que negó la solicitud de crédito de mayor monto_2021 (al mes de la entrevista)_Institución financiera no bancaria (SOFOM, SOCAP, SOFIPO, Unión de crédito)",Numeric,"12,15",0.0 - 999999999999.999999999999999
G_39,"Número de empresas según la fuente o institución financiera que negó la solicitud de crédito de mayor monto_2021 (al mes de la entrevista)_Programas de gobierno federal, estatal o municipal",Numeric,"12,15",0.0 - 999999999999.999999999999999
H_39,Número de empresas según la fuente o institución financiera que negó la solicitud de crédito de mayor monto_2021 (al mes de la entrevista)_Proveedores,Numeric,"12,15",0.0 - 999999999999.999999999999999
I_39,Número de empresas según la fuente o institución financiera que negó la solicitud de crédito de mayor monto_2021 (al mes de la entrevista)_Familiares o amistades,Numeric,"12,15",0.0 - 999999999999.999999999999999
J_39,Número de empresas según la fuente o institución financiera que negó la solicitud de crédito de mayor monto_2021 (al mes de la entrevista)_Instituciones de financiamiento colectivo (crowdfunding),Numeric,"12,15",0.0 - 999999999999.999999999999999
K_39,Número de empresas según la fuente o institución financiera que negó la solicitud de crédito de mayor monto_2021 (al mes de la entrevista)_Otra,Numeric,"12,15",0.0 - 999999999999.999999999999999
L_39,Número de empresas según la fuente o institución financiera que negó la solicitud de crédito de mayor monto_2020_Total de empresas,Numeric,"12,15",0.0 - 999999999999.999999999999999
M_39,Número de empresas según la fuente o institución financiera que negó la solicitud de crédito de mayor monto_2020_Banca comercial,Numeric,"12,15",0.0 - 999999999999.999999999999999
N_39,Número de empresas según la fuente o institución financiera que negó la solicitud de crédito de mayor monto_2020_Banca de desarrollo,Numeric,"12,15",0.0 - 999999999999.999999999999999
O_39,"Número de empresas según la fuente o institución financiera que negó la solicitud de crédito de mayor monto_2020_Institución financiera no bancaria (SOFOM, SOCAP, SOFIPO, Unión de crédito)",Numeric,"12,15",0.0 - 999999999999.999999999999999
P_39,"Número de empresas según la fuente o institución financiera que negó la solicitud de crédito de mayor monto_2020_Programas de gobierno federal, estatal o municipal",Numeric,"12,15",0.0 - 999999999999.999999999999999
Q_39,Número de empresas según la fuente o institución financiera que negó la solicitud de crédito de mayor monto_2020_Proveedores,Numeric,"12,15",0.0 - 999999999999.999999999999999
R_39,Número de empresas según la fuente o institución financiera que negó la solicitud de crédito de mayor monto_2020_Familiares o amistades,Numeric,"12,15",0.0 - 999999999999.999999999999999
S_39,Número de empresas según la fuente o institución financiera que negó la solicitud de crédito de mayor monto_2020_Instituciones de financiamiento colectivo (crowdfunding),Numeric,"12,15",0.0 - 999999999999.999999999999999
T_39,Número de empresas según la fuente o institución financiera que negó la solicitud de crédito de mayor monto_2020_Otra,Numeric,"12,15",0.0 - 999999999999.999999999999999
U_39,Número de empresas según la fuente o institución financiera que negó la solicitud de crédito de mayor monto_2019_Total de empresas,Numeric,"12,15",0.0 - 999999999999.999999999999999
V_39,Número de empresas según la fuente o institución financiera que negó la solicitud de crédito de mayor monto_2019_Banca comercial,Numeric,"12,15",0.0 - 999999999999.999999999999999
W_39,Número de empresas según la fuente o institución financiera que negó la solicitud de crédito de mayor monto_2019_Banca de desarrollo,Numeric,"12,15",0.0 - 999999999999.999999999999999
X_39,"Número de empresas según la fuente o institución financiera que negó la solicitud de crédito de mayor monto_2019_Institución financiera no bancaria (SOFOM, SOCAP, SOFIPO, Unión de crédito)",Numeric,"12,15",0.0 - 999999999999.999999999999999
Y_39,"Número de empresas según la fuente o institución financiera que negó la solicitud de crédito de mayor monto_2019_Programas de gobierno federal, estatal o municipal",Numeric,"12,15",0.0 - 999999999999.999999999999999
Z_39,Número de empresas según la fuente o institución financiera que negó la solicitud de crédito de mayor monto_2019_Proveedores,Numeric,"12,15",0.0 - 999999999999.999999999999999
AA_39,Número de empresas según la fuente o institución financiera que negó la solicitud de crédito de mayor monto_2019_Familiares o amistades,Numeric,"12,15",0.0 - 999999999999.999999999999999
AB_39,Número de empresas según la fuente o institución financiera que negó la solicitud de crédito de mayor monto_2019_Instituciones de financiamiento colectivo (crowdfunding),Numeric,"12,15",0.0 - 999999999999.999999999999999
AC_39,Número de empresas según la fuente o institución financiera que negó la solicitud de crédito de mayor monto_2019_Otra,Numeric,"12,15",0.0 - 999999999999.999999999999999
C_40,Número de empresas según el motivo principal por el cual acudió a esa fuente o institución financiera_2021 (al mes de la entrevista)_Total de empresas,Numeric,"12,15",0.0 - 999999999999.999999999999999
D_40,Número de empresas según el motivo principal por el cual acudió a esa fuente o institución financiera_2021 (al mes de la entrevista)_La sucursal está cerca,Numeric,"12,15",0.0 - 999999999999.999999999999999
E_40,Número de empresas según el motivo principal por el cual acudió a esa fuente o institución financiera_2021 (al mes de la entrevista)_Comisiones son bajas,Numeric,"12,15",0.0 - 999999999999.999999999999999
F_40,Número de empresas según el motivo principal por el cual acudió a esa fuente o institución financiera_2021 (al mes de la entrevista)_La institución ya le ofrecía servicios adicionales,Numeric,"12,15",0.0 - 999999999999.999999999999999
G_40,Número de empresas según el motivo principal por el cual acudió a esa fuente o institución financiera_2021 (al mes de la entrevista)_La institución ofrece una tasa de interés más baja,Numeric,"12,15",0.0 - 999999999999.999999999999999
H_40,Número de empresas según el motivo principal por el cual acudió a esa fuente o institución financiera_2021 (al mes de la entrevista)_La institución ofrece tasa de interés fija,Numeric,"12,15",0.0 - 999999999999.999999999999999
I_40,Número de empresas según el motivo principal por el cual acudió a esa fuente o institución financiera_2021 (al mes de la entrevista)_La institución ofrece un pago mensual fijo,Numeric,"12,15",0.0 - 999999999999.999999999999999
J_40,Número de empresas según el motivo principal por el cual acudió a esa fuente o institución financiera_2021 (al mes de la entrevista)_Esta institución le pidió menos requisitos que otras,Numeric,"12,15",0.0 - 999999999999.999999999999999
K_40,Número de empresas según el motivo principal por el cual acudió a esa fuente o institución financiera_2021 (al mes de la entrevista)_Otro,Numeric,"12,15",0.0 - 999999999999.999999999999999
L_40,Número de empresas según el motivo principal por el cual acudió a esa fuente o institución financiera_2020_Total de empresas,Numeric,"12,15",0.0 - 999999999999.999999999999999
M_40,Número de empresas según el motivo principal por el cual acudió a esa fuente o institución financiera_2020_La sucursal está cerca,Numeric,"12,15",0.0 - 999999999999.999999999999999
N_40,Número de empresas según el motivo principal por el cual acudió a esa fuente o institución financiera_2020_Comisiones son bajas,Numeric,"12,15",0.0 - 999999999999.999999999999999
O_40,Número de empresas según el motivo principal por el cual acudió a esa fuente o institución financiera_2020_La institución ya le ofrecía servicios adicionales,Numeric,"12,15",0.0 - 999999999999.999999999999999
P_40,Número de empresas según el motivo principal por el cual acudió a esa fuente o institución financiera_2020_La institución ofrece una tasa de interés más baja,Numeric,"12,15",0.0 - 999999999999.999999999999999
Q_40,Número de empresas según el motivo principal por el cual acudió a esa fuente o institución financiera_2020_La institución ofrece tasa de interés fija,Numeric,"12,15",0.0 - 999999999999.999999999999999
R_40,Número de empresas según el motivo principal por el cual acudió a esa fuente o institución financiera_2020_La institución ofrece un pago mensual fijo,Numeric,"12,15",0.0 - 999999999999.999999999999999
S_40,Número de empresas según el motivo principal por el cual acudió a esa fuente o institución financiera_2020_Esta institución le pidió menos requisitos que otras,Numeric,"12,15",0.0 - 999999999999.999999999999999
T_40,Número de empresas según el motivo principal por el cual acudió a esa fuente o institución financiera_2020_Otro,Numeric,"12,15",0.0 - 999999999999.999999999999999
U_40,Número de empresas según el motivo principal por el cual acudió a esa fuente o institución financiera_2019_Total de empresas,Numeric,"12,15",0.0 - 999999999999.999999999999999
V_40,Número de empresas según el motivo principal por el cual acudió a esa fuente o institución financiera_2019_La sucursal está cerca,Numeric,"12,15",0.0 - 999999999999.999999999999999
W_40,Número de empresas según el motivo principal por el cual acudió a esa fuente o institución financiera_2019_Comisiones son bajas,Numeric,"12,15",0.0 - 999999999999.999999999999999
X_40,Número de empresas según el motivo principal por el cual acudió a esa fuente o institución financiera_2019_La institución ya le ofrecía servicios adicionales,Numeric,"12,15",0.0 - 999999999999.999999999999999
Y_40,Número de empresas según el motivo principal por el cual acudió a esa fuente o institución financiera_2019_La institución ofrece una tasa de interés más baja,Numeric,"12,15",0.0 - 999999999999.999999999999999
Z_40,Número de empresas según el motivo principal por el cual acudió a esa fuente o institución financiera_2019_La institución ofrece tasa de interés fija,Numeric,"12,15",0.0 - 999999999999.999999999999999
AA_40,Número de empresas según el motivo principal por el cual acudió a esa fuente o institución financiera_2019_La institución ofrece un pago mensual fijo,Numeric,"12,15",0.0 - 999999999999.999999999999999
AB_40,Número de empresas según el motivo principal por el cual acudió a esa fuente o institución financiera_2019_Esta institución le pidió menos requisitos que otras,Numeric,"12,15",0.0 - 999999999999.999999999999999
AC_40,Número de empresas según el motivo principal por el cual acudió a esa fuente o institución financiera_2019_Otro,Numeric,"12,15",0.0 - 999999999999.999999999999999
C_41,Número de empresas según el motivo principal por el que rechazaron la solicitud de crédito de mayor monto_2021 (al mes de la entrevista)_Total de empresas,Numeric,"12,15",0.0 - 999999999999.999999999999999
D_41,Número de empresas según el motivo principal por el que rechazaron la solicitud de crédito de mayor monto_2021 (al mes de la entrevista)_No tenía historial crediticio,Numeric,"12,15",0.0 - 999999999999.999999999999999
E_41,Número de empresas según el motivo principal por el que rechazaron la solicitud de crédito de mayor monto_2021 (al mes de la entrevista)_Tenía mal historial crediticio,Numeric,"12,15",0.0 - 999999999999.999999999999999
F_41,Número de empresas según el motivo principal por el que rechazaron la solicitud de crédito de mayor monto_2021 (al mes de la entrevista)_Baja capacidad de pago,Numeric,"12,15",0.0 - 999999999999.999999999999999
G_41,Número de empresas según el motivo principal por el que rechazaron la solicitud de crédito de mayor monto_2021 (al mes de la entrevista)_Tenía muchas deudas,Numeric,"12,15",0.0 - 999999999999.999999999999999
H_41,Número de empresas según el motivo principal por el que rechazaron la solicitud de crédito de mayor monto_2021 (al mes de la entrevista)_No es una empresa formal,Numeric,"12,15",0.0 - 999999999999.999999999999999
I_41,Número de empresas según el motivo principal por el que rechazaron la solicitud de crédito de mayor monto_2021 (al mes de la entrevista)_Documentación insuficiente,Numeric,"12,15",0.0 - 999999999999.999999999999999
J_41,Número de empresas según el motivo principal por el que rechazaron la solicitud de crédito de mayor monto_2021 (al mes de la entrevista)_No pudo comprobar ingresos,Numeric,"12,15",0.0 - 999999999999.999999999999999
K_41,Número de empresas según el motivo principal por el que rechazaron la solicitud de crédito de mayor monto_2021 (al mes de la entrevista)_Garantías insuficientes / no tenía aval,Numeric,"12,15",0.0 - 999999999999.999999999999999
L_41,Número de empresas según el motivo principal por el que rechazaron la solicitud de crédito de mayor monto_2021 (al mes de la entrevista)_No tenía un plan de negocios / plan rechazado,Numeric,"12,15",0.0 - 999999999999.999999999999999
M_41,Número de empresas según el motivo principal por el que rechazaron la solicitud de crédito de mayor monto_2021 (al mes de la entrevista)_La empresa es de nueva creación o muy joven,Numeric,"12,15",0.0 - 999999999999.999999999999999
N_41,Número de empresas según el motivo principal por el que rechazaron la solicitud de crédito de mayor monto_2021 (al mes de la entrevista)_No le dieron motivo ni razones,Numeric,"12,15",0.0 - 999999999999.999999999999999
O_41,Número de empresas según el motivo principal por el que rechazaron la solicitud de crédito de mayor monto_2021 (al mes de la entrevista)_Otro,Numeric,"12,15",0.0 - 999999999999.999999999999999
P_41,Número de empresas según el motivo principal por el que rechazaron la solicitud de crédito de mayor monto_2020_Total de empresas,Numeric,"12,15",0.0 - 999999999999.999999999999999
Q_41,Número de empresas según el motivo principal por el que rechazaron la solicitud de crédito de mayor monto_2020_No tenía historial crediticio,Numeric,"12,15",0.0 - 999999999999.999999999999999
R_41,Número de empresas según el motivo principal por el que rechazaron la solicitud de crédito de mayor monto_2020_Tenía mal historial crediticio,Numeric,"12,15",0.0 - 999999999999.999999999999999
S_41,Número de empresas según el motivo principal por el que rechazaron la solicitud de crédito de mayor monto_2020_Baja capacidad de pago,Numeric,"12,15",0.0 - 999999999999.999999999999999
T_41,Número de empresas según el motivo principal por el que rechazaron la solicitud de crédito de mayor monto_2020_Tenía muchas deudas,Numeric,"12,15",0.0 - 999999999999.999999999999999
U_41,Número de empresas según el motivo principal por el que rechazaron la solicitud de crédito de mayor monto_2020_No es una empresa formal,Numeric,"12,15",0.0 - 999999999999.999999999999999
V_41,Número de empresas según el motivo principal por el que rechazaron la solicitud de crédito de mayor monto_2020_Documentación insuficiente,Numeric,"12,15",0.0 - 999999999999.999999999999999
W_41,Número de empresas según el motivo principal por el que rechazaron la solicitud de crédito de mayor monto_2020_No pudo comprobar ingresos,Numeric,"12,15",0.0 - 999999999999.999999999999999
X_41,Número de empresas según el motivo principal por el que rechazaron la solicitud de crédito de mayor monto_2020_Garantías insuficientes / no tenía aval,Numeric,"12,15",0.0 - 999999999999.999999999999999
Y_41,Número de empresas según el motivo principal por el que rechazaron la solicitud de crédito de mayor monto_2020_No tenía un plan de negocios / plan rechazado,Numeric,"12,15",0.0 - 999999999999.999999999999999
Z_41,Número de empresas según el motivo principal por el que rechazaron la solicitud de crédito de mayor monto_2020_La empresa es de nueva creación o muy joven,Numeric,"12,15",0.0 - 999999999999.999999999999999
AA_41,Número de empresas según el motivo principal por el que rechazaron la solicitud de crédito de mayor monto_2020_No le dieron motivo ni razones,Numeric,"12,15",0.0 - 999999999999.999999999999999
AB_41,Número de empresas según el motivo principal por el que rechazaron la solicitud de crédito de mayor monto_2020_Otro,Numeric,"12,15",0.0 - 999999999999.999999999999999
AC_41,Número de empresas según el motivo principal por el que rechazaron la solicitud de crédito de mayor monto_2019_Total de empresas,Numeric,"12,15",0.0 - 999999999999.999999999999999
AD_41,Número de empresas según el motivo principal por el que rechazaron la solicitud de crédito de mayor monto_2019_No tenía historial crediticio,Numeric,"12,15",0.0 - 999999999999.999999999999999
AE_41,Número de empresas según el motivo principal por el que rechazaron la solicitud de crédito de mayor monto_2019_Tenía mal historial crediticio,Numeric,"12,15",0.0 - 999999999999.999999999999999
AF_41,Número de empresas según el motivo principal por el que rechazaron la solicitud de crédito de mayor monto_2019_Baja capacidad de pago,Numeric,"12,15",0.0 - 999999999999.999999999999999
AG_41,Número de empresas según el motivo principal por el que rechazaron la solicitud de crédito de mayor monto_2019_Tenía muchas deudas,Numeric,"12,15",0.0 - 999999999999.999999999999999
AH_41,Número de empresas según el motivo principal por el que rechazaron la solicitud de crédito de mayor monto_2019_No es una empresa formal,Numeric,"12,15",0.0 - 999999999999.999999999999999
AI_41,Número de empresas según el motivo principal por el que rechazaron la solicitud de crédito de mayor monto_2019_Documentación insuficiente,Numeric,"12,15",0.0 - 999999999999.999999999999999
AJ_41,Número de empresas según el motivo principal por el que rechazaron la solicitud de crédito de mayor monto_2019_No pudo comprobar ingresos,Numeric,"12,15",0.0 - 999999999999.999999999999999
AK_41,Número de empresas según el motivo principal por el que rechazaron la solicitud de crédito de mayor monto_2019_Garantías insuficientes / no tenía aval,Numeric,"12,15",0.0 - 999999999999.999999999999999
AL_41,Número de empresas según el motivo principal por el que rechazaron la solicitud de crédito de mayor monto_2019_No tenía un plan de negocios / plan rechazado,Numeric,"12,15",0.0 - 999999999999.999999999999999
AM_41,Número de empresas según el motivo principal por el que rechazaron la solicitud de crédito de mayor monto_2019_La empresa es de nueva creación o muy joven,Numeric,"12,15",0.0 - 999999999999.999999999999999
AN_41,Número de empresas según el motivo principal por el que rechazaron la solicitud de crédito de mayor monto_2019_No le dieron motivo ni razones,Numeric,"12,15",0.0 - 999999999999.999999999999999
AO_41,Número de empresas según el motivo principal por el que rechazaron la solicitud de crédito de mayor monto_2019_Otro,Numeric,"12,15",0.0 - 999999999999.999999999999999
C_42,Número de empresas según el impacto principal que tuvieron por no obtener el crédito_2021 (al mes de la entrevista)_Total de empresas,Numeric,"12,15",0.0 - 999999999999.999999999999999
D_42,Número de empresas según el impacto principal que tuvieron por no obtener el crédito_2021 (al mes de la entrevista)_Se retrasó el inicio de las operaciones,Numeric,"12,15",0.0 - 999999999999.999999999999999
E_42,Número de empresas según el impacto principal que tuvieron por no obtener el crédito_2021 (al mes de la entrevista)_Se retrasó la expansión de la empresa / compra de nuevo capital,Numeric,"12,15",0.0 - 999999999999.999999999999999
F_42,Número de empresas según el impacto principal que tuvieron por no obtener el crédito_2021 (al mes de la entrevista)_Se recortó personal,Numeric,"12,15",0.0 - 999999999999.999999999999999
G_42,Número de empresas según el impacto principal que tuvieron por no obtener el crédito_2021 (al mes de la entrevista)_Se detuvieron las operaciones temporalmente,Numeric,"12,15",0.0 - 999999999999.999999999999999
H_42,"Número de empresas según el impacto principal que tuvieron por no obtener el crédito_2021 (al mes de la entrevista)_Se cancelaron contratos, pedidos, servicios, entre otros, con clientes o proveedores",Numeric,"12,15",0.0 - 999999999999.999999999999999
I_42,"Número de empresas según el impacto principal que tuvieron por no obtener el crédito_2021 (al mes de la entrevista)_Se cancelaron inversiones de la empresa (en equipo, vehículos, inmuebles, capacitación, entre otros)",Numeric,"12,15",0.0 - 999999999999.999999999999999
J_42,Número de empresas según el impacto principal que tuvieron por no obtener el crédito_2021 (al mes de la entrevista)_No hubo impacto significativo,Numeric,"12,15",0.0 - 999999999999.999999999999999
K_42,Número de empresas según el impacto principal que tuvieron por no obtener el crédito_2021 (al mes de la entrevista)_Otro,Numeric,"12,15",0.0 - 999999999999.999999999999999
L_42,Número de empresas según el impacto principal que tuvieron por no obtener el crédito_2020_Total de empresas,Numeric,"12,15",0.0 - 999999999999.999999999999999
M_42,Número de empresas según el impacto principal que tuvieron por no obtener el crédito_2020_Se retrasó el inicio de las operaciones,Numeric,"12,15",0.0 - 999999999999.999999999999999
N_42,Número de empresas según el impacto principal que tuvieron por no obtener el crédito_2020_Se retrasó la expansión de la empresa / compra de nuevo capital,Numeric,"12,15",0.0 - 999999999999.999999999999999
O_42,Número de empresas según el impacto principal que tuvieron por no obtener el crédito_2020_Se recortó personal,Numeric,"12,15",0.0 - 999999999999.999999999999999
P_42,Número de empresas según el impacto principal que tuvieron por no obtener el crédito_2020_Se detuvieron las operaciones temporalmente,Numeric,"12,15",0.0 - 999999999999.999999999999999
Q_42,"Número de empresas según el impacto principal que tuvieron por no obtener el crédito_2020_Se cancelaron contratos, pedidos, servicios, entre otros, con clientes o proveedores",Numeric,"12,15",0.0 - 999999999999.999999999999999
R_42,"Número de empresas según el impacto principal que tuvieron por no obtener el crédito_2020_Se cancelaron inversiones de la empresa (en equipo, vehículos, inmuebles, capacitación, entre otros)",Numeric,"12,15",0.0 - 999999999999.999999999999999
S_42,Número de empresas según el impacto principal que tuvieron por no obtener el crédito_2020_No hubo impacto significativo,Numeric,"12,15",0.0 - 999999999999.999999999999999
T_42,Número de empresas según el impacto principal que tuvieron por no obtener el crédito_2020_Otro,Numeric,"12,15",0.0 - 999999999999.999999999999999
U_42,Número de empresas según el impacto principal que tuvieron por no obtener el crédito_2019_Total de empresas,Numeric,"12,15",0.0 - 999999999999.999999999999999
V_42,Número de empresas según el impacto principal que tuvieron por no obtener el crédito_2019_Se retrasó el inicio de las operaciones,Numeric,"12,15",0.0 - 999999999999.999999999999999
W_42,Número de empresas según el impacto principal que tuvieron por no obtener el crédito_2019_Se retrasó la expansión de la empresa / compra de nuevo capital,Numeric,"12,15",0.0 - 999999999999.999999999999999
X_42,Número de empresas según el impacto principal que tuvieron por no obtener el crédito_2019_Se recortó personal,Numeric,"12,15",0.0 - 999999999999.999999999999999
Y_42,Número de empresas según el impacto principal que tuvieron por no obtener el crédito_2019_Se detuvieron las operaciones temporalmente,Numeric,"12,15",0.0 - 999999999999.999999999999999
Z_42,"Número de empresas según el impacto principal que tuvieron por no obtener el crédito_2019_Se cancelaron contratos, pedidos, servicios, entre otros, con clientes o proveedores",Numeric,"12,15",0.0 - 999999999999.999999999999999
AA_42,"Número de empresas según el impacto principal que tuvieron por no obtener el crédito_2019_Se cancelaron inversiones de la empresa (en equipo, vehículos, inmuebles, capacitación, entre otros)",Numeric,"12,15",0.0 - 999999999999.999999999999999
AB_42,Número de empresas según el impacto principal que tuvieron por no obtener el crédito_2019_No hubo impacto significativo,Numeric,"12,15",0.0 - 999999999999.999999999999999
AC_42,Número de empresas según el impacto principal que tuvieron por no obtener el crédito_2019_Otro,Numeric,"12,15",0.0 - 999999999999.999999999999999
C_43,Número de empresas según la acción que realizó después de que fue rechazada su solicitud de crédito_2021 (al mes de la entrevista)_Total de empresas,Numeric,"12,15",0.0 - 999999999999.999999999999999
D_43,Número de empresas según la acción que realizó después de que fue rechazada su solicitud de crédito_2021 (al mes de la entrevista)_No volvió a solicitar ningún crédito en el periodo,Numeric,"12,15",0.0 - 999999999999.999999999999999
E_43,Número de empresas según la acción que realizó después de que fue rechazada su solicitud de crédito_2021 (al mes de la entrevista)_Buscó y encontró financiamiento en el periodo,Numeric,"12,15",0.0 - 999999999999.999999999999999
F_43,Número de empresas según la acción que realizó después de que fue rechazada su solicitud de crédito_2021 (al mes de la entrevista)_Buscó pero no encontró financiamiento en el periodo,Numeric,"12,15",0.0 - 999999999999.999999999999999
G_43,Número de empresas según la acción que realizó después de que fue rechazada su solicitud de crédito_2020_Total de empresas,Numeric,"12,15",0.0 - 999999999999.999999999999999
H_43,Número de empresas según la acción que realizó después de que fue rechazada su solicitud de crédito_2020_No volvió a solicitar ningún crédito en el periodo,Numeric,"12,15",0.0 - 999999999999.999999999999999
I_43,Número de empresas según la acción que realizó después de que fue rechazada su solicitud de crédito_2020_Buscó y encontró financiamiento en el periodo,Numeric,"12,15",0.0 - 999999999999.999999999999999
J_43,Número de empresas según la acción que realizó después de que fue rechazada su solicitud de crédito_2020_Buscó pero no encontró financiamiento en el periodo,Numeric,"12,15",0.0 - 999999999999.999999999999999
K_43,Número de empresas según la acción que realizó después de que fue rechazada su solicitud de crédito_2019_Total de empresas,Numeric,"12,15",0.0 - 999999999999.999999999999999
L_43,Número de empresas según la acción que realizó después de que fue rechazada su solicitud de crédito_2019_No volvió a solicitar ningún crédito en el periodo,Numeric,"12,15",0.0 - 999999999999.999999999999999
M_43,Número de empresas según la acción que realizó después de que fue rechazada su solicitud de crédito_2019_Buscó y encontró financiamiento en el periodo,Numeric,"12,15",0.0 - 999999999999.999999999999999
N_43,Número de empresas según la acción que realizó después de que fue rechazada su solicitud de crédito_2019_Buscó pero no encontró financiamiento en el periodo,Numeric,"12,15",0.0 - 999999999999.999999999999999
C_44,Número de empresas según el motivo principal por el que no solicitaron ningún crédito_2021 (al mes de la entrevista)_Total de empresas,Numeric,"12,15",0.0 - 999999999999.999999999999999
D_44,Número de empresas según el motivo principal por el que no solicitaron ningún crédito_2021 (al mes de la entrevista)_Simplemente no le interesó,Numeric,"12,15",0.0 - 999999999999.999999999999999
E_44,Número de empresas según el motivo principal por el que no solicitaron ningún crédito_2021 (al mes de la entrevista)_La empresa es autosuficiente / no lo necesita,Numeric,"12,15",0.0 - 999999999999.999999999999999
F_44,Número de empresas según el motivo principal por el que no solicitaron ningún crédito_2021 (al mes de la entrevista)_Cuenta con medios de financiamiento vigentes,Numeric,"12,15",0.0 - 999999999999.999999999999999
G_44,Número de empresas según el motivo principal por el que no solicitaron ningún crédito_2021 (al mes de la entrevista)_Cree que no cuenta con los requisitos necesarios,Numeric,"12,15",0.0 - 999999999999.999999999999999
H_44,Número de empresas según el motivo principal por el que no solicitaron ningún crédito_2021 (al mes de la entrevista)_No confía en las instituciones financieras,Numeric,"12,15",0.0 - 999999999999.999999999999999
I_44,Número de empresas según el motivo principal por el que no solicitaron ningún crédito_2021 (al mes de la entrevista)_No sabe cómo hacerlo,Numeric,"12,15",0.0 - 999999999999.999999999999999
J_44,Número de empresas según el motivo principal por el que no solicitaron ningún crédito_2021 (al mes de la entrevista)_Lo han rechazado anteriormente,Numeric,"12,15",0.0 - 999999999999.999999999999999
K_44,Número de empresas según el motivo principal por el que no solicitaron ningún crédito_2021 (al mes de la entrevista)_Tiene mal historial crediticio,Numeric,"12,15",0.0 - 999999999999.999999999999999
L_44,Número de empresas según el motivo principal por el que no solicitaron ningún crédito_2021 (al mes de la entrevista)_Los créditos son muy caros,Numeric,"12,15",0.0 - 999999999999.999999999999999
M_44,Número de empresas según el motivo principal por el que no solicitaron ningún crédito_2021 (al mes de la entrevista)_Se tienen muchas deudas,Numeric,"12,15",0.0 - 999999999999.999999999999999
N_44,Número de empresas según el motivo principal por el que no solicitaron ningún crédito_2021 (al mes de la entrevista)_No hay instituciones cerca,Numeric,"12,15",0.0 - 999999999999.999999999999999
O_44,Número de empresas según el motivo principal por el que no solicitaron ningún crédito_2021 (al mes de la entrevista)_Otro,Numeric,"12,15",0.0 - 999999999999.999999999999999
P_44,Número de empresas según el motivo principal por el que no solicitaron ningún crédito_2020_Total de empresas,Numeric,"12,15",0.0 - 999999999999.999999999999999
Q_44,Número de empresas según el motivo principal por el que no solicitaron ningún crédito_2020_Simplemente no le interesó,Numeric,"12,15",0.0 - 999999999999.999999999999999
R_44,Número de empresas según el motivo principal por el que no solicitaron ningún crédito_2020_La empresa es autosuficiente / no lo necesita,Numeric,"12,15",0.0 - 999999999999.999999999999999
S_44,Número de empresas según el motivo principal por el que no solicitaron ningún crédito_2020_Cuenta con medios de financiamiento vigentes,Numeric,"12,15",0.0 - 999999999999.999999999999999
T_44,Número de empresas según el motivo principal por el que no solicitaron ningún crédito_2020_Cree que no cuenta con los requisitos necesarios,Numeric,"12,15",0.0 - 999999999999.999999999999999
U_44,Número de empresas según el motivo principal por el que no solicitaron ningún crédito_2020_No confía en las instituciones financieras,Numeric,"12,15",0.0 - 999999999999.999999999999999
V_44,Número de empresas según el motivo principal por el que no solicitaron ningún crédito_2020_No sabe cómo hacerlo,Numeric,"12,15",0.0 - 999999999999.999999999999999
W_44,Número de empresas según el motivo principal por el que no solicitaron ningún crédito_2020_Lo han rechazado anteriormente,Numeric,"12,15",0.0 - 999999999999.999999999999999
X_44,Número de empresas según el motivo principal por el que no solicitaron ningún crédito_2020_Tiene mal historial crediticio,Numeric,"12,15",0.0 - 999999999999.999999999999999
Y_44,Número de empresas según el motivo principal por el que no solicitaron ningún crédito_2020_Los créditos son muy caros,Numeric,"12,15",0.0 - 999999999999.999999999999999
Z_44,Número de empresas según el motivo principal por el que no solicitaron ningún crédito_2020_Se tienen muchas deudas,Numeric,"12,15",0.0 - 999999999999.999999999999999
AA_44,Número de empresas según el motivo principal por el que no solicitaron ningún crédito_2020_No hay instituciones cerca,Numeric,"12,15",0.0 - 999999999999.999999999999999
AB_44,Número de empresas según el motivo principal por el que no solicitaron ningún crédito_2020_Otro,Numeric,"12,15",0.0 - 999999999999.999999999999999
AC_44,Número de empresas según el motivo principal por el que no solicitaron ningún crédito_2019_Total de empresas,Numeric,"12,15",0.0 - 999999999999.999999999999999
AD_44,Número de empresas según el motivo principal por el que no solicitaron ningún crédito_2019_Simplemente no le interesó,Numeric,"12,15",0.0 - 999999999999.999999999999999
AE_44,Número de empresas según el motivo principal por el que no solicitaron ningún crédito_2019_La empresa es autosuficiente / no lo necesita,Numeric,"12,15",0.0 - 999999999999.999999999999999
AF_44,Número de empresas según el motivo principal por el que no solicitaron ningún crédito_2019_Cuenta con medios de financiamiento vigentes,Numeric,"12,15",0.0 - 999999999999.999999999999999
AG_44,Número de empresas según el motivo principal por el que no solicitaron ningún crédito_2019_Cree que no cuenta con los requisitos necesarios,Numeric,"12,15",0.0 - 999999999999.999999999999999
AH_44,Número de empresas según el motivo principal por el que no solicitaron ningún crédito_2019_No confía en las instituciones financieras,Numeric,"12,15",0.0 - 999999999999.999999999999999
AI_44,Número de empresas según el motivo principal por el que no solicitaron ningún crédito_2019_No sabe cómo hacerlo,Numeric,"12,15",0.0 - 999999999999.999999999999999
AJ_44,Número de empresas según el motivo principal por el que no solicitaron ningún crédito_2019_Lo han rechazado anteriormente,Numeric,"12,15",0.0 - 999999999999.999999999999999
AK_44,Número de empresas según el motivo principal por el que no solicitaron ningún crédito_2019_Tiene mal historial crediticio,Numeric,"12,15",0.0 - 999999999999.999999999999999
AL_44,Número de empresas según el motivo principal por el que no solicitaron ningún crédito_2019_Los créditos son muy caros,Numeric,"12,15",0.0 - 999999999999.999999999999999
AM_44,Número de empresas según el motivo principal por el que no solicitaron ningún crédito_2019_Se tienen muchas deudas,Numeric,"12,15",0.0 - 999999999999.999999999999999
AN_44,Número de empresas según el motivo principal por el que no solicitaron ningún crédito_2019_No hay instituciones cerca,Numeric,"12,15",0.0 - 999999999999.999999999999999
AO_44,Número de empresas según el motivo principal por el que no solicitaron ningún crédito_2019_Otro,Numeric,"12,15",0.0 - 999999999999.999999999999999
C_45,Número de empresas según el motivo por el cual nunca han realizado una solicitud de crédito_Total de empresas,Numeric,"12,15",0.0 - 999999999999.999999999999999
D_45,Número de empresas según el motivo por el cual nunca han realizado una solicitud de crédito_Simplemente no le interesa,Numeric,"12,15",0.0 - 999999999999.999999999999999
E_45,Número de empresas según el motivo por el cual nunca han realizado una solicitud de crédito_La empresa es autosuficiente / no lo necesita,Numeric,"12,15",0.0 - 999999999999.999999999999999
F_45,Número de empresas según el motivo por el cual nunca han realizado una solicitud de crédito_Cuenta con otros medios de financiamiento,Numeric,"12,15",0.0 - 999999999999.999999999999999
G_45,Número de empresas según el motivo por el cual nunca han realizado una solicitud de crédito_Cree que no cuenta con los requisitos necesarios,Numeric,"12,15",0.0 - 999999999999.999999999999999
H_45,Número de empresas según el motivo por el cual nunca han realizado una solicitud de crédito_No confía en las instituciones financieras,Numeric,"12,15",0.0 - 999999999999.999999999999999
I_45,Número de empresas según el motivo por el cual nunca han realizado una solicitud de crédito_No sabe cómo hacerlo,Numeric,"12,15",0.0 - 999999999999.999999999999999
J_45,Número de empresas según el motivo por el cual nunca han realizado una solicitud de crédito_Lo han rechazado anteriormente y desistió de buscar financiamiento,Numeric,"12,15",0.0 - 999999999999.999999999999999
K_45,Número de empresas según el motivo por el cual nunca han realizado una solicitud de crédito_Cuenta con mal historial crediticio ,Numeric,"12,15",0.0 - 999999999999.999999999999999
L_45,Número de empresas según el motivo por el cual nunca han realizado una solicitud de crédito_Los créditos son muy caros,Numeric,"12,15",0.0 - 999999999999.999999999999999
M_45,Número de empresas según el motivo por el cual nunca han realizado una solicitud de crédito_Se tienen muchas deudas,Numeric,"12,15",0.0 - 999999999999.999999999999999
N_45,Número de empresas según el motivo por el cual nunca han realizado una solicitud de crédito_No hay instituciones cerca,Numeric,"12,15",0.0 - 999999999999.999999999999999
O_45,Número de empresas según el motivo por el cual nunca han realizado una solicitud de crédito_Otro,Numeric,"12,15",0.0 - 999999999999.999999999999999
C_46,Número de empresas que han considerado solicitar algún crédito durante los siguientes 12 meses_Total de empresas,Numeric,"12,15",0.0 - 999999999999.999999999999999
C_46_1,Número de empresas según uso que se le daría al crédito o financiamiento_Total de empresas,Numeric,"12,15",0.0 - 999999999999.999999999999999
D_46_1,Número de empresas según uso que se le daría al crédito o financiamiento_Expandir el negocio / abrir nuevas sucursales,Numeric,"12,15",0.0 - 999999999999.999999999999999
E_46_1,"Número de empresas según uso que se le daría al crédito o financiamiento_Invertir en capital fijo o tecnología necesarios para la producción (vehículos, inmuebles, software, maquinaria, entre otros)",Numeric,"12,15",0.0 - 999999999999.999999999999999
F_46_1,Número de empresas según uso que se le daría al crédito o financiamiento_Pagar deudas / pago de compromisos financieros,Numeric,"12,15",0.0 - 999999999999.999999999999999
G_46_1,Número de empresas según uso que se le daría al crédito o financiamiento_Afrontar pérdidas de ejercicios fiscales anteriores,Numeric,"12,15",0.0 - 999999999999.999999999999999
H_46_1,Número de empresas según uso que se le daría al crédito o financiamiento_Otro,Numeric,"12,15",0.0 - 999999999999.999999999999999
C_46_2,"Número de empresas que solicitarían algún crédito durante los siguientes 12 meses, según las circunstancias_Total de empresas",Numeric,"12,15",0.0 - 999999999999.999999999999999
D_46_2,"Número de empresas que solicitarían algún crédito durante los siguientes 12 meses, según las circunstancias_En caso de ingresos insuficientes o pérdidas",Numeric,"12,15",0.0 - 999999999999.999999999999999
E_46_2,"Número de empresas que solicitarían algún crédito durante los siguientes 12 meses, según las circunstancias_Si los trámites con las instituciones fueran más sencillos",Numeric,"12,15",0.0 - 999999999999.999999999999999
F_46_2,"Número de empresas que solicitarían algún crédito durante los siguientes 12 meses, según las circunstancias_Si la tasa de interés fuera más baja",Numeric,"12,15",0.0 - 999999999999.999999999999999
G_46_2,"Número de empresas que solicitarían algún crédito durante los siguientes 12 meses, según las circunstancias_Si alguien me ayudara a solicitar el crédito",Numeric,"12,15",0.0 - 999999999999.999999999999999
H_46_2,"Número de empresas que solicitarían algún crédito durante los siguientes 12 meses, según las circunstancias_Otra",Numeric,"12,15",0.0 - 999999999999.999999999999999
C_47,"Número de empresas que de ser necesario solicitarían un crédito o un préstamo, según tipo de fuente_Total de empresas",Numeric,"12,15",0.0 - 999999999999.999999999999999
D_47,"Número de empresas que de ser necesario solicitarían un crédito o un préstamo, según tipo de fuente_Banca comercial",Numeric,"12,15",0.0 - 999999999999.999999999999999
E_47,"Número de empresas que de ser necesario solicitarían un crédito o un préstamo, según tipo de fuente_Banca de desarrollo",Numeric,"12,15",0.0 - 999999999999.999999999999999
F_47,"Número de empresas que de ser necesario solicitarían un crédito o un préstamo, según tipo de fuente_Institución financiera no bancaria (SOFOM, SOCAP, SOFIPO, Unión de crédito)",Numeric,"12,15",0.0 - 999999999999.999999999999999
G_47,"Número de empresas que de ser necesario solicitarían un crédito o un préstamo, según tipo de fuente_Programas de gobierno federal, estatal o municipal",Numeric,"12,15",0.0 - 999999999999.999999999999999
H_47,"Número de empresas que de ser necesario solicitarían un crédito o un préstamo, según tipo de fuente_Proveedores",Numeric,"12,15",0.0 - 999999999999.999999999999999
I_47,"Número de empresas que de ser necesario solicitarían un crédito o un préstamo, según tipo de fuente_Familiares o amistades",Numeric,"12,15",0.0 - 999999999999.999999999999999
J_47,"Número de empresas que de ser necesario solicitarían un crédito o un préstamo, según tipo de fuente_Financiamiento colectivo (crowdfunding)",Numeric,"12,15",0.0 - 999999999999.999999999999999
K_47,"Número de empresas que de ser necesario solicitarían un crédito o un préstamo, según tipo de fuente_Controladora u otras entidades del grupo empresarial",Numeric,"12,15",0.0 - 999999999999.999999999999999
L_47,"Número de empresas que de ser necesario solicitarían un crédito o un préstamo, según tipo de fuente_Otra",Numeric,"12,15",0.0 - 999999999999.999999999999999
C_48,Tasa promedio de interés anual máxima que aceptarían pagar las empresas si un banco les ofreciera un crédito sin colateral (sin garantía) a plazo de un año_Tasa promedio de interés anual,Numeric,"12,15",0.0 - 999999999999.999999999999999
C_49,Número de empresas según factores que han limitado el acceso al financiamiento en los últimos 12 meses por escala_Limita mucho el acceso al financiamiento_Total de empresas,Numeric,"12,15",0.0 - 999999999999.999999999999999
D_49,Número de empresas según factores que han limitado el acceso al financiamiento en los últimos 12 meses por escala_Limita mucho el acceso al financiamiento_Se solicitan muchos requisitos,Numeric,"12,15",0.0 - 999999999999.999999999999999
E_49,Número de empresas según factores que han limitado el acceso al financiamiento en los últimos 12 meses por escala_Limita mucho el acceso al financiamiento_La tasa de interés (costo) es alta,Numeric,"12,15",0.0 - 999999999999.999999999999999
F_49,"Número de empresas según factores que han limitado el acceso al financiamiento en los últimos 12 meses por escala_Limita mucho el acceso al financiamiento_Los términos y condiciones de pago no son accesibles (periodicidad, forma de pago, entre otros)",Numeric,"12,15",0.0 - 999999999999.999999999999999
G_49,Número de empresas según factores que han limitado el acceso al financiamiento en los últimos 12 meses por escala_Limita mucho el acceso al financiamiento_No se puede comprobar ingresos,Numeric,"12,15",0.0 - 999999999999.999999999999999
H_49,Número de empresas según factores que han limitado el acceso al financiamiento en los últimos 12 meses por escala_Limita mucho el acceso al financiamiento_Limitada capacidad de pago,Numeric,"12,15",0.0 - 999999999999.999999999999999
I_49,Número de empresas según factores que han limitado el acceso al financiamiento en los últimos 12 meses por escala_Limita mucho el acceso al financiamiento_Se requieren muchos trámites / trámites complicados,Numeric,"12,15",0.0 - 999999999999.999999999999999
J_49,Número de empresas según factores que han limitado el acceso al financiamiento en los últimos 12 meses por escala_Limita mucho el acceso al financiamiento_No hay instituciones de crédito en la localidad,Numeric,"12,15",0.0 - 999999999999.999999999999999
K_49,Número de empresas según factores que han limitado el acceso al financiamiento en los últimos 12 meses por escala_Limita mucho el acceso al financiamiento_No tiene historial crediticio,Numeric,"12,15",0.0 - 999999999999.999999999999999
L_49,Número de empresas según factores que han limitado el acceso al financiamiento en los últimos 12 meses por escala_Limita mucho el acceso al financiamiento_No se cuenta con garantías / colateral / aval,Numeric,"12,15",0.0 - 999999999999.999999999999999
M_49,Número de empresas según factores que han limitado el acceso al financiamiento en los últimos 12 meses por escala_Limita mucho el acceso al financiamiento_Se tiene mal historial crediticio con el buró de crédito,Numeric,"12,15",0.0 - 999999999999.999999999999999
N_49,Número de empresas según factores que han limitado el acceso al financiamiento en los últimos 12 meses por escala_Limita mucho el acceso al financiamiento_La empresa no cumple con el tiempo en operación requerido,Numeric,"12,15",0.0 - 999999999999.999999999999999
O_49,Número de empresas según factores que han limitado el acceso al financiamiento en los últimos 12 meses por escala_Limita mucho el acceso al financiamiento_Otro,Numeric,"12,15",0.0 - 999999999999.999999999999999
P_49,Número de empresas según factores que han limitado el acceso al financiamiento en los últimos 12 meses por escala_Limita poco el acceso al financiamiento_Total de empresas,Numeric,"12,15",0.0 - 999999999999.999999999999999
Q_49,Número de empresas según factores que han limitado el acceso al financiamiento en los últimos 12 meses por escala_Limita poco el acceso al financiamiento_Se solicitan muchos requisitos,Numeric,"12,15",0.0 - 999999999999.999999999999999
R_49,Número de empresas según factores que han limitado el acceso al financiamiento en los últimos 12 meses por escala_Limita poco el acceso al financiamiento_La tasa de interés (costo) es alta,Numeric,"12,15",0.0 - 999999999999.999999999999999
S_49,"Número de empresas según factores que han limitado el acceso al financiamiento en los últimos 12 meses por escala_Limita poco el acceso al financiamiento_Los términos y condiciones de pago no son accesibles (periodicidad, forma de pago, entre otros)",Numeric,"12,15",0.0 - 999999999999.999999999999999
T_49,Número de empresas según factores que han limitado el acceso al financiamiento en los últimos 12 meses por escala_Limita poco el acceso al financiamiento_No se puede comprobar ingresos,Numeric,"12,15",0.0 - 999999999999.999999999999999
U_49,Número de empresas según factores que han limitado el acceso al financiamiento en los últimos 12 meses por escala_Limita poco el acceso al financiamiento_Limitada capacidad de pago,Numeric,"12,15",0.0 - 999999999999.999999999999999
V_49,Número de empresas según factores que han limitado el acceso al financiamiento en los últimos 12 meses por escala_Limita poco el acceso al financiamiento_Se requieren muchos trámites / trámites complicados,Numeric,"12,15",0.0 - 999999999999.999999999999999
W_49,Número de empresas según factores que han limitado el acceso al financiamiento en los últimos 12 meses por escala_Limita poco el acceso al financiamiento_No hay instituciones de crédito en la localidad,Numeric,"12,15",0.0 - 999999999999.999999999999999
X_49,Número de empresas según factores que han limitado el acceso al financiamiento en los últimos 12 meses por escala_Limita poco el acceso al financiamiento_No tiene historial crediticio,Numeric,"12,15",0.0 - 999999999999.999999999999999
Y_49,Número de empresas según factores que han limitado el acceso al financiamiento en los últimos 12 meses por escala_Limita poco el acceso al financiamiento_No se cuenta con garantías / colateral / aval,Numeric,"12,15",0.0 - 999999999999.999999999999999
Z_49,Número de empresas según factores que han limitado el acceso al financiamiento en los últimos 12 meses por escala_Limita poco el acceso al financiamiento_Se tiene mal historial crediticio con el buró de crédito,Numeric,"12,15",0.0 - 999999999999.999999999999999
AA_49,Número de empresas según factores que han limitado el acceso al financiamiento en los últimos 12 meses por escala_Limita poco el acceso al financiamiento_La empresa no cumple con el tiempo en operación requerido,Numeric,"12,15",0.0 - 999999999999.999999999999999
AB_49,Número de empresas según factores que han limitado el acceso al financiamiento en los últimos 12 meses por escala_Limita poco el acceso al financiamiento_Otro,Numeric,"12,15",0.0 - 999999999999.999999999999999
AC_49,Número de empresas según factores que han limitado el acceso al financiamiento en los últimos 12 meses por escala_No limita el acceso al financiamiento_Total de empresas,Numeric,"12,15",0.0 - 999999999999.999999999999999
AD_49,Número de empresas según factores que han limitado el acceso al financiamiento en los últimos 12 meses por escala_No limita el acceso al financiamiento_Se solicitan muchos requisitos,Numeric,"12,15",0.0 - 999999999999.999999999999999
AE_49,Número de empresas según factores que han limitado el acceso al financiamiento en los últimos 12 meses por escala_No limita el acceso al financiamiento_La tasa de interés (costo) es alta,Numeric,"12,15",0.0 - 999999999999.999999999999999
AF_49,"Número de empresas según factores que han limitado el acceso al financiamiento en los últimos 12 meses por escala_No limita el acceso al financiamiento_Los términos y condiciones de pago no son accesibles (periodicidad, forma de pago, entre otros)",Numeric,"12,15",0.0 - 999999999999.999999999999999
AG_49,Número de empresas según factores que han limitado el acceso al financiamiento en los últimos 12 meses por escala_No limita el acceso al financiamiento_No se puede comprobar ingresos,Numeric,"12,15",0.0 - 999999999999.999999999999999
AH_49,Número de empresas según factores que han limitado el acceso al financiamiento en los últimos 12 meses por escala_No limita el acceso al financiamiento_Limitada capacidad de pago,Numeric,"12,15",0.0 - 999999999999.999999999999999
AI_49,Número de empresas según factores que han limitado el acceso al financiamiento en los últimos 12 meses por escala_No limita el acceso al financiamiento_Se requieren muchos trámites / trámites complicados,Numeric,"12,15",0.0 - 999999999999.999999999999999
AJ_49,Número de empresas según factores que han limitado el acceso al financiamiento en los últimos 12 meses por escala_No limita el acceso al financiamiento_No hay instituciones de crédito en la localidad,Numeric,"12,15",0.0 - 999999999999.999999999999999
AK_49,Número de empresas según factores que han limitado el acceso al financiamiento en los últimos 12 meses por escala_No limita el acceso al financiamiento_No tiene historial crediticio,Numeric,"12,15",0.0 - 999999999999.999999999999999
AL_49,Número de empresas según factores que han limitado el acceso al financiamiento en los últimos 12 meses por escala_No limita el acceso al financiamiento_No se cuenta con garantías / colateral / aval,Numeric,"12,15",0.0 - 999999999999.999999999999999
AM_49,Número de empresas según factores que han limitado el acceso al financiamiento en los últimos 12 meses por escala_No limita el acceso al financiamiento_Se tiene mal historial crediticio con el buró de crédito,Numeric,"12,15",0.0 - 999999999999.999999999999999
AN_49,Número de empresas según factores que han limitado el acceso al financiamiento en los últimos 12 meses por escala_No limita el acceso al financiamiento_La empresa no cumple con el tiempo en operación requerido,Numeric,"12,15",0.0 - 999999999999.999999999999999
C_50_1,Número de empresas que conocen o han escuchado sobre las instituciones del sector bursátil mexicano_Total de empresas,Numeric,"12,15",0.0 - 999999999999.999999999999999
D_50_1,Número de empresas que conocen o han escuchado sobre las instituciones del sector bursátil mexicano_Bolsas de valores,Numeric,"12,15",0.0 - 999999999999.999999999999999
E_50_1,Número de empresas que conocen o han escuchado sobre las instituciones del sector bursátil mexicano_Casas de bolsa,Numeric,"12,15",0.0 - 999999999999.999999999999999
F_50_1,Número de empresas que conocen o han escuchado sobre las instituciones del sector bursátil mexicano_Fondos de inversión,Numeric,"12,15",0.0 - 999999999999.999999999999999
G_50_1,Número de empresas que conocen o han escuchado sobre las instituciones del sector bursátil mexicano_Agencias calificadoras,Numeric,"12,15",0.0 - 999999999999.999999999999999
H_50_1,Número de empresas que conocen o han escuchado sobre las instituciones del sector bursátil mexicano_Asesores de inversión,Numeric,"12,15",0.0 - 999999999999.999999999999999
I_50_1,Número de empresas que conocen o han escuchado sobre las instituciones del sector bursátil mexicano_No conoce instituciones del sector bursátil mexicano,Numeric,"12,15",0.0 - 999999999999.999999999999999
C_50_2,Número de empresas que conocen o han escuchado sobre las posibilidades de obtener capital o financiamiento a través del sector bursátil mexicano_Total de empresas,Numeric,"12,15",0.0 - 999999999999.999999999999999
C_50_4,Número de empresas con interés por obtener financiamiento en el mercado bursátil mexicano_Total de empresas,Numeric,"12,15",0.0 - 999999999999.999999999999999
C_50_5,Número de empresas según tipo de instrumento que le interesaría utilizar_Total de empresas,Numeric,"12,15",0.0 - 999999999999.999999999999999
D_50_5,Número de empresas según tipo de instrumento que le interesaría utilizar_Deuda de corto plazo,Numeric,"12,15",0.0 - 999999999999.999999999999999
E_50_5,Número de empresas según tipo de instrumento que le interesaría utilizar_Deuda de largo plazo,Numeric,"12,15",0.0 - 999999999999.999999999999999
F_50_5,Número de empresas según tipo de instrumento que le interesaría utilizar_Acciones,Numeric,"12,15",0.0 - 999999999999.999999999999999
G_50_5,Número de empresas según tipo de instrumento que le interesaría utilizar_Otro,Numeric,"12,15",0.0 - 999999999999.999999999999999
C_50_6,Número de empresas según razones por las que no les interesa financiarse en el mercado bursátil mexicano_Total de empresas,Numeric,"12,15",0.0 - 999999999999.999999999999999
D_50_6,Número de empresas según razones por las que no les interesa financiarse en el mercado bursátil mexicano_No sabe cómo participar,Numeric,"12,15",0.0 - 999999999999.999999999999999
E_50_6,Número de empresas según razones por las que no les interesa financiarse en el mercado bursátil mexicano_Los costos de operación y/o entrada son muy altos,Numeric,"12,15",0.0 - 999999999999.999999999999999
F_50_6,Número de empresas según razones por las que no les interesa financiarse en el mercado bursátil mexicano_Se requieren muchos trámites / trámites complicados,Numeric,"12,15",0.0 - 999999999999.999999999999999
G_50_6,Número de empresas según razones por las que no les interesa financiarse en el mercado bursátil mexicano_Los ingresos de la empresa son reducidos,Numeric,"12,15",0.0 - 999999999999.999999999999999
H_50_6,Número de empresas según razones por las que no les interesa financiarse en el mercado bursátil mexicano_No se necesita este tipo de financiamiento,Numeric,"12,15",0.0 - 999999999999.999999999999999
I_50_6,Número de empresas según razones por las que no les interesa financiarse en el mercado bursátil mexicano_Se solicitan muchos requisitos,Numeric,"12,15",0.0 - 999999999999.999999999999999
J_50_6,"Número de empresas según razones por las que no les interesa financiarse en el mercado bursátil mexicano_Se tiene financiamiento de otras fuentes (bancos, proveedores, entre otros)",Numeric,"12,15",0.0 - 999999999999.999999999999999
K_50_6,Número de empresas según razones por las que no les interesa financiarse en el mercado bursátil mexicano_No quiere compartir el patrimonio de su empresa,Numeric,"12,15",0.0 - 999999999999.999999999999999
L_50_6,Número de empresas según razones por las que no les interesa financiarse en el mercado bursátil mexicano_No conoce el sector,Numeric,"12,15",0.0 - 999999999999.999999999999999
M_50_6,Número de empresas según razones por las que no les interesa financiarse en el mercado bursátil mexicano_Otra,Numeric,"12,15",0.0 - 999999999999.999999999999999
C_51_1,Número de empresas que han escuchado o conocen las tecnologías financieras (Fintech) para obtener financiamiento colectivo_Total de empresas,Numeric,"12,15",0.0 - 999999999999.999999999999999
C_51_2,Número de empresas que conocen algún tipo de tecnologías financieras (Fintech)_Total de empresas,Numeric,"12,15",0.0 - 999999999999.999999999999999
D_51_2,Número de empresas que conocen algún tipo de tecnologías financieras (Fintech)_Instituciones de financiamiento colectivo (crowdfunding),Numeric,"12,15",0.0 - 999999999999.999999999999999
E_51_2,Número de empresas que conocen algún tipo de tecnologías financieras (Fintech)_Empresas que ofrecen monederos virtuales,Numeric,"12,15",0.0 - 999999999999.999999999999999
F_51_2,Número de empresas que conocen algún tipo de tecnologías financieras (Fintech)_Criptomonedas,Numeric,"12,15",0.0 - 999999999999.999999999999999
G_51_2,Número de empresas que conocen algún tipo de tecnologías financieras (Fintech)_Inversiones en aplicaciones móviles o páginas web,Numeric,"12,15",0.0 - 999999999999.999999999999999
H_51_2,Número de empresas que conocen algún tipo de tecnologías financieras (Fintech)_Otra,Numeric,"12,15",0.0 - 999999999999.999999999999999
C_51_3,"Número de empresas que utilizan alguna tecnología financiera (Fintech) para realizar operaciones financieras, obtener financiamiento o realizar inversiones_Total de empresas",Numeric,"12,15",0.0 - 999999999999.999999999999999
C_51_4a,Número de empresas según uso de las tecnologías financieras (Fintech)_Total de empresas,Numeric,"12,15",0.0 - 999999999999.999999999999999
D_51_4a,Número de empresas según uso de las tecnologías financieras (Fintech)_Realizar operaciones como pagos o depósitos,Numeric,"12,15",0.0 - 999999999999.999999999999999
E_51_4a,Número de empresas según uso de las tecnologías financieras (Fintech)_Otra,Numeric,"12,15",0.0 - 999999999999.999999999999999
C_51_5,Número de empresas según razones por las que no se utilizan tecnologías financieras (Fintech)_Total de empresas,Numeric,"12,15",0.0 - 999999999999.999999999999999
D_51_5,Número de empresas según razones por las que no se utilizan tecnologías financieras (Fintech)_No conoce cómo funcionan,Numeric,"12,15",0.0 - 999999999999.999999999999999
E_51_5,Número de empresas según razones por las que no se utilizan tecnologías financieras (Fintech)_No confía en las tecnologías financieras,Numeric,"12,15",0.0 - 999999999999.999999999999999
F_51_5,Número de empresas según razones por las que no se utilizan tecnologías financieras (Fintech)_No cuenta con la infraestructura necesaria para utilizarlas,Numeric,"12,15",0.0 - 999999999999.999999999999999
G_51_5,Número de empresas según razones por las que no se utilizan tecnologías financieras (Fintech)_No cuenta con el personal necesario para utilizarlas,Numeric,"12,15",0.0 - 999999999999.999999999999999
H_51_5,Número de empresas según razones por las que no se utilizan tecnologías financieras (Fintech)_No las necesita,Numeric,"12,15",0.0 - 999999999999.999999999999999
I_51_5,Número de empresas según razones por las que no se utilizan tecnologías financieras (Fintech)_No le interesa,Numeric,"12,15",0.0 - 999999999999.999999999999999
J_51_5,Número de empresas según razones por las que no se utilizan tecnologías financieras (Fintech)_Otra,Numeric,"12,15",0.0 - 999999999999.999999999999999
C_52_1,Número de empresas que conocen los programas de la banca de desarrollo_Total de empresas,Numeric,"12,15",0.0 - 999999999999.999999999999999
D_52_1,Número de empresas que conocen los programas de la banca de desarrollo_Financiamiento directo,Numeric,"12,15",0.0 - 999999999999.999999999999999
E_52_1,Número de empresas que conocen los programas de la banca de desarrollo_Garantías,Numeric,"12,15",0.0 - 999999999999.999999999999999
F_52_1,"Número de empresas que conocen los programas de la banca de desarrollo_Servicios de factoraje (cadenas productivas, entre otros)",Numeric,"12,15",0.0 - 999999999999.999999999999999
G_52_1,Número de empresas que conocen los programas de la banca de desarrollo_Desarrollo empresarial y asistencia técnica,Numeric,"12,15",0.0 - 999999999999.999999999999999
H_52_1,Número de empresas que conocen los programas de la banca de desarrollo_Banca de inversión y manejo de tesorería,Numeric,"12,15",0.0 - 999999999999.999999999999999
I_52_1,"Número de empresas que conocen los programas de la banca de desarrollo_Equipamiento, desarrollo de infraestructura, capital de trabajo, proyectos de inversión o exportación",Numeric,"12,15",0.0 - 999999999999.999999999999999
J_52_1,Número de empresas que conocen los programas de la banca de desarrollo_No conoce los programas de la banca de desarrollo,Numeric,"12,15",0.0 - 999999999999.999999999999999
K_52_1,Número de empresas que conocen los programas de la banca de desarrollo_Otro,Numeric,"12,15",0.0 - 999999999999.999999999999999
C_52_2,Número de empresas que reciben algún servicio de alguna institución de la banca de desarrollo_Total de empresas,Numeric,"12,15",0.0 - 999999999999.999999999999999
C_52_3,Número de empresas que les gustaría participar en algún programa de la banca de desarrollo_Total de empresas,Numeric,"12,15",0.0 - 999999999999.999999999999999
C_52_4,Número de empresas según razones por las que no le interesa participar en los programas de la banca de desarrollo_Total de empresas,Numeric,"12,15",0.0 - 999999999999.999999999999999
D_52_4,"Número de empresas según razones por las que no le interesa participar en los programas de la banca de desarrollo_Se tienen servicios similares con otras instituciones (bancos, proveedores, entre otros)",Numeric,"12,15",0.0 - 999999999999.999999999999999
E_52_4,Número de empresas según razones por las que no le interesa participar en los programas de la banca de desarrollo_No cumple con los requisitos que solicitan / se solicitan muchos requisitos,Numeric,"12,15",0.0 - 999999999999.999999999999999
F_52_4,Número de empresas según razones por las que no le interesa participar en los programas de la banca de desarrollo_No hay programas de la banca de desarrollo para el giro de esta empresa,Numeric,"12,15",0.0 - 999999999999.999999999999999
G_52_4,Número de empresas según razones por las que no le interesa participar en los programas de la banca de desarrollo_Los costos de operación y/o entrada son muy altos,Numeric,"12,15",0.0 - 999999999999.999999999999999
H_52_4,Número de empresas según razones por las que no le interesa participar en los programas de la banca de desarrollo_Las condiciones de los programas son muy estrictas,Numeric,"12,15",0.0 - 999999999999.999999999999999
I_52_4,Número de empresas según razones por las que no le interesa participar en los programas de la banca de desarrollo_No hay instituciones de la banca de desarrollo en la localidad,Numeric,"12,15",0.0 - 999999999999.999999999999999
J_52_4,Número de empresas según razones por las que no le interesa participar en los programas de la banca de desarrollo_No los necesita,Numeric,"12,15",0.0 - 999999999999.999999999999999
K_52_4,Número de empresas según razones por las que no le interesa participar en los programas de la banca de desarrollo_No le interesa,Numeric,"12,15",0.0 - 999999999999.999999999999999
L_52_4,Número de empresas según razones por las que no le interesa participar en los programas de la banca de desarrollo_Se requieren muchos trámites / trámites complicados,Numeric,"12,15",0.0 - 999999999999.999999999999999
M_52_4,Número de empresas según razones por las que no le interesa participar en los programas de la banca de desarrollo_Otra,Numeric,"12,15",0.0 - 999999999999.999999999999999
C_53,Número de empresas según la obtención de recursos de inversionistas a cambio de compartir las utilidades o permitir la toma de decisiones_Total de empresas,Numeric,"12,15",0.0 - 999999999999.999999999999999
D_53,"Número de empresas según la obtención de recursos de inversionistas a cambio de compartir las utilidades o permitir la toma de decisiones_Sí, a cambio de utilidades y toma de decisiones en la administración",Numeric,"12,15",0.0 - 999999999999.999999999999999
E_53,"Número de empresas según la obtención de recursos de inversionistas a cambio de compartir las utilidades o permitir la toma de decisiones_Sí, a cambio de utilidades, pero no en la toma de decisiones en la administración",Numeric,"12,15",0.0 - 999999999999.999999999999999
F_53,"Número de empresas según la obtención de recursos de inversionistas a cambio de compartir las utilidades o permitir la toma de decisiones_No, no se tuvo este financiamiento",Numeric,"12,15",0.0 - 999999999999.999999999999999
C_54,Edad promedio de la empresa cuando comenzó a utilizar recursos de inversionistas_Edad promedio en años,Numeric,"12,15",0.0 - 999999999999.999999999999999
C_55,Número de empresas según la obtención de recursos de inversionistas a cambio de compartir las utilidades o permitir la toma de decisiones_Total de empresas,Numeric,"12,15",0.0 - 999999999999.999999999999999
D_55,"Número de empresas según la obtención de recursos de inversionistas a cambio de compartir las utilidades o permitir la toma de decisiones_Sí, a cambio de utilidades y toma de decisiones en la administración",Numeric,"12,15",0.0 - 999999999999.999999999999999
E_55,"Número de empresas según la obtención de recursos de inversionistas a cambio de compartir las utilidades o permitir la toma de decisiones_Sí, a cambio de utilidades, pero no en la toma de decisiones en la administración",Numeric,"12,15",0.0 - 999999999999.999999999999999
F_55,"Número de empresas según la obtención de recursos de inversionistas a cambio de compartir las utilidades o permitir la toma de decisiones_No, no se tuvo este financiamiento",Numeric,"12,15",0.0 - 999999999999.999999999999999
C_56,Número de empresas según la fuente de la cual obtuvieron los recursos de inversionistas_Total de empresas,Numeric,"12,15",0.0 - 999999999999.999999999999999
D_56,Número de empresas según la fuente de la cual obtuvieron los recursos de inversionistas_Amistades o familiares de los dueños (as) o socios (as),Numeric,"12,15",0.0 - 999999999999.999999999999999
E_56,Número de empresas según la fuente de la cual obtuvieron los recursos de inversionistas_El personal que labora en la empresa,Numeric,"12,15",0.0 - 999999999999.999999999999999
F_56,Número de empresas según la fuente de la cual obtuvieron los recursos de inversionistas_Inversionistas externos sin relación previa con la empresa o dueños (as),Numeric,"12,15",0.0 - 999999999999.999999999999999
G_56,Número de empresas según la fuente de la cual obtuvieron los recursos de inversionistas_Alguna empresa o corporación,Numeric,"12,15",0.0 - 999999999999.999999999999999
H_56,Número de empresas según la fuente de la cual obtuvieron los recursos de inversionistas_Alguna institución de gobierno,Numeric,"12,15",0.0 - 999999999999.999999999999999
I_56,Número de empresas según la fuente de la cual obtuvieron los recursos de inversionistas_No sabe,Numeric,"12,15",0.0 - 999999999999.999999999999999
J_56,Número de empresas según la fuente de la cual obtuvieron los recursos de inversionistas_Otro (a),Numeric,"12,15",0.0 - 999999999999.999999999999999
C_57,Número de empresas según el principal uso de los recursos obtenidos de inversionistas_Total de empresas,Numeric,"12,15",0.0 - 999999999999.999999999999999
D_57,Número de empresas según el principal uso de los recursos obtenidos de inversionistas_Expandir el negocio / abrir nuevas sucursales,Numeric,"12,15",0.0 - 999999999999.999999999999999
E_57,Número de empresas según el principal uso de los recursos obtenidos de inversionistas_Financiamiento de las operaciones diarias / compra de insumos,Numeric,"12,15",0.0 - 999999999999.999999999999999
F_57,"Número de empresas según el principal uso de los recursos obtenidos de inversionistas_Inversiones de capital fijo (compra de vehículos, equipo, inmuebles)",Numeric,"12,15",0.0 - 999999999999.999999999999999
G_57,Número de empresas según el principal uso de los recursos obtenidos de inversionistas_Pago de deudas / pago de compromisos financieros,Numeric,"12,15",0.0 - 999999999999.999999999999999
H_57,Número de empresas según el principal uso de los recursos obtenidos de inversionistas_No se utilizó / no se ha utilizado,Numeric,"12,15",0.0 - 999999999999.999999999999999
I_57,Número de empresas según el principal uso de los recursos obtenidos de inversionistas_Otro,Numeric,"12,15",0.0 - 999999999999.999999999999999
C_58,Número de empresas que podrían aceptar aportaciones de capital de inversionistas privados a cambio de compartir sus utilidades y/o permitir la toma de decisiones en la administración_Total de empresas,Numeric,"12,15",0.0 - 999999999999.999999999999999
D_58,"Número de empresas que podrían aceptar aportaciones de capital de inversionistas privados a cambio de compartir sus utilidades y/o permitir la toma de decisiones en la administración_Sí, a cambio de utilidades y toma de decisiones en la administración",Numeric,"12,15",0.0 - 999999999999.999999999999999
E_58,"Número de empresas que podrían aceptar aportaciones de capital de inversionistas privados a cambio de compartir sus utilidades y/o permitir la toma de decisiones en la administración_Sí, a cambio de utilidades, pero no en la toma de decisiones en la administración",Numeric,"12,15",0.0 - 999999999999.999999999999999
F_58,"Número de empresas que podrían aceptar aportaciones de capital de inversionistas privados a cambio de compartir sus utilidades y/o permitir la toma de decisiones en la administración_No, no aceptaría",Numeric,"12,15",0.0 - 999999999999.999999999999999
C_59,Número de empresas según razones por las que no aceptarían aportaciones de capital de inversionistas privados_Total de empresas,Numeric,"12,15",0.0 - 999999999999.999999999999999
D_59,Número de empresas según razones por las que no aceptarían aportaciones de capital de inversionistas privados_No necesita más capital,Numeric,"12,15",0.0 - 999999999999.999999999999999
E_59,Número de empresas según razones por las que no aceptarían aportaciones de capital de inversionistas privados_Se cuenta con otras fuentes de financiamiento,Numeric,"12,15",0.0 - 999999999999.999999999999999
F_59,Número de empresas según razones por las que no aceptarían aportaciones de capital de inversionistas privados_No está dispuesto a aceptar la intervención de terceros,Numeric,"12,15",0.0 - 999999999999.999999999999999
G_59,Número de empresas según razones por las que no aceptarían aportaciones de capital de inversionistas privados_Se podrían tomar demasiados derechos en la empresa,Numeric,"12,15",0.0 - 999999999999.999999999999999
H_59,Número de empresas según razones por las que no aceptarían aportaciones de capital de inversionistas privados_No le interesa,Numeric,"12,15",0.0 - 999999999999.999999999999999
I_59,Número de empresas según razones por las que no aceptarían aportaciones de capital de inversionistas privados_Otra,Numeric,"12,15",0.0 - 999999999999.999999999999999
C_60_1,Número de empresas según el tipo de reserva financiera con la que contaron para hacer frente a siniestros_Total de empresas,Numeric,"12,15",0.0 - 999999999999.999999999999999
D_60_1,"Número de empresas según el tipo de reserva financiera con la que contaron para hacer frente a siniestros_Efectivo guardado en caja fuerte, tanda, entre otros",Numeric,"12,15",0.0 - 999999999999.999999999999999
E_60_1,Número de empresas según el tipo de reserva financiera con la que contaron para hacer frente a siniestros_Depósitos en alguna institución financiera,Numeric,"12,15",0.0 - 999999999999.999999999999999
F_60_1,Número de empresas según el tipo de reserva financiera con la que contaron para hacer frente a siniestros_Seguro financiero,Numeric,"12,15",0.0 - 999999999999.999999999999999
G_60_1,Número de empresas según el tipo de reserva financiera con la que contaron para hacer frente a siniestros_No se contó con ninguna reserva,Numeric,"12,15",0.0 - 999999999999.999999999999999
H_60_1,Número de empresas según el tipo de reserva financiera con la que contaron para hacer frente a siniestros_Otro,Numeric,"12,15",0.0 - 999999999999.999999999999999
C_60_2,Número de empresas según afirmaciones que representan mejor lo que haría la empresa si le robaran la mayoría del equipo_Total de empresas,Numeric,"12,15",0.0 - 999999999999.999999999999999
D_60_2,Número de empresas según afirmaciones que representan mejor lo que haría la empresa si le robaran la mayoría del equipo_Se utilizarían ahorros de la empresa para emergencias,Numeric,"12,15",0.0 - 999999999999.999999999999999
E_60_2,Número de empresas según afirmaciones que representan mejor lo que haría la empresa si le robaran la mayoría del equipo_Se solicitaría al seguro el pago de todo o parte de lo robado,Numeric,"12,15",0.0 - 999999999999.999999999999999
F_60_2,Número de empresas según afirmaciones que representan mejor lo que haría la empresa si le robaran la mayoría del equipo_Contrataría un crédito para comprar equipo nuevo,Numeric,"12,15",0.0 - 999999999999.999999999999999
G_60_2,Número de empresas según afirmaciones que representan mejor lo que haría la empresa si le robaran la mayoría del equipo_Se utilizarían recursos de los (as) dueños (as) o socios (as),Numeric,"12,15",0.0 - 999999999999.999999999999999
H_60_2,Número de empresas según afirmaciones que representan mejor lo que haría la empresa si le robaran la mayoría del equipo_Pediría prestado dinero o equipo a familiares o amistades,Numeric,"12,15",0.0 - 999999999999.999999999999999
I_60_2,Número de empresas según afirmaciones que representan mejor lo que haría la empresa si le robaran la mayoría del equipo_Cerraría el negocio temporal o definitivamente,Numeric,"12,15",0.0 - 999999999999.999999999999999
J_60_2,Número de empresas según afirmaciones que representan mejor lo que haría la empresa si le robaran la mayoría del equipo_Otra,Numeric,"12,15",0.0 - 999999999999.999999999999999
C_61,Número de empresas según los medios por los cuales realizan sus operaciones financieras_Total de empresas,Numeric,"12,15",0.0 - 999999999999.999999999999999
D_61,Número de empresas según los medios por los cuales realizan sus operaciones financieras_En la sucursal de una institución financiera,Numeric,"12,15",0.0 - 999999999999.999999999999999
E_61,Número de empresas según los medios por los cuales realizan sus operaciones financieras_A través de cajeros automáticos,Numeric,"12,15",0.0 - 999999999999.999999999999999
F_61,"Número de empresas según los medios por los cuales realizan sus operaciones financieras_A través de corresponsales bancarios (ejemplo: OXXO, Walmart)",Numeric,"12,15",0.0 - 999999999999.999999999999999
G_61,Número de empresas según los medios por los cuales realizan sus operaciones financieras_A través de la página de Internet de alguna institución financiera,Numeric,"12,15",0.0 - 999999999999.999999999999999
H_61,Número de empresas según los medios por los cuales realizan sus operaciones financieras_A través de la línea telefónica de alguna institución financiera,Numeric,"12,15",0.0 - 999999999999.999999999999999
I_61,Número de empresas según los medios por los cuales realizan sus operaciones financieras_A través de la aplicación para dispositivos móviles (como celulares o tableta electrónica) de alguna institución financiera,Numeric,"12,15",0.0 - 999999999999.999999999999999
J_61,Número de empresas según los medios por los cuales realizan sus operaciones financieras_No se realizan operaciones financieras / no tiene cuenta,Numeric,"12,15",0.0 - 999999999999.999999999999999
C_62,Número de empresas según medios de pago que aceptó de sus clientes en un mes típico_Total de empresas,Numeric,"12,15",0.0 - 999999999999.999999999999999
D_62,Número de empresas según medios de pago que aceptó de sus clientes en un mes típico_Tarjeta de crédito,Numeric,"12,15",0.0 - 999999999999.999999999999999
E_62,Número de empresas según medios de pago que aceptó de sus clientes en un mes típico_Tarjeta de débito,Numeric,"12,15",0.0 - 999999999999.999999999999999
F_62,"Número de empresas según medios de pago que aceptó de sus clientes en un mes típico_Pagos con códigos QR (CoDi, aplicaciones de instituciones financieras, entre otros)",Numeric,"12,15",0.0 - 999999999999.999999999999999
G_62,"Número de empresas según medios de pago que aceptó de sus clientes en un mes típico_Transferencias electrónicas (SPEI, TEF)",Numeric,"12,15",0.0 - 999999999999.999999999999999
H_62,Número de empresas según medios de pago que aceptó de sus clientes en un mes típico_Cheques,Numeric,"12,15",0.0 - 999999999999.999999999999999
I_62,Número de empresas según medios de pago que aceptó de sus clientes en un mes típico_Efectivo (billetes y monedas),Numeric,"12,15",0.0 - 999999999999.999999999999999
J_62,Número de empresas según medios de pago que aceptó de sus clientes en un mes típico_Otro,Numeric,"12,15",0.0 - 999999999999.999999999999999
C_63_1,Número de empresas que recibieron pagos con tarjeta mediante una terminal punto de venta (TPV) proporcionada por algún banco_Total de empresas,Numeric,"12,15",0.0 - 999999999999.999999999999999
D_63_1,Número de empresas que recibieron pagos con tarjeta mediante una terminal punto de venta (TPV) proporcionada por algún banco_Motivo de elección de este servicio_La renta es barata,Numeric,"12,15",0.0 - 999999999999.999999999999999
E_63_1,Número de empresas que recibieron pagos con tarjeta mediante una terminal punto de venta (TPV) proporcionada por algún banco_Motivo de elección de este servicio_Por el volumen de las ventas,Numeric,"12,15",0.0 - 999999999999.999999999999999
F_63_1,Número de empresas que recibieron pagos con tarjeta mediante una terminal punto de venta (TPV) proporcionada por algún banco_Motivo de elección de este servicio_Pocos requisitos para obtenerlo,Numeric,"12,15",0.0 - 999999999999.999999999999999
G_63_1,Número de empresas que recibieron pagos con tarjeta mediante una terminal punto de venta (TPV) proporcionada por algún banco_Motivo de elección de este servicio_Me lo ofrecieron por el giro de la empresa,Numeric,"12,15",0.0 - 999999999999.999999999999999
H_63_1,Número de empresas que recibieron pagos con tarjeta mediante una terminal punto de venta (TPV) proporcionada por algún banco_Motivo de elección de este servicio_Se tiene relación con la institución financiera,Numeric,"12,15",0.0 - 999999999999.999999999999999
I_63_1,Número de empresas que recibieron pagos con tarjeta mediante una terminal punto de venta (TPV) proporcionada por algún banco_Motivo de elección de este servicio_Me lo recomendaron,Numeric,"12,15",0.0 - 999999999999.999999999999999
J_63_1,Número de empresas que recibieron pagos con tarjeta mediante una terminal punto de venta (TPV) proporcionada por algún banco_Motivo de elección de este servicio_Ayuda a incrementar las ventas,Numeric,"12,15",0.0 - 999999999999.999999999999999
K_63_1,Número de empresas que recibieron pagos con tarjeta mediante una terminal punto de venta (TPV) proporcionada por algún banco_Motivo de elección de este servicio_Los clientes lo solicitan,Numeric,"12,15",0.0 - 999999999999.999999999999999
L_63_1,Número de empresas que recibieron pagos con tarjeta mediante una terminal punto de venta (TPV) proporcionada por algún banco_Motivo de elección de este servicio_Por conveniencia y seguridad,Numeric,"12,15",0.0 - 999999999999.999999999999999
M_63_1,Número de empresas que recibieron pagos con tarjeta mediante una terminal punto de venta (TPV) proporcionada por algún banco_Motivo de elección de este servicio_Otro,Numeric,"12,15",0.0 - 999999999999.999999999999999
C_63_2,Número de empresas que recibieron pagos con tarjeta mediante lectores de tarjeta_Total de empresas,Numeric,"12,15",0.0 - 999999999999.999999999999999
C_63_3,Número de empresas que recibieron pagos con tarjeta mediante celulares (Smartphone) o aplicaciones de celulares_Total de empresas,Numeric,"12,15",0.0 - 999999999999.999999999999999
C_63_4,Número de empresas que recibieron pagos con tarjeta mediante páginas web o programas de cómputo_Total de empresas,Numeric,"12,15",0.0 - 999999999999.999999999999999
C_63_9,Número de empresas que recibieron pagos con tarjeta mediante otro medio o dispositivo electrónico_Total de empresas,Numeric,"12,15",0.0 - 999999999999.999999999999999
C_64,Número de empresas según factores por los que no aceptaron pagos con tarjetas_Total de empresas,Numeric,"12,15",0.0 - 999999999999.999999999999999
D_64,Número de empresas según factores por los que no aceptaron pagos con tarjetas_Era costoso,Numeric,"12,15",0.0 - 999999999999.999999999999999
E_64,Número de empresas según factores por los que no aceptaron pagos con tarjetas_El monto de venta era pequeño,Numeric,"12,15",0.0 - 999999999999.999999999999999
F_64,"Número de empresas según factores por los que no aceptaron pagos con tarjetas_Montos de venta elevados, sólo por medio de transferencia",Numeric,"12,15",0.0 - 999999999999.999999999999999
G_64,Número de empresas según factores por los que no aceptaron pagos con tarjetas_Prefería los pagos en efectivo,Numeric,"12,15",0.0 - 999999999999.999999999999999
H_64,Número de empresas según factores por los que no aceptaron pagos con tarjetas_Mis clientes no tenían tarjetas,Numeric,"12,15",0.0 - 999999999999.999999999999999
I_64,Número de empresas según factores por los que no aceptaron pagos con tarjetas_Dejé de ofrecerlo,Numeric,"12,15",0.0 - 999999999999.999999999999999
J_64,Número de empresas según factores por los que no aceptaron pagos con tarjetas_No sabía cómo obtenerlo / no me lo ofrecieron,Numeric,"12,15",0.0 - 999999999999.999999999999999
K_64,Número de empresas según factores por los que no aceptaron pagos con tarjetas_Otro,Numeric,"12,15",0.0 - 999999999999.999999999999999
C_65_1,Número de empresas que utilizaron cuenta de depósito empresarial_Total de empresas que contaron con este producto o servicio,Numeric,"12,15",0.0 - 999999999999.999999999999999
D_65_1,Número de empresas que utilizaron cuenta de depósito empresarial_Edad promedio de la empresa cuando empezó a contar con este producto o servicio,Numeric,"12,15",0.0 - 999999999999.999999999999999
C_65_2,Número de empresas que utilizaron cuenta empresarial con chequera_Total de empresas que contaron con este producto o servicio,Numeric,"12,15",0.0 - 999999999999.999999999999999
D_65_2,Número de empresas que utilizaron cuenta empresarial con chequera_Edad promedio de la empresa cuando empezó a contar con este producto o servicio,Numeric,"12,15",0.0 - 999999999999.999999999999999
C_65_3,Número de empresas que utilizaron tarjeta de crédito empresarial_Total de empresas que contaron con este producto o servicio,Numeric,"12,15",0.0 - 999999999999.999999999999999
D_65_3,Número de empresas que utilizaron tarjeta de crédito empresarial_Edad promedio de la empresa cuando empezó a contar con este producto o servicio,Numeric,"12,15",0.0 - 999999999999.999999999999999
C_65_4,Número de empresas que utilizaron tarjeta de débito empresarial_Total de empresas que contaron con este producto o servicio,Numeric,"12,15",0.0 - 999999999999.999999999999999
D_65_4,Número de empresas que utilizaron tarjeta de débito empresarial_Edad promedio de la empresa cuando empezó a contar con este producto o servicio,Numeric,"12,15",0.0 - 999999999999.999999999999999
C_65_5,Número de empresas que utilizaron dispersión automática de nómina_Total de empresas que contaron con este producto o servicio,Numeric,"12,15",0.0 - 999999999999.999999999999999
D_65_5,Número de empresas que utilizaron dispersión automática de nómina_Edad promedio de la empresa cuando empezó a contar con este producto o servicio,Numeric,"12,15",0.0 - 999999999999.999999999999999
C_65_6,Número de empresas que utilizaron banca móvil (banca por celular)_Total de empresas que contaron con este producto o servicio,Numeric,"12,15",0.0 - 999999999999.999999999999999
D_65_6,Número de empresas que utilizaron banca móvil (banca por celular)_Edad promedio de la empresa cuando empezó a contar con este producto o servicio,Numeric,"12,15",0.0 - 999999999999.999999999999999
C_65_7,Número de empresas que utilizaron banca por Internet (banca en línea)_Total de empresas que contaron con este producto o servicio,Numeric,"12,15",0.0 - 999999999999.999999999999999
D_65_7,Número de empresas que utilizaron banca por Internet (banca en línea)_Edad promedio de la empresa cuando empezó a contar con este producto o servicio,Numeric,"12,15",0.0 - 999999999999.999999999999999
C_65_8,Número de empresas que utilizaron créditos personales para los (as) dueños (as) o socios (as)_Total de empresas que contaron con este producto o servicio,Numeric,"12,15",0.0 - 999999999999.999999999999999
D_65_8,Número de empresas que utilizaron créditos personales para los (as) dueños (as) o socios (as)_Edad promedio de la empresa cuando empezó a contar con este producto o servicio,Numeric,"12,15",0.0 - 999999999999.999999999999999
C_65_11,Número de empresas que utilizaron tarjetas de crédito para los (as) dueños (as) o socios (as)_Total de empresas que contaron con este producto o servicio,Numeric,"12,15",0.0 - 999999999999.999999999999999
D_65_11,Número de empresas que utilizaron tarjetas de crédito para los (as) dueños (as) o socios (as)_Edad promedio de la empresa cuando empezó a contar con este producto o servicio,Numeric,"12,15",0.0 - 999999999999.999999999999999
C_65_12,Número de empresas que utilizaron servicios en paquete_Total de empresas que contaron con este producto o servicio,Numeric,"12,15",0.0 - 999999999999.999999999999999
D_65_12,Número de empresas que utilizaron servicios en paquete_Edad promedio de la empresa cuando empezó a contar con este producto o servicio,Numeric,"12,15",0.0 - 999999999999.999999999999999
C_65a,Número de empresas que utilizaron servicios bancarios_Total de empresas que contaron con productos o servicios bancarios,Numeric,"12,15",0.0 - 999999999999.999999999999999
D_65a,Número de empresas que utilizaron servicios bancarios_Edad promedio de la empresa cuando empezó a contar con servicios bancarios,Numeric,"12,15",0.0 - 999999999999.999999999999999
C_65_0,Número de empresas que utilizaron productos o servicios bancarios_Total de empresas,Numeric,"12,15",0.0 - 999999999999.999999999999999
D_65_0,Número de empresas que utilizaron productos o servicios bancarios_Cuenta de depósito empresarial,Numeric,"12,15",0.0 - 999999999999.999999999999999
E_65_0,Número de empresas que utilizaron productos o servicios bancarios_Cuenta empresarial con chequera,Numeric,"12,15",0.0 - 999999999999.999999999999999
F_65_0,Número de empresas que utilizaron productos o servicios bancarios_Tarjeta de crédito empresarial,Numeric,"12,15",0.0 - 999999999999.999999999999999
G_65_0,Número de empresas que utilizaron productos o servicios bancarios_Tarjeta de débito empresarial,Numeric,"12,15",0.0 - 999999999999.999999999999999
H_65_0,Número de empresas que utilizaron productos o servicios bancarios_Dispersión automática de nómina,Numeric,"12,15",0.0 - 999999999999.999999999999999
I_65_0,Número de empresas que utilizaron productos o servicios bancarios_Banca móvil (banca por celular),Numeric,"12,15",0.0 - 999999999999.999999999999999
J_65_0,Número de empresas que utilizaron productos o servicios bancarios_Banca por Internet (banca en línea),Numeric,"12,15",0.0 - 999999999999.999999999999999
K_65_0,Número de empresas que utilizaron productos o servicios bancarios_Créditos personales para los (as) dueños (as) o socios (as),Numeric,"12,15",0.0 - 999999999999.999999999999999
L_65_0,Número de empresas que utilizaron productos o servicios bancarios_Tarjetas de crédito para los (as) dueños (as) o socios (as),Numeric,"12,15",0.0 - 999999999999.999999999999999
M_65_0,Número de empresas que utilizaron productos o servicios bancarios_Servicios en paquete,Numeric,"12,15",0.0 - 999999999999.999999999999999
C_66_1,Número de empresas que utilizaron efectivo (billetes y monedas) como medio de pago según características_Total de empresas que usaron este medio de pago,Numeric,"12,15",0.0 - 999999999999.999999999999999
D_66_1,Número de empresas que utilizaron efectivo (billetes y monedas) como medio de pago según características_Principal uso de este medio de pago (número de empresas)_Pago de nómina,Numeric,"12,15",0.0 - 999999999999.999999999999999
E_66_1,"Número de empresas que utilizaron efectivo (billetes y monedas) como medio de pago según características_Principal uso de este medio de pago (número de empresas)_Pagos por arrendamiento (maquinaria, equipo e inmobiliario, entre otros)",Numeric,"12,15",0.0 - 999999999999.999999999999999
F_66_1,"Número de empresas que utilizaron efectivo (billetes y monedas) como medio de pago según características_Principal uso de este medio de pago (número de empresas)_Pago a proveedores por materias primas, mercancía o material administrativo",Numeric,"12,15",0.0 - 999999999999.999999999999999
G_66_1,"Número de empresas que utilizaron efectivo (billetes y monedas) como medio de pago según características_Principal uso de este medio de pago (número de empresas)_Pago de servicios de la empresa (luz, agua, entre otros)",Numeric,"12,15",0.0 - 999999999999.999999999999999
H_66_1,Número de empresas que utilizaron efectivo (billetes y monedas) como medio de pago según características_Principal uso de este medio de pago (número de empresas)_Pago de impuestos y derechos,Numeric,"12,15",0.0 - 999999999999.999999999999999
I_66_1,Número de empresas que utilizaron efectivo (billetes y monedas) como medio de pago según características_Principal uso de este medio de pago (número de empresas)_Pago de obligaciones financieras,Numeric,"12,15",0.0 - 999999999999.999999999999999
J_66_1,Número de empresas que utilizaron efectivo (billetes y monedas) como medio de pago según características_Principal uso de este medio de pago (número de empresas)_Otro,Numeric,"12,15",0.0 - 999999999999.999999999999999
K_66_1,Número de empresas que utilizaron efectivo (billetes y monedas) como medio de pago según características_Principal dificultad a la que se enfrentó con el uso de este medio de pago (número de empresas)_No es un medio de pago seguro para la empresa,Numeric,"12,15",0.0 - 999999999999.999999999999999
L_66_1,Número de empresas que utilizaron efectivo (billetes y monedas) como medio de pago según características_Principal dificultad a la que se enfrentó con el uso de este medio de pago (número de empresas)_No sabe utilizarlo,Numeric,"12,15",0.0 - 999999999999.999999999999999
M_66_1,Número de empresas que utilizaron efectivo (billetes y monedas) como medio de pago según características_Principal dificultad a la que se enfrentó con el uso de este medio de pago (número de empresas)_No tiene dificultades para utilizarlo,Numeric,"12,15",0.0 - 999999999999.999999999999999
N_66_1,Número de empresas que utilizaron efectivo (billetes y monedas) como medio de pago según características_Principal dificultad a la que se enfrentó con el uso de este medio de pago (número de empresas)_Altos costos de manejo,Numeric,"12,15",0.0 - 999999999999.999999999999999
O_66_1,Número de empresas que utilizaron efectivo (billetes y monedas) como medio de pago según características_Principal dificultad a la que se enfrentó con el uso de este medio de pago (número de empresas)_Fraudes,Numeric,"12,15",0.0 - 999999999999.999999999999999
P_66_1,Número de empresas que utilizaron efectivo (billetes y monedas) como medio de pago según características_Principal dificultad a la que se enfrentó con el uso de este medio de pago (número de empresas)_Problemas de infraestructura,Numeric,"12,15",0.0 - 999999999999.999999999999999
Q_66_1,Número de empresas que utilizaron efectivo (billetes y monedas) como medio de pago según características_Principal dificultad a la que se enfrentó con el uso de este medio de pago (número de empresas)_Otra,Numeric,"12,15",0.0 - 999999999999.999999999999999
C_66_2,Número de empresas que utilizaron cheques como medio de pago según características_Total de empresas que usaron este medio de pago,Numeric,"12,15",0.0 - 999999999999.999999999999999
D_66_2,Número de empresas que utilizaron cheques como medio de pago según características_Principal uso de este medio de pago (número de empresas)_Pago de nómina,Numeric,"12,15",0.0 - 999999999999.999999999999999
E_66_2,"Número de empresas que utilizaron cheques como medio de pago según características_Principal uso de este medio de pago (número de empresas)_Pagos por arrendamiento (maquinaria, equipo e inmobiliario, entre otros)",Numeric,"12,15",0.0 - 999999999999.999999999999999
F_66_2,"Número de empresas que utilizaron cheques como medio de pago según características_Principal uso de este medio de pago (número de empresas)_Pago a proveedores por materias primas, mercancía o material administrativo",Numeric,"12,15",0.0 - 999999999999.999999999999999
G_66_2,"Número de empresas que utilizaron cheques como medio de pago según características_Principal uso de este medio de pago (número de empresas)_Pago de servicios de la empresa (luz, agua, entre otros)",Numeric,"12,15",0.0 - 999999999999.999999999999999
H_66_2,Número de empresas que utilizaron cheques como medio de pago según características_Principal uso de este medio de pago (número de empresas)_Pago de impuestos y derechos,Numeric,"12,15",0.0 - 999999999999.999999999999999
I_66_2,Número de empresas que utilizaron cheques como medio de pago según características_Principal uso de este medio de pago (número de empresas)_Pago de obligaciones financieras,Numeric,"12,15",0.0 - 999999999999.999999999999999
J_66_2,Número de empresas que utilizaron cheques como medio de pago según características_Principal uso de este medio de pago (número de empresas)_Otro,Numeric,"12,15",0.0 - 999999999999.999999999999999
K_66_2,Número de empresas que utilizaron cheques como medio de pago según características_Principal dificultad a la que se enfrentó con el uso de este medio de pago (número de empresas)_No es un medio de pago seguro para la empresa,Numeric,"12,15",0.0 - 999999999999.999999999999999
L_66_2,Número de empresas que utilizaron cheques como medio de pago según características_Principal dificultad a la que se enfrentó con el uso de este medio de pago (número de empresas)_No sabe utilizarlo,Numeric,"12,15",0.0 - 999999999999.999999999999999
M_66_2,Número de empresas que utilizaron cheques como medio de pago según características_Principal dificultad a la que se enfrentó con el uso de este medio de pago (número de empresas)_No tiene dificultades para utilizarlo,Numeric,"12,15",0.0 - 999999999999.999999999999999
N_66_2,Número de empresas que utilizaron cheques como medio de pago según características_Principal dificultad a la que se enfrentó con el uso de este medio de pago (número de empresas)_Altos costos de manejo,Numeric,"12,15",0.0 - 999999999999.999999999999999
O_66_2,Número de empresas que utilizaron cheques como medio de pago según características_Principal dificultad a la que se enfrentó con el uso de este medio de pago (número de empresas)_Fraudes,Numeric,"12,15",0.0 - 999999999999.999999999999999
P_66_2,Número de empresas que utilizaron cheques como medio de pago según características_Principal dificultad a la que se enfrentó con el uso de este medio de pago (número de empresas)_Problemas de infraestructura,Numeric,"12,15",0.0 - 999999999999.999999999999999
Q_66_2,Número de empresas que utilizaron cheques como medio de pago según características_Principal dificultad a la que se enfrentó con el uso de este medio de pago (número de empresas)_Otra,Numeric,"12,15",0.0 - 999999999999.999999999999999
C_66_3,Número de empresas que utilizaron tarjeta de crédito de los (as) dueños (as) o socios (as) como medio de pago según características_Total de empresas que usaron este medio de pago,Numeric,"12,15",0.0 - 999999999999.999999999999999
D_66_3,Número de empresas que utilizaron tarjeta de crédito de los (as) dueños (as) o socios (as) como medio de pago según características_Principal uso de este medio de pago (número de empresas)_Pago de nómina,Numeric,"12,15",0.0 - 999999999999.999999999999999
E_66_3,"Número de empresas que utilizaron tarjeta de crédito de los (as) dueños (as) o socios (as) como medio de pago según características_Principal uso de este medio de pago (número de empresas)_Pagos por arrendamiento (maquinaria, equipo e inmobiliario, entre otros)",Numeric,"12,15",0.0 - 999999999999.999999999999999
F_66_3,"Número de empresas que utilizaron tarjeta de crédito de los (as) dueños (as) o socios (as) como medio de pago según características_Principal uso de este medio de pago (número de empresas)_Pago a proveedores por materias primas, mercancía o material administrativo",Numeric,"12,15",0.0 - 999999999999.999999999999999
G_66_3,"Número de empresas que utilizaron tarjeta de crédito de los (as) dueños (as) o socios (as) como medio de pago según características_Principal uso de este medio de pago (número de empresas)_Pago de servicios de la empresa (luz, agua, entre otros)",Numeric,"12,15",0.0 - 999999999999.999999999999999
H_66_3,Número de empresas que utilizaron tarjeta de crédito de los (as) dueños (as) o socios (as) como medio de pago según características_Principal uso de este medio de pago (número de empresas)_Pago de impuestos y derechos,Numeric,"12,15",0.0 - 999999999999.999999999999999
I_66_3,Número de empresas que utilizaron tarjeta de crédito de los (as) dueños (as) o socios (as) como medio de pago según características_Principal uso de este medio de pago (número de empresas)_Pago de obligaciones financieras,Numeric,"12,15",0.0 - 999999999999.999999999999999
J_66_3,Número de empresas que utilizaron tarjeta de crédito de los (as) dueños (as) o socios (as) como medio de pago según características_Principal uso de este medio de pago (número de empresas)_Otro,Numeric,"12,15",0.0 - 999999999999.999999999999999
K_66_3,Número de empresas que utilizaron tarjeta de crédito de los (as) dueños (as) o socios (as) como medio de pago según características_Principal dificultad a la que se enfrentó con el uso de este medio de pago (número de empresas)_No es un medio de pago seguro para la empresa,Numeric,"12,15",0.0 - 999999999999.999999999999999
L_66_3,Número de empresas que utilizaron tarjeta de crédito de los (as) dueños (as) o socios (as) como medio de pago según características_Principal dificultad a la que se enfrentó con el uso de este medio de pago (número de empresas)_No sabe utilizarlo,Numeric,"12,15",0.0 - 999999999999.999999999999999
M_66_3,Número de empresas que utilizaron tarjeta de crédito de los (as) dueños (as) o socios (as) como medio de pago según características_Principal dificultad a la que se enfrentó con el uso de este medio de pago (número de empresas)_No tiene dificultades para utilizarlo,Numeric,"12,15",0.0 - 999999999999.999999999999999
N_66_3,Número de empresas que utilizaron tarjeta de crédito de los (as) dueños (as) o socios (as) como medio de pago según características_Principal dificultad a la que se enfrentó con el uso de este medio de pago (número de empresas)_Altos costos de manejo,Numeric,"12,15",0.0 - 999999999999.999999999999999
O_66_3,Número de empresas que utilizaron tarjeta de crédito de los (as) dueños (as) o socios (as) como medio de pago según características_Principal dificultad a la que se enfrentó con el uso de este medio de pago (número de empresas)_Fraudes,Numeric,"12,15",0.0 - 999999999999.999999999999999
P_66_3,Número de empresas que utilizaron tarjeta de crédito de los (as) dueños (as) o socios (as) como medio de pago según características_Principal dificultad a la que se enfrentó con el uso de este medio de pago (número de empresas)_Problemas de infraestructura,Numeric,"12,15",0.0 - 999999999999.999999999999999
Q_66_3,Número de empresas que utilizaron tarjeta de crédito de los (as) dueños (as) o socios (as) como medio de pago según características_Principal dificultad a la que se enfrentó con el uso de este medio de pago (número de empresas)_Otra,Numeric,"12,15",0.0 - 999999999999.999999999999999
C_66_4,Número de empresas que utilizaron tarjeta de crédito empresarial como medio de pago según características_Total de empresas que usaron este medio de pago,Numeric,"12,15",0.0 - 999999999999.999999999999999
D_66_4,Número de empresas que utilizaron tarjeta de crédito empresarial como medio de pago según características_Principal uso de este medio de pago (número de empresas)_Pago de nómina,Numeric,"12,15",0.0 - 999999999999.999999999999999
E_66_4,"Número de empresas que utilizaron tarjeta de crédito empresarial como medio de pago según características_Principal uso de este medio de pago (número de empresas)_Pagos por arrendamiento (maquinaria, equipo e inmobiliario, entre otros)",Numeric,"12,15",0.0 - 999999999999.999999999999999
F_66_4,"Número de empresas que utilizaron tarjeta de crédito empresarial como medio de pago según características_Principal uso de este medio de pago (número de empresas)_Pago a proveedores por materias primas, mercancía o material administrativo",Numeric,"12,15",0.0 - 999999999999.999999999999999
G_66_4,"Número de empresas que utilizaron tarjeta de crédito empresarial como medio de pago según características_Principal uso de este medio de pago (número de empresas)_Pago de servicios de la empresa (luz, agua, entre otros)",Numeric,"12,15",0.0 - 999999999999.999999999999999
H_66_4,Número de empresas que utilizaron tarjeta de crédito empresarial como medio de pago según características_Principal uso de este medio de pago (número de empresas)_Pago de impuestos y derechos,Numeric,"12,15",0.0 - 999999999999.999999999999999
I_66_4,Número de empresas que utilizaron tarjeta de crédito empresarial como medio de pago según características_Principal uso de este medio de pago (número de empresas)_Pago de obligaciones financieras,Numeric,"12,15",0.0 - 999999999999.999999999999999
J_66_4,Número de empresas que utilizaron tarjeta de crédito empresarial como medio de pago según características_Principal uso de este medio de pago (número de empresas)_Otro,Numeric,"12,15",0.0 - 999999999999.999999999999999
K_66_4,Número de empresas que utilizaron tarjeta de crédito empresarial como medio de pago según características_Principal dificultad a la que se enfrentó con el uso de este medio de pago (número de empresas)_No es un medio de pago seguro para la empresa,Numeric,"12,15",0.0 - 999999999999.999999999999999
L_66_4,Número de empresas que utilizaron tarjeta de crédito empresarial como medio de pago según características_Principal dificultad a la que se enfrentó con el uso de este medio de pago (número de empresas)_No sabe utilizarlo,Numeric,"12,15",0.0 - 999999999999.999999999999999
M_66_4,Número de empresas que utilizaron tarjeta de crédito empresarial como medio de pago según características_Principal dificultad a la que se enfrentó con el uso de este medio de pago (número de empresas)_No tiene dificultades para utilizarlo,Numeric,"12,15",0.0 - 999999999999.999999999999999
N_66_4,Número de empresas que utilizaron tarjeta de crédito empresarial como medio de pago según características_Principal dificultad a la que se enfrentó con el uso de este medio de pago (número de empresas)_Altos costos de manejo,Numeric,"12,15",0.0 - 999999999999.999999999999999
O_66_4,Número de empresas que utilizaron tarjeta de crédito empresarial como medio de pago según características_Principal dificultad a la que se enfrentó con el uso de este medio de pago (número de empresas)_Fraudes,Numeric,"12,15",0.0 - 999999999999.999999999999999
P_66_4,Número de empresas que utilizaron tarjeta de crédito empresarial como medio de pago según características_Principal dificultad a la que se enfrentó con el uso de este medio de pago (número de empresas)_Problemas de infraestructura,Numeric,"12,15",0.0 - 999999999999.999999999999999
Q_66_4,Número de empresas que utilizaron tarjeta de crédito empresarial como medio de pago según características_Principal dificultad a la que se enfrentó con el uso de este medio de pago (número de empresas)_Otra,Numeric,"12,15",0.0 - 999999999999.999999999999999
C_66_5,Número de empresas que utilizaron tarjeta de débito empresarial como medio de pago según características_Total de empresas que usaron este medio de pago,Numeric,"12,15",0.0 - 999999999999.999999999999999
D_66_5,Número de empresas que utilizaron tarjeta de débito empresarial como medio de pago según características_Principal uso de este medio de pago (número de empresas)_Pago de nómina,Numeric,"12,15",0.0 - 999999999999.999999999999999
E_66_5,"Número de empresas que utilizaron tarjeta de débito empresarial como medio de pago según características_Principal uso de este medio de pago (número de empresas)_Pagos por arrendamiento (maquinaria, equipo e inmobiliario, entre otros)",Numeric,"12,15",0.0 - 999999999999.999999999999999
F_66_5,"Número de empresas que utilizaron tarjeta de débito empresarial como medio de pago según características_Principal uso de este medio de pago (número de empresas)_Pago a proveedores por materias primas, mercancía o material administrativo",Numeric,"12,15",0.0 - 999999999999.999999999999999
G_66_5,"Número de empresas que utilizaron tarjeta de débito empresarial como medio de pago según características_Principal uso de este medio de pago (número de empresas)_Pago de servicios de la empresa (luz, agua, entre otros)",Numeric,"12,15",0.0 - 999999999999.999999999999999
H_66_5,Número de empresas que utilizaron tarjeta de débito empresarial como medio de pago según características_Principal uso de este medio de pago (número de empresas)_Pago de impuestos y derechos,Numeric,"12,15",0.0 - 999999999999.999999999999999
I_66_5,Número de empresas que utilizaron tarjeta de débito empresarial como medio de pago según características_Principal uso de este medio de pago (número de empresas)_Pago de obligaciones financieras,Numeric,"12,15",0.0 - 999999999999.999999999999999
J_66_5,Número de empresas que utilizaron tarjeta de débito empresarial como medio de pago según características_Principal uso de este medio de pago (número de empresas)_Otro,Numeric,"12,15",0.0 - 999999999999.999999999999999
K_66_5,Número de empresas que utilizaron tarjeta de débito empresarial como medio de pago según características_Principal dificultad a la que se enfrentó con el uso de este medio de pago (número de empresas)_No es un medio de pago seguro para la empresa,Numeric,"12,15",0.0 - 999999999999.999999999999999
L_66_5,Número de empresas que utilizaron tarjeta de débito empresarial como medio de pago según características_Principal dificultad a la que se enfrentó con el uso de este medio de pago (número de empresas)_No sabe utilizarlo,Numeric,"12,15",0.0 - 999999999999.999999999999999
M_66_5,Número de empresas que utilizaron tarjeta de débito empresarial como medio de pago según características_Principal dificultad a la que se enfrentó con el uso de este medio de pago (número de empresas)_No tiene dificultades para utilizarlo,Numeric,"12,15",0.0 - 999999999999.999999999999999
N_66_5,Número de empresas que utilizaron tarjeta de débito empresarial como medio de pago según características_Principal dificultad a la que se enfrentó con el uso de este medio de pago (número de empresas)_Altos costos de manejo,Numeric,"12,15",0.0 - 999999999999.999999999999999
O_66_5,Número de empresas que utilizaron tarjeta de débito empresarial como medio de pago según características_Principal dificultad a la que se enfrentó con el uso de este medio de pago (número de empresas)_Fraudes,Numeric,"12,15",0.0 - 999999999999.999999999999999
P_66_5,Número de empresas que utilizaron tarjeta de débito empresarial como medio de pago según características_Principal dificultad a la que se enfrentó con el uso de este medio de pago (número de empresas)_Problemas de infraestructura,Numeric,"12,15",0.0 - 999999999999.999999999999999
Q_66_5,Número de empresas que utilizaron tarjeta de débito empresarial como medio de pago según características_Principal dificultad a la que se enfrentó con el uso de este medio de pago (número de empresas)_Otra,Numeric,"12,15",0.0 - 999999999999.999999999999999
C_66_6,Número de empresas que utilizaron aplicaciones para dispositivos móviles como medio de pago según características_Total de empresas que usaron este medio de pago,Numeric,"12,15",0.0 - 999999999999.999999999999999
D_66_6,Número de empresas que utilizaron aplicaciones para dispositivos móviles como medio de pago según características_Principal uso de este medio de pago (número de empresas)_Pago de nómina,Numeric,"12,15",0.0 - 999999999999.999999999999999
E_66_6,"Número de empresas que utilizaron aplicaciones para dispositivos móviles como medio de pago según características_Principal uso de este medio de pago (número de empresas)_Pagos por arrendamiento (maquinaria, equipo e inmobiliario, entre otros)",Numeric,"12,15",0.0 - 999999999999.999999999999999
F_66_6,"Número de empresas que utilizaron aplicaciones para dispositivos móviles como medio de pago según características_Principal uso de este medio de pago (número de empresas)_Pago a proveedores por materias primas, mercancía o material administrativo",Numeric,"12,15",0.0 - 999999999999.999999999999999
G_66_6,"Número de empresas que utilizaron aplicaciones para dispositivos móviles como medio de pago según características_Principal uso de este medio de pago (número de empresas)_Pago de servicios de la empresa (luz, agua, entre otros)",Numeric,"12,15",0.0 - 999999999999.999999999999999
H_66_6,Número de empresas que utilizaron aplicaciones para dispositivos móviles como medio de pago según características_Principal uso de este medio de pago (número de empresas)_Pago de impuestos y derechos,Numeric,"12,15",0.0 - 999999999999.999999999999999
I_66_6,Número de empresas que utilizaron aplicaciones para dispositivos móviles como medio de pago según características_Principal uso de este medio de pago (número de empresas)_Pago de obligaciones financieras,Numeric,"12,15",0.0 - 999999999999.999999999999999
J_66_6,Número de empresas que utilizaron aplicaciones para dispositivos móviles como medio de pago según características_Principal uso de este medio de pago (número de empresas)_Otro,Numeric,"12,15",0.0 - 999999999999.999999999999999
K_66_6,Número de empresas que utilizaron aplicaciones para dispositivos móviles como medio de pago según características_Principal dificultad a la que se enfrentó con el uso de este medio de pago (número de empresas)_No es un medio de pago seguro para la empresa,Numeric,"12,15",0.0 - 999999999999.999999999999999
L_66_6,Número de empresas que utilizaron aplicaciones para dispositivos móviles como medio de pago según características_Principal dificultad a la que se enfrentó con el uso de este medio de pago (número de empresas)_No sabe utilizarlo,Numeric,"12,15",0.0 - 999999999999.999999999999999
M_66_6,Número de empresas que utilizaron aplicaciones para dispositivos móviles como medio de pago según características_Principal dificultad a la que se enfrentó con el uso de este medio de pago (número de empresas)_No tiene dificultades para utilizarlo,Numeric,"12,15",0.0 - 999999999999.999999999999999
N_66_6,Número de empresas que utilizaron aplicaciones para dispositivos móviles como medio de pago según características_Principal dificultad a la que se enfrentó con el uso de este medio de pago (número de empresas)_Altos costos de manejo,Numeric,"12,15",0.0 - 999999999999.999999999999999
O_66_6,Número de empresas que utilizaron aplicaciones para dispositivos móviles como medio de pago según características_Principal dificultad a la que se enfrentó con el uso de este medio de pago (número de empresas)_Fraudes,Numeric,"12,15",0.0 - 999999999999.999999999999999
P_66_6,Número de empresas que utilizaron aplicaciones para dispositivos móviles como medio de pago según características_Principal dificultad a la que se enfrentó con el uso de este medio de pago (número de empresas)_Problemas de infraestructura,Numeric,"12,15",0.0 - 999999999999.999999999999999
Q_66_6,Número de empresas que utilizaron aplicaciones para dispositivos móviles como medio de pago según características_Principal dificultad a la que se enfrentó con el uso de este medio de pago (número de empresas)_Otra,Numeric,"12,15",0.0 - 999999999999.999999999999999
C_66_7,Número de empresas que utilizaron página de Internet como medio de pago según características_Total de empresas que usaron este medio de pago,Numeric,"12,15",0.0 - 999999999999.999999999999999
D_66_7,Número de empresas que utilizaron página de Internet como medio de pago según características_Principal uso de este medio de pago (número de empresas)_Pago de nómina,Numeric,"12,15",0.0 - 999999999999.999999999999999
E_66_7,"Número de empresas que utilizaron página de Internet como medio de pago según características_Principal uso de este medio de pago (número de empresas)_Pagos por arrendamiento (maquinaria, equipo e inmobiliario, entre otros)",Numeric,"12,15",0.0 - 999999999999.999999999999999
F_66_7,"Número de empresas que utilizaron página de Internet como medio de pago según características_Principal uso de este medio de pago (número de empresas)_Pago a proveedores por materias primas, mercancía o material administrativo",Numeric,"12,15",0.0 - 999999999999.999999999999999
G_66_7,"Número de empresas que utilizaron página de Internet como medio de pago según características_Principal uso de este medio de pago (número de empresas)_Pago de servicios de la empresa (luz, agua, entre otros)",Numeric,"12,15",0.0 - 999999999999.999999999999999
H_66_7,Número de empresas que utilizaron página de Internet como medio de pago según características_Principal uso de este medio de pago (número de empresas)_Pago de impuestos y derechos,Numeric,"12,15",0.0 - 999999999999.999999999999999
I_66_7,Número de empresas que utilizaron página de Internet como medio de pago según características_Principal uso de este medio de pago (número de empresas)_Pago de obligaciones financieras,Numeric,"12,15",0.0 - 999999999999.999999999999999
J_66_7,Número de empresas que utilizaron página de Internet como medio de pago según características_Principal uso de este medio de pago (número de empresas)_Otro,Numeric,"12,15",0.0 - 999999999999.999999999999999
K_66_7,Número de empresas que utilizaron página de Internet como medio de pago según características_Principal dificultad a la que se enfrentó con el uso de este medio de pago (número de empresas)_No es un medio de pago seguro para la empresa,Numeric,"12,15",0.0 - 999999999999.999999999999999
L_66_7,Número de empresas que utilizaron página de Internet como medio de pago según características_Principal dificultad a la que se enfrentó con el uso de este medio de pago (número de empresas)_No sabe utilizarlo,Numeric,"12,15",0.0 - 999999999999.999999999999999
M_66_7,Número de empresas que utilizaron página de Internet como medio de pago según características_Principal dificultad a la que se enfrentó con el uso de este medio de pago (número de empresas)_No tiene dificultades para utilizarlo,Numeric,"12,15",0.0 - 999999999999.999999999999999
N_66_7,Número de empresas que utilizaron página de Internet como medio de pago según características_Principal dificultad a la que se enfrentó con el uso de este medio de pago (número de empresas)_Altos costos de manejo,Numeric,"12,15",0.0 - 999999999999.999999999999999
O_66_7,Número de empresas que utilizaron página de Internet como medio de pago según características_Principal dificultad a la que se enfrentó con el uso de este medio de pago (número de empresas)_Fraudes,Numeric,"12,15",0.0 - 999999999999.999999999999999
P_66_7,Número de empresas que utilizaron página de Internet como medio de pago según características_Principal dificultad a la que se enfrentó con el uso de este medio de pago (número de empresas)_Problemas de infraestructura,Numeric,"12,15",0.0 - 999999999999.999999999999999
Q_66_7,Número de empresas que utilizaron página de Internet como medio de pago según características_Principal dificultad a la que se enfrentó con el uso de este medio de pago (número de empresas)_Otra,Numeric,"12,15",0.0 - 999999999999.999999999999999
C_66_8,Número de empresas que utilizaron el teléfono como medio de pago según características_Total de empresas que usaron este medio de pago,Numeric,"12,15",0.0 - 999999999999.999999999999999
C_66_9,Número de empresas que utilizaron otro medio de pago según características_Total de empresas que usaron este medio de pago,Numeric,"12,15",0.0 - 999999999999.999999999999999
C_66_0,Número de empresas según medio de pago utilizado_Total de empresas,Numeric,"12,15",0.0 - 999999999999.999999999999999
D_66_0,Número de empresas según medio de pago utilizado_Efectivo (billetes y monedas),Numeric,"12,15",0.0 - 999999999999.999999999999999
E_66_0,Número de empresas según medio de pago utilizado_Cheques,Numeric,"12,15",0.0 - 999999999999.999999999999999
F_66_0,Número de empresas según medio de pago utilizado_Tarjeta de crédito de los (as) dueños (as) o socios (as),Numeric,"12,15",0.0 - 999999999999.999999999999999
G_66_0,Número de empresas según medio de pago utilizado_Tarjeta de crédito empresarial,Numeric,"12,15",0.0 - 999999999999.999999999999999
H_66_0,Número de empresas según medio de pago utilizado_Tarjeta de débito empresarial,Numeric,"12,15",0.0 - 999999999999.999999999999999
I_66_0,Número de empresas según medio de pago utilizado_Aplicaciones para dispositivos móviles,Numeric,"12,15",0.0 - 999999999999.999999999999999
J_66_0,Número de empresas según medio de pago utilizado_Página de Internet,Numeric,"12,15",0.0 - 999999999999.999999999999999
K_66_0,Número de empresas según medio de pago utilizado_Por teléfono,Numeric,"12,15",0.0 - 999999999999.999999999999999
L_66_0,Número de empresas según medio de pago utilizado_Otro,Numeric,"12,15",0.0 - 999999999999.999999999999999
C_67a,Número de empresas que tienen cuentas de depósito o ahorro según tipo de institución financiera_Total de empresas,Numeric,"12,15",0.0 - 999999999999.999999999999999
D_67a,Número de empresas que tienen cuentas de depósito o ahorro según tipo de institución financiera_Banca comercial,Numeric,"12,15",0.0 - 999999999999.999999999999999
E_67a,Número de empresas que tienen cuentas de depósito o ahorro según tipo de institución financiera_Otras,Numeric,"12,15",0.0 - 999999999999.999999999999999
F_67a,Número de empresas que tienen cuentas de depósito o ahorro según tipo de institución financiera_Edad promedio de la empresa cuando usó esta otra institución_Banca comercial,Numeric,"12,15",0.0 - 999999999999.999999999999999
G_67a,Número de empresas que tienen cuentas de depósito o ahorro según tipo de institución financiera_Edad promedio de la empresa cuando usó esta otra institución_Otras,Numeric,"12,15",0.0 - 999999999999.999999999999999
C_68,Número de empresas según motivos por los que no tuvieron cuentas de depósito o ahorro con alguna institución financiera_Total de empresas,Numeric,"12,15",0.0 - 999999999999.999999999999999
D_68,Número de empresas según motivos por los que no tuvieron cuentas de depósito o ahorro con alguna institución financiera_Prefiere usar efectivo para ahorrar y hacer pagos,Numeric,"12,15",0.0 - 999999999999.999999999999999
E_68,Número de empresas según motivos por los que no tuvieron cuentas de depósito o ahorro con alguna institución financiera_Las tasas de rendimiento son muy bajas,Numeric,"12,15",0.0 - 999999999999.999999999999999
F_68,Número de empresas según motivos por los que no tuvieron cuentas de depósito o ahorro con alguna institución financiera_No hay instituciones financieras en la localidad,Numeric,"12,15",0.0 - 999999999999.999999999999999
G_68,Número de empresas según motivos por los que no tuvieron cuentas de depósito o ahorro con alguna institución financiera_No conoce o no sabe cómo funcionan los productos,Numeric,"12,15",0.0 - 999999999999.999999999999999
H_68,Número de empresas según motivos por los que no tuvieron cuentas de depósito o ahorro con alguna institución financiera_Las instituciones cobran altas comisiones,Numeric,"12,15",0.0 - 999999999999.999999999999999
I_68,Número de empresas según motivos por los que no tuvieron cuentas de depósito o ahorro con alguna institución financiera_No sabe cómo tramitarlo,Numeric,"12,15",0.0 - 999999999999.999999999999999
J_68,Número de empresas según motivos por los que no tuvieron cuentas de depósito o ahorro con alguna institución financiera_No cumple con los requisitos,Numeric,"12,15",0.0 - 999999999999.999999999999999
K_68,Número de empresas según motivos por los que no tuvieron cuentas de depósito o ahorro con alguna institución financiera_No la necesita,Numeric,"12,15",0.0 - 999999999999.999999999999999
L_68,Número de empresas según motivos por los que no tuvieron cuentas de depósito o ahorro con alguna institución financiera_No le interesa,Numeric,"12,15",0.0 - 999999999999.999999999999999
M_68,Número de empresas según motivos por los que no tuvieron cuentas de depósito o ahorro con alguna institución financiera_Otro,Numeric,"12,15",0.0 - 999999999999.999999999999999
C_69,Número de empresas según situaciones que ocurren con relación a las cuentas de depósito de la empresa y de los (as) dueños (as) o socios (as)_Total de empresas,Numeric,"12,15",0.0 - 999999999999.999999999999999
D_69,Número de empresas según situaciones que ocurren con relación a las cuentas de depósito de la empresa y de los (as) dueños (as) o socios (as)_Se utilizan tanto cuentas personales (de los (as) dueños (as) o socios (as)) como de la empresa para operaciones y administración de la empresa,Numeric,"12,15",0.0 - 999999999999.999999999999999
E_69,"Número de empresas según situaciones que ocurren con relación a las cuentas de depósito de la empresa y de los (as) dueños (as) o socios (as)_Se usan cuentas separadas de los (as) dueños (as) o socios (as) y de la empresa, pero es difícil administrar las finanzas de ambas por separado",Numeric,"12,15",0.0 - 999999999999.999999999999999
F_69,Número de empresas según situaciones que ocurren con relación a las cuentas de depósito de la empresa y de los (as) dueños (as) o socios (as)_Se administran las cuentas de la empresa estrictamente por separado de las cuentas personales de los (as) dueños (as) o socios (as),Numeric,"12,15",0.0 - 999999999999.999999999999999
C_70,Número de empresas que han vendido alguna vez sus cuentas por cobrar (factoraje) a alguna institución financiera a cambio de dinero_Total de empresas,Numeric,"12,15",0.0 - 999999999999.999999999999999
C_71,Edad promedio de la empresa cuando comenzó a utilizar el esquema de servicios de factoraje_Edad promedio en años,Numeric,"12,15",0.0 - 999999999999.999999999999999
C_72,Número de empresas que vendieron sus cuentas por cobrar (factoraje) a alguna institución financiera a cambio de dinero_Total de empresas,Numeric,"12,15",0.0 - 999999999999.999999999999999
C_73a,Número de empresas según el uso de los recursos provenientes del esquema de servicios de factoraje_Total de empresas,Numeric,"12,15",0.0 - 999999999999.999999999999999
D_73a,Número de empresas según el uso de los recursos provenientes del esquema de servicios de factoraje_Financiamiento de las operaciones diarias / compra de mercancías y materias primas,Numeric,"12,15",0.0 - 999999999999.999999999999999
E_73a,Número de empresas según el uso de los recursos provenientes del esquema de servicios de factoraje_Pago de deudas / pago de compromisos financieros,Numeric,"12,15",0.0 - 999999999999.999999999999999
F_73a,Número de empresas según el uso de los recursos provenientes del esquema de servicios de factoraje_Otros,Numeric,"12,15",0.0 - 999999999999.999999999999999
C_74,Número de empresas según factores por los que no utilizan el esquema de servicios de factoraje_Total de empresas,Numeric,"12,15",0.0 - 999999999999.999999999999999
D_74,Número de empresas según factores por los que no utilizan el esquema de servicios de factoraje_No sabe cómo funciona,Numeric,"12,15",0.0 - 999999999999.999999999999999
E_74,Número de empresas según factores por los que no utilizan el esquema de servicios de factoraje_No sabe a qué instituciones recurrir,Numeric,"12,15",0.0 - 999999999999.999999999999999
F_74,Número de empresas según factores por los que no utilizan el esquema de servicios de factoraje_No hay instituciones en la localidad que ofrezcan el servicio,Numeric,"12,15",0.0 - 999999999999.999999999999999
G_74,Número de empresas según factores por los que no utilizan el esquema de servicios de factoraje_El costo del servicio es alto,Numeric,"12,15",0.0 - 999999999999.999999999999999
H_74,Número de empresas según factores por los que no utilizan el esquema de servicios de factoraje_No cumple con los requisitos,Numeric,"12,15",0.0 - 999999999999.999999999999999
I_74,Número de empresas según factores por los que no utilizan el esquema de servicios de factoraje_Los clientes no cumplen con los requisitos,Numeric,"12,15",0.0 - 999999999999.999999999999999
J_74,Número de empresas según factores por los que no utilizan el esquema de servicios de factoraje_No necesita el servicio,Numeric,"12,15",0.0 - 999999999999.999999999999999
K_74,Número de empresas según factores por los que no utilizan el esquema de servicios de factoraje_No le interesa este servicio,Numeric,"12,15",0.0 - 999999999999.999999999999999
L_74,Número de empresas según factores por los que no utilizan el esquema de servicios de factoraje_Otro,Numeric,"12,15",0.0 - 999999999999.999999999999999
C_75,"Número de empresas que alguna vez han utilizado bajo el esquema de arrendamiento financiero, maquinaria, equipo o inmuebles a cambio del pago de una renta_Total de empresas",Numeric,"12,15",0.0 - 999999999999.999999999999999
C_76,Edad promedio de la empresa cuando comenzó a utilizar el esquema de servicios de arrendamiento financiero_Edad promedio en años,Numeric,"12,15",0.0 - 999999999999.999999999999999
C_77,"Número de empresas que utilizaron bajo el esquema de arrendamiento financiero, maquinaria, equipo o inmuebles a cambio del pago de una renta_Total de empresas",Numeric,"12,15",0.0 - 999999999999.999999999999999
C_78,Número de empresas según bienes o servicios adquiridos o contratados bajo el esquema de arrendamiento financiero_Total de empresas,Numeric,"12,15",0.0 - 999999999999.999999999999999
D_78,Número de empresas según bienes o servicios adquiridos o contratados bajo el esquema de arrendamiento financiero_Maquinaria y equipo de producción,Numeric,"12,15",0.0 - 999999999999.999999999999999
E_78,"Número de empresas según bienes o servicios adquiridos o contratados bajo el esquema de arrendamiento financiero_Terrenos, edificios, oficinas u otros bienes inmuebles",Numeric,"12,15",0.0 - 999999999999.999999999999999
F_78,Número de empresas según bienes o servicios adquiridos o contratados bajo el esquema de arrendamiento financiero_Unidades de transporte,Numeric,"12,15",0.0 - 999999999999.999999999999999
G_78,Número de empresas según bienes o servicios adquiridos o contratados bajo el esquema de arrendamiento financiero_Mobiliario y equipo de oficina,Numeric,"12,15",0.0 - 999999999999.999999999999999
H_78,Número de empresas según bienes o servicios adquiridos o contratados bajo el esquema de arrendamiento financiero_Otro,Numeric,"12,15",0.0 - 999999999999.999999999999999
C_79,Número de empresas según factores por los que no utilizan el esquema de arrendamiento financiero_Total de empresas,Numeric,"12,15",0.0 - 999999999999.999999999999999
D_79,Número de empresas según factores por los que no utilizan el esquema de arrendamiento financiero_No sabe cómo funciona este esquema,Numeric,"12,15",0.0 - 999999999999.999999999999999
E_79,Número de empresas según factores por los que no utilizan el esquema de arrendamiento financiero_No sabe qué instituciones lo ofrecen,Numeric,"12,15",0.0 - 999999999999.999999999999999
F_79,Número de empresas según factores por los que no utilizan el esquema de arrendamiento financiero_No hay instituciones en la localidad que ofrezcan este servicio,Numeric,"12,15",0.0 - 999999999999.999999999999999
G_79,Número de empresas según factores por los que no utilizan el esquema de arrendamiento financiero_El costo del servicio es alto,Numeric,"12,15",0.0 - 999999999999.999999999999999
H_79,Número de empresas según factores por los que no utilizan el esquema de arrendamiento financiero_No cumple con los requisitos,Numeric,"12,15",0.0 - 999999999999.999999999999999
I_79,Número de empresas según factores por los que no utilizan el esquema de arrendamiento financiero_No lo necesita,Numeric,"12,15",0.0 - 999999999999.999999999999999
J_79,Número de empresas según factores por los que no utilizan el esquema de arrendamiento financiero_No le interesa,Numeric,"12,15",0.0 - 999999999999.999999999999999
K_79,Número de empresas según factores por los que no utilizan el esquema de arrendamiento financiero_Otro,Numeric,"12,15",0.0 - 999999999999.999999999999999
C_80,"Número de empresas que han contratado alguna póliza de seguro con una empresa privada (aseguradora, banco, entre otros)_Total de empresas",Numeric,"12,15",0.0 - 999999999999.999999999999999
C_81,Número de empresas según tipo de póliza que han contratado_Total de empresas,Numeric,"12,15",0.0 - 999999999999.999999999999999
D_81,"Número de empresas según tipo de póliza que han contratado_Daños (a vehículos, maquinaria, bienes inmuebles, entre otros)",Numeric,"12,15",0.0 - 999999999999.999999999999999
E_81,Número de empresas según tipo de póliza que han contratado_Responsabilidad civil,Numeric,"12,15",0.0 - 999999999999.999999999999999
F_81,Número de empresas según tipo de póliza que han contratado_Gastos médicos mayores,Numeric,"12,15",0.0 - 999999999999.999999999999999
G_81,Número de empresas según tipo de póliza que han contratado_Vida de grupo y colectivo,Numeric,"12,15",0.0 - 999999999999.999999999999999
H_81,Número de empresas según tipo de póliza que han contratado_Accidentes personales de grupo o colectivo,Numeric,"12,15",0.0 - 999999999999.999999999999999
I_81,Número de empresas según tipo de póliza que han contratado_Otro,Numeric,"12,15",0.0 - 999999999999.999999999999999
C_82,"Número de empresas que contrataron alguna póliza de seguro con alguna empresa privada (aseguradora, banco, entre otros) según tipo de póliza_Total de empresas",Numeric,"12,15",0.0 - 999999999999.999999999999999
D_82,"Número de empresas que contrataron alguna póliza de seguro con alguna empresa privada (aseguradora, banco, entre otros) según tipo de póliza_Daños (a vehículos, maquinaria, bienes inmuebles, entre otros)",Numeric,"12,15",0.0 - 999999999999.999999999999999
E_82,"Número de empresas que contrataron alguna póliza de seguro con alguna empresa privada (aseguradora, banco, entre otros) según tipo de póliza_Responsabilidad civil",Numeric,"12,15",0.0 - 999999999999.999999999999999
F_82,"Número de empresas que contrataron alguna póliza de seguro con alguna empresa privada (aseguradora, banco, entre otros) según tipo de póliza_Gastos médicos mayores",Numeric,"12,15",0.0 - 999999999999.999999999999999
G_82,"Número de empresas que contrataron alguna póliza de seguro con alguna empresa privada (aseguradora, banco, entre otros) según tipo de póliza_Vida de grupo y colectivo",Numeric,"12,15",0.0 - 999999999999.999999999999999
H_82,"Número de empresas que contrataron alguna póliza de seguro con alguna empresa privada (aseguradora, banco, entre otros) según tipo de póliza_Accidentes personales de grupo y colectivo",Numeric,"12,15",0.0 - 999999999999.999999999999999
I_82,"Número de empresas que contrataron alguna póliza de seguro con alguna empresa privada (aseguradora, banco, entre otros) según tipo de póliza_Otro",Numeric,"12,15",0.0 - 999999999999.999999999999999
C_83,Número de empresas según medios por los que contrataron pólizas de seguro_Total de empresas,Numeric,"12,15",0.0 - 999999999999.999999999999999
D_83,Número de empresas según medios por los que contrataron pólizas de seguro_En la sucursal de una aseguradora,Numeric,"12,15",0.0 - 999999999999.999999999999999
E_83,Número de empresas según medios por los que contrataron pólizas de seguro_A través de la sucursal de una institución financiera,Numeric,"12,15",0.0 - 999999999999.999999999999999
F_83,Número de empresas según medios por los que contrataron pólizas de seguro_A través de un agente de seguros,Numeric,"12,15",0.0 - 999999999999.999999999999999
G_83,Número de empresas según medios por los que contrataron pólizas de seguro_A través de una página de Internet,Numeric,"12,15",0.0 - 999999999999.999999999999999
H_83,Número de empresas según medios por los que contrataron pólizas de seguro_A través de una aplicación para dispositivos móviles,Numeric,"12,15",0.0 - 999999999999.999999999999999
I_83,Número de empresas según medios por los que contrataron pólizas de seguro_Vía telefónica,Numeric,"12,15",0.0 - 999999999999.999999999999999
J_83,Número de empresas según medios por los que contrataron pólizas de seguro_Otro,Numeric,"12,15",0.0 - 999999999999.999999999999999
C_84,Número de empresas según factores por los que no se utilizan pólizas de seguro_Total de empresas,Numeric,"12,15",0.0 - 999999999999.999999999999999
D_84,Número de empresas según factores por los que no se utilizan pólizas de seguro_Son caros / las primas son costosas,Numeric,"12,15",0.0 - 999999999999.999999999999999
E_84,Número de empresas según factores por los que no se utilizan pólizas de seguro_No hay instituciones que presten el servicio en la localidad,Numeric,"12,15",0.0 - 999999999999.999999999999999
F_84,Número de empresas según factores por los que no se utilizan pólizas de seguro_No los conoce / no sabe cómo funcionan,Numeric,"12,15",0.0 - 999999999999.999999999999999
G_84,Número de empresas según factores por los que no se utilizan pólizas de seguro_No confía en las aseguradoras,Numeric,"12,15",0.0 - 999999999999.999999999999999
H_84,Número de empresas según factores por los que no se utilizan pólizas de seguro_No lo necesita / bajo riesgo en su empresa,Numeric,"12,15",0.0 - 999999999999.999999999999999
I_84,Número de empresas según factores por los que no se utilizan pólizas de seguro_No le interesa,Numeric,"12,15",0.0 - 999999999999.999999999999999
J_84,Número de empresas según factores por los que no se utilizan pólizas de seguro_Otro,Numeric,"12,15",0.0 - 999999999999.999999999999999
C_85_1,"Número de empresas según afectaciones debido a la contingencia sanitaria generada por COVID-19, 2020_Total de empresas",Numeric,"12,15",0.0 - 999999999999.999999999999999
D_85_1,"Número de empresas según afectaciones debido a la contingencia sanitaria generada por COVID-19, 2020_Cierre temporal o parcial de operaciones",Numeric,"12,15",0.0 - 999999999999.999999999999999
E_85_1,"Número de empresas según afectaciones debido a la contingencia sanitaria generada por COVID-19, 2020_Disminución de los ingresos o ventas",Numeric,"12,15",0.0 - 999999999999.999999999999999
F_85_1,"Número de empresas según afectaciones debido a la contingencia sanitaria generada por COVID-19, 2020_Falta o retraso de pago de sus clientes",Numeric,"12,15",0.0 - 999999999999.999999999999999
G_85_1,"Número de empresas según afectaciones debido a la contingencia sanitaria generada por COVID-19, 2020_Desabasto de insumos o materias primas necesarias para la producción",Numeric,"12,15",0.0 - 999999999999.999999999999999
H_85_1,"Número de empresas según afectaciones debido a la contingencia sanitaria generada por COVID-19, 2020_Incremento en costos por adopción de medidas de higiene (desinfección de espacios, insumos de limpieza, entre otros)",Numeric,"12,15",0.0 - 999999999999.999999999999999
I_85_1,"Número de empresas según afectaciones debido a la contingencia sanitaria generada por COVID-19, 2020_Incremento en costos por adecuaciones físicas a su empresa",Numeric,"12,15",0.0 - 999999999999.999999999999999
J_85_1,"Número de empresas según afectaciones debido a la contingencia sanitaria generada por COVID-19, 2020_Dificultades para la realización de trámites (permisos, pago de servicios, licencias, entre otros)",Numeric,"12,15",0.0 - 999999999999.999999999999999
K_85_1,"Número de empresas según afectaciones debido a la contingencia sanitaria generada por COVID-19, 2020_No tuvo afectaciones",Numeric,"12,15",0.0 - 999999999999.999999999999999
L_85_1,"Número de empresas según afectaciones debido a la contingencia sanitaria generada por COVID-19, 2020_Otra",Numeric,"12,15",0.0 - 999999999999.999999999999999
C_85_2,"Número de empresas según afectaciones debido a la contingencia sanitaria generada por COVID-19, 2021 (al mes de la entrevista)_Total de empresas",Numeric,"12,15",0.0 - 999999999999.999999999999999
D_85_2,"Número de empresas según afectaciones debido a la contingencia sanitaria generada por COVID-19, 2021 (al mes de la entrevista)_Cierre temporal o parcial de operaciones",Numeric,"12,15",0.0 - 999999999999.999999999999999
E_85_2,"Número de empresas según afectaciones debido a la contingencia sanitaria generada por COVID-19, 2021 (al mes de la entrevista)_Disminución de los ingresos o ventas",Numeric,"12,15",0.0 - 999999999999.999999999999999
F_85_2,"Número de empresas según afectaciones debido a la contingencia sanitaria generada por COVID-19, 2021 (al mes de la entrevista)_Falta o retraso de pago de sus clientes",Numeric,"12,15",0.0 - 999999999999.999999999999999
G_85_2,"Número de empresas según afectaciones debido a la contingencia sanitaria generada por COVID-19, 2021 (al mes de la entrevista)_Desabasto de insumos o materias primas necesarias para la producción",Numeric,"12,15",0.0 - 999999999999.999999999999999
H_85_2,"Número de empresas según afectaciones debido a la contingencia sanitaria generada por COVID-19, 2021 (al mes de la entrevista)_Incremento en costos por adopción de medidas de higiene (desinfección de espacios, insumos de limpieza, entre otros)",Numeric,"12,15",0.0 - 999999999999.999999999999999
I_85_2,"Número de empresas según afectaciones debido a la contingencia sanitaria generada por COVID-19, 2021 (al mes de la entrevista)_Incremento en costos por adecuaciones físicas a su empresa",Numeric,"12,15",0.0 - 999999999999.999999999999999
J_85_2,"Número de empresas según afectaciones debido a la contingencia sanitaria generada por COVID-19, 2021 (al mes de la entrevista)_Dificultades para la realización de trámites (permisos, pago de servicios, licencias, entre otros)",Numeric,"12,15",0.0 - 999999999999.999999999999999
K_85_2,"Número de empresas según afectaciones debido a la contingencia sanitaria generada por COVID-19, 2021 (al mes de la entrevista)_No tuvo afectaciones",Numeric,"12,15",0.0 - 999999999999.999999999999999
L_85_2,"Número de empresas según afectaciones debido a la contingencia sanitaria generada por COVID-19, 2021 (al mes de la entrevista)_Otra",Numeric,"12,15",0.0 - 999999999999.999999999999999
C_86_1,"Número de empresas según acciones que tuvieron que realizar para hacer frente a las afectaciones generadas por COVID-19, 2020_Total de empresas",Numeric,"12,15",0.0 - 999999999999.999999999999999
D_86_1,"Número de empresas según acciones que tuvieron que realizar para hacer frente a las afectaciones generadas por COVID-19, 2020_Vender activos (maquinaria, terrenos, mobiliario, entre otros)",Numeric,"12,15",0.0 - 999999999999.999999999999999
E_86_1,"Número de empresas según acciones que tuvieron que realizar para hacer frente a las afectaciones generadas por COVID-19, 2020_Cancelar o renegociar contratos de arrendamiento de oficinas o inmuebles",Numeric,"12,15",0.0 - 999999999999.999999999999999
F_86_1,"Número de empresas según acciones que tuvieron que realizar para hacer frente a las afectaciones generadas por COVID-19, 2020_Reducir los salarios y/o retrasar los pagos al personal",Numeric,"12,15",0.0 - 999999999999.999999999999999
G_86_1,"Número de empresas según acciones que tuvieron que realizar para hacer frente a las afectaciones generadas por COVID-19, 2020_Reducir el número de personal o las horas de trabajo",Numeric,"12,15",0.0 - 999999999999.999999999999999
H_86_1,"Número de empresas según acciones que tuvieron que realizar para hacer frente a las afectaciones generadas por COVID-19, 2020_Incrementar las aportaciones de capital de dueños (as) o socios (as)",Numeric,"12,15",0.0 - 999999999999.999999999999999
I_86_1,"Número de empresas según acciones que tuvieron que realizar para hacer frente a las afectaciones generadas por COVID-19, 2020_Solicitar nuevo financiamiento con instituciones financieras",Numeric,"12,15",0.0 - 999999999999.999999999999999
J_86_1,"Número de empresas según acciones que tuvieron que realizar para hacer frente a las afectaciones generadas por COVID-19, 2020_Solicitar préstamos con familiares o amistades",Numeric,"12,15",0.0 - 999999999999.999999999999999
K_86_1,"Número de empresas según acciones que tuvieron que realizar para hacer frente a las afectaciones generadas por COVID-19, 2020_Solicitar apoyos de instituciones de gobierno",Numeric,"12,15",0.0 - 999999999999.999999999999999
L_86_1,"Número de empresas según acciones que tuvieron que realizar para hacer frente a las afectaciones generadas por COVID-19, 2020_Aplazar el pago o reestructurar los créditos con instituciones financieras",Numeric,"12,15",0.0 - 999999999999.999999999999999
M_86_1,"Número de empresas según acciones que tuvieron que realizar para hacer frente a las afectaciones generadas por COVID-19, 2020_Renegociar o aplazar el pago a proveedores",Numeric,"12,15",0.0 - 999999999999.999999999999999
N_86_1,"Número de empresas según acciones que tuvieron que realizar para hacer frente a las afectaciones generadas por COVID-19, 2020_No se tomó ninguna acción",Numeric,"12,15",0.0 - 999999999999.999999999999999
O_86_1,"Número de empresas según acciones que tuvieron que realizar para hacer frente a las afectaciones generadas por COVID-19, 2020_Otra",Numeric,"12,15",0.0 - 999999999999.999999999999999
C_86_2,"Número de empresas según acciones que tuvieron que realizar para hacer frente a las afectaciones generadas por COVID-19, 2021 (al mes de la entrevista)_Total de empresas",Numeric,"12,15",0.0 - 999999999999.999999999999999
D_86_2,"Número de empresas según acciones que tuvieron que realizar para hacer frente a las afectaciones generadas por COVID-19, 2021 (al mes de la entrevista)_Vender activos (maquinaria, terrenos, mobiliario, entre otros)",Numeric,"12,15",0.0 - 999999999999.999999999999999
E_86_2,"Número de empresas según acciones que tuvieron que realizar para hacer frente a las afectaciones generadas por COVID-19, 2021 (al mes de la entrevista)_Cancelar o renegociar contratos de arrendamiento de oficinas o inmuebles",Numeric,"12,15",0.0 - 999999999999.999999999999999
F_86_2,"Número de empresas según acciones que tuvieron que realizar para hacer frente a las afectaciones generadas por COVID-19, 2021 (al mes de la entrevista)_Reducir los salarios y/o retrasar los pagos al personal",Numeric,"12,15",0.0 - 999999999999.999999999999999
G_86_2,"Número de empresas según acciones que tuvieron que realizar para hacer frente a las afectaciones generadas por COVID-19, 2021 (al mes de la entrevista)_Reducir el número de personal o las horas de trabajo",Numeric,"12,15",0.0 - 999999999999.999999999999999
H_86_2,"Número de empresas según acciones que tuvieron que realizar para hacer frente a las afectaciones generadas por COVID-19, 2021 (al mes de la entrevista)_Incrementar las aportaciones de capital de dueños (as) o socios (as)",Numeric,"12,15",0.0 - 999999999999.999999999999999
I_86_2,"Número de empresas según acciones que tuvieron que realizar para hacer frente a las afectaciones generadas por COVID-19, 2021 (al mes de la entrevista)_Solicitar nuevo financiamiento con instituciones financieras",Numeric,"12,15",0.0 - 999999999999.999999999999999
J_86_2,"Número de empresas según acciones que tuvieron que realizar para hacer frente a las afectaciones generadas por COVID-19, 2021 (al mes de la entrevista)_Solicitar préstamos con familiares o amistades",Numeric,"12,15",0.0 - 999999999999.999999999999999
K_86_2,"Número de empresas según acciones que tuvieron que realizar para hacer frente a las afectaciones generadas por COVID-19, 2021 (al mes de la entrevista)_Solicitar apoyos de instituciones de gobierno",Numeric,"12,15",0.0 - 999999999999.999999999999999
L_86_2,"Número de empresas según acciones que tuvieron que realizar para hacer frente a las afectaciones generadas por COVID-19, 2021 (al mes de la entrevista)_Aplazar el pago o reestructurar los créditos con instituciones financieras",Numeric,"12,15",0.0 - 999999999999.999999999999999
M_86_2,"Número de empresas según acciones que tuvieron que realizar para hacer frente a las afectaciones generadas por COVID-19, 2021 (al mes de la entrevista)_Renegociar o aplazar el pago a proveedores",Numeric,"12,15",0.0 - 999999999999.999999999999999
N_86_2,"Número de empresas según acciones que tuvieron que realizar para hacer frente a las afectaciones generadas por COVID-19, 2021 (al mes de la entrevista)_No se tomó ninguna acción",Numeric,"12,15",0.0 - 999999999999.999999999999999
O_86_2,"Número de empresas según acciones que tuvieron que realizar para hacer frente a las afectaciones generadas por COVID-19, 2021 (al mes de la entrevista)_Otra",Numeric,"12,15",0.0 - 999999999999.999999999999999
C_87_1,"Número de empresas según situaciones que experimentaron durante la contingencia sanitaria generada por COVID-19, 2020_Total de empresas",Numeric,"12,15",0.0 - 999999999999.999999999999999
D_87_1,"Número de empresas según situaciones que experimentaron durante la contingencia sanitaria generada por COVID-19, 2020_Cierre de sucursales de intermediarios financieros a los que acude normalmente",Numeric,"12,15",0.0 - 999999999999.999999999999999
E_87_1,"Número de empresas según situaciones que experimentaron durante la contingencia sanitaria generada por COVID-19, 2020_Mayor tiempo de espera para la atención de trámites o solicitudes",Numeric,"12,15",0.0 - 999999999999.999999999999999
F_87_1,"Número de empresas según situaciones que experimentaron durante la contingencia sanitaria generada por COVID-19, 2020_Cancelaciones o reducciones de líneas de financiamiento",Numeric,"12,15",0.0 - 999999999999.999999999999999
G_87_1,"Número de empresas según situaciones que experimentaron durante la contingencia sanitaria generada por COVID-19, 2020_Falta de acceso al financiamiento",Numeric,"12,15",0.0 - 999999999999.999999999999999
H_87_1,"Número de empresas según situaciones que experimentaron durante la contingencia sanitaria generada por COVID-19, 2020_Rechazo de solicitudes de crédito",Numeric,"12,15",0.0 - 999999999999.999999999999999
I_87_1,"Número de empresas según situaciones que experimentaron durante la contingencia sanitaria generada por COVID-19, 2020_Incremento en el costo del financiamiento",Numeric,"12,15",0.0 - 999999999999.999999999999999
J_87_1,"Número de empresas según situaciones que experimentaron durante la contingencia sanitaria generada por COVID-19, 2020_Aumento en costo / comisiones de productos y servicios financieros",Numeric,"12,15",0.0 - 999999999999.999999999999999
K_87_1,"Número de empresas según situaciones que experimentaron durante la contingencia sanitaria generada por COVID-19, 2020_No se le otorgaron prórrogas o reestructuras en sus pagos a instituciones financieras",Numeric,"12,15",0.0 - 999999999999.999999999999999
L_87_1,"Número de empresas según situaciones que experimentaron durante la contingencia sanitaria generada por COVID-19, 2020_No se le otorgaron facilidades de pago de parte de sus proveedores",Numeric,"12,15",0.0 - 999999999999.999999999999999
M_87_1,"Número de empresas según situaciones que experimentaron durante la contingencia sanitaria generada por COVID-19, 2020_Embargos o pérdidas de activos por falta de pago",Numeric,"12,15",0.0 - 999999999999.999999999999999
N_87_1,"Número de empresas según situaciones que experimentaron durante la contingencia sanitaria generada por COVID-19, 2020_No se le otorgaron apoyos financieros del gobierno",Numeric,"12,15",0.0 - 999999999999.999999999999999
O_87_1,"Número de empresas según situaciones que experimentaron durante la contingencia sanitaria generada por COVID-19, 2020_No se experimentó ninguna situación",Numeric,"12,15",0.0 - 999999999999.999999999999999
P_87_1,"Número de empresas según situaciones que experimentaron durante la contingencia sanitaria generada por COVID-19, 2020_Otra",Numeric,"12,15",0.0 - 999999999999.999999999999999
C_87_2,"Número de empresas según situaciones que experimentaron durante la contingencia sanitaria generada por COVID-19, 2021 (al mes de la entrevista)_Total de empresas",Numeric,"12,15",0.0 - 999999999999.999999999999999
D_87_2,"Número de empresas según situaciones que experimentaron durante la contingencia sanitaria generada por COVID-19, 2021 (al mes de la entrevista)_Cierre de sucursales de intermediarios financieros a los que acude normalmente",Numeric,"12,15",0.0 - 999999999999.999999999999999
E_87_2,"Número de empresas según situaciones que experimentaron durante la contingencia sanitaria generada por COVID-19, 2021 (al mes de la entrevista)_Mayor tiempo de espera para la atención de trámites o solicitudes",Numeric,"12,15",0.0 - 999999999999.999999999999999
F_87_2,"Número de empresas según situaciones que experimentaron durante la contingencia sanitaria generada por COVID-19, 2021 (al mes de la entrevista)_Cancelaciones o reducciones de líneas de financiamiento",Numeric,"12,15",0.0 - 999999999999.999999999999999
G_87_2,"Número de empresas según situaciones que experimentaron durante la contingencia sanitaria generada por COVID-19, 2021 (al mes de la entrevista)_Falta de acceso al financiamiento",Numeric,"12,15",0.0 - 999999999999.999999999999999
H_87_2,"Número de empresas según situaciones que experimentaron durante la contingencia sanitaria generada por COVID-19, 2021 (al mes de la entrevista)_Rechazo de solicitudes de crédito",Numeric,"12,15",0.0 - 999999999999.999999999999999
I_87_2,"Número de empresas según situaciones que experimentaron durante la contingencia sanitaria generada por COVID-19, 2021 (al mes de la entrevista)_Incremento en el costo del financiamiento",Numeric,"12,15",0.0 - 999999999999.999999999999999
J_87_2,"Número de empresas según situaciones que experimentaron durante la contingencia sanitaria generada por COVID-19, 2021 (al mes de la entrevista)_Aumento en costo / comisiones de productos y servicios financieros",Numeric,"12,15",0.0 - 999999999999.999999999999999
K_87_2,"Número de empresas según situaciones que experimentaron durante la contingencia sanitaria generada por COVID-19, 2021 (al mes de la entrevista)_No se le otorgaron prórrogas o reestructuras en sus pagos a instituciones financieras",Numeric,"12,15",0.0 - 999999999999.999999999999999
L_87_2,"Número de empresas según situaciones que experimentaron durante la contingencia sanitaria generada por COVID-19, 2021 (al mes de la entrevista)_No se le otorgaron facilidades de pago de parte de sus proveedores",Numeric,"12,15",0.0 - 999999999999.999999999999999
M_87_2,"Número de empresas según situaciones que experimentaron durante la contingencia sanitaria generada por COVID-19, 2021 (al mes de la entrevista)_Embargos o pérdidas de activos por falta de pago",Numeric,"12,15",0.0 - 999999999999.999999999999999
N_87_2,"Número de empresas según situaciones que experimentaron durante la contingencia sanitaria generada por COVID-19, 2021 (al mes de la entrevista)_No se le otorgaron apoyos financieros del gobierno",Numeric,"12,15",0.0 - 999999999999.999999999999999
O_87_2,"Número de empresas según situaciones que experimentaron durante la contingencia sanitaria generada por COVID-19, 2021 (al mes de la entrevista)_No se experimentó ninguna situación",Numeric,"12,15",0.0 - 999999999999.999999999999999
P_87_2,"Número de empresas según situaciones que experimentaron durante la contingencia sanitaria generada por COVID-19, 2021 (al mes de la entrevista)_Otra",Numeric,"12,15",0.0 - 999999999999.999999999999999
C_88_1,"Número de empresas según acciones relacionadas con los servicios financieros realizadas a consecuencia de la contingencia sanitaria generada por COVID-19, 2020_Total de empresas",Numeric,"12,15",0.0 - 999999999999.999999999999999
D_88_1,"Número de empresas según acciones relacionadas con los servicios financieros realizadas a consecuencia de la contingencia sanitaria generada por COVID-19, 2020_Cancelar parcial o totalmente servicios contratados para recibir pagos electrónicos (TPVs, lectores de tarjetas, entre otros)",Numeric,"12,15",0.0 - 999999999999.999999999999999
E_88_1,"Número de empresas según acciones relacionadas con los servicios financieros realizadas a consecuencia de la contingencia sanitaria generada por COVID-19, 2020_Cancelar servicios financieros de la empresa (tarjetas de crédito, servicios de dispersión de nómina, seguros, entre otros)",Numeric,"12,15",0.0 - 999999999999.999999999999999
F_88_1,"Número de empresas según acciones relacionadas con los servicios financieros realizadas a consecuencia de la contingencia sanitaria generada por COVID-19, 2020_Cancelar servicios de arrendamiento de capital de trabajo (equipo de cómputo e informática, automóviles, entre otros)",Numeric,"12,15",0.0 - 999999999999.999999999999999
G_88_1,"Número de empresas según acciones relacionadas con los servicios financieros realizadas a consecuencia de la contingencia sanitaria generada por COVID-19, 2020_No pagar a proveedores por falta de ingresos",Numeric,"12,15",0.0 - 999999999999.999999999999999
H_88_1,"Número de empresas según acciones relacionadas con los servicios financieros realizadas a consecuencia de la contingencia sanitaria generada por COVID-19, 2020_No pagar a instituciones financieras los créditos por falta de ingresos",Numeric,"12,15",0.0 - 999999999999.999999999999999
I_88_1,"Número de empresas según acciones relacionadas con los servicios financieros realizadas a consecuencia de la contingencia sanitaria generada por COVID-19, 2020_Pagar cargos moratorios por atrasos",Numeric,"12,15",0.0 - 999999999999.999999999999999
J_88_1,"Número de empresas según acciones relacionadas con los servicios financieros realizadas a consecuencia de la contingencia sanitaria generada por COVID-19, 2020_Buscar un nuevo proveedor de servicios financieros",Numeric,"12,15",0.0 - 999999999999.999999999999999
K_88_1,"Número de empresas según acciones relacionadas con los servicios financieros realizadas a consecuencia de la contingencia sanitaria generada por COVID-19, 2020_Negociar con despachos de cobranza el pago de créditos atrasados",Numeric,"12,15",0.0 - 999999999999.999999999999999
L_88_1,"Número de empresas según acciones relacionadas con los servicios financieros realizadas a consecuencia de la contingencia sanitaria generada por COVID-19, 2020_No se realizó ninguna acción",Numeric,"12,15",0.0 - 999999999999.999999999999999
M_88_1,"Número de empresas según acciones relacionadas con los servicios financieros realizadas a consecuencia de la contingencia sanitaria generada por COVID-19, 2020_Otra",Numeric,"12,15",0.0 - 999999999999.999999999999999
C_88_2,"Número de empresas según acciones relacionadas con los servicios financieros realizadas a consecuencia de la contingencia sanitaria generada por COVID-19, 2021 (al mes de la entrevista)_Total de empresas",Numeric,"12,15",0.0 - 999999999999.999999999999999
D_88_2,"Número de empresas según acciones relacionadas con los servicios financieros realizadas a consecuencia de la contingencia sanitaria generada por COVID-19, 2021 (al mes de la entrevista)_Cancelar parcial o totalmente servicios contratados para recibir pagos electrónicos (TPVs, lectores de tarjetas, entre otros)",Numeric,"12,15",0.0 - 999999999999.999999999999999
E_88_2,"Número de empresas según acciones relacionadas con los servicios financieros realizadas a consecuencia de la contingencia sanitaria generada por COVID-19, 2021 (al mes de la entrevista)_Cancelar servicios financieros de la empresa (tarjetas de crédito, servicios de dispersión de nómina, seguros, entre otros)",Numeric,"12,15",0.0 - 999999999999.999999999999999
F_88_2,"Número de empresas según acciones relacionadas con los servicios financieros realizadas a consecuencia de la contingencia sanitaria generada por COVID-19, 2021 (al mes de la entrevista)_Cancelar servicios de arrendamiento de capital de trabajo (equipo de cómputo e informática, automóviles, entre otros)",Numeric,"12,15",0.0 - 999999999999.999999999999999
G_88_2,"Número de empresas según acciones relacionadas con los servicios financieros realizadas a consecuencia de la contingencia sanitaria generada por COVID-19, 2021 (al mes de la entrevista)_No pagar a proveedores por falta de ingresos",Numeric,"12,15",0.0 - 999999999999.999999999999999
H_88_2,"Número de empresas según acciones relacionadas con los servicios financieros realizadas a consecuencia de la contingencia sanitaria generada por COVID-19, 2021 (al mes de la entrevista)_No pagar a instituciones financieras los créditos por falta de ingresos",Numeric,"12,15",0.0 - 999999999999.999999999999999
I_88_2,"Número de empresas según acciones relacionadas con los servicios financieros realizadas a consecuencia de la contingencia sanitaria generada por COVID-19, 2021 (al mes de la entrevista)_Pagar cargos moratorios por atrasos",Numeric,"12,15",0.0 - 999999999999.999999999999999
J_88_2,"Número de empresas según acciones relacionadas con los servicios financieros realizadas a consecuencia de la contingencia sanitaria generada por COVID-19, 2021 (al mes de la entrevista)_Buscar un nuevo proveedor de servicios financieros",Numeric,"12,15",0.0 - 999999999999.999999999999999
K_88_2,"Número de empresas según acciones relacionadas con los servicios financieros realizadas a consecuencia de la contingencia sanitaria generada por COVID-19, 2021 (al mes de la entrevista)_Negociar con despachos de cobranza el pago de créditos atrasados",Numeric,"12,15",0.0 - 999999999999.999999999999999
L_88_2,"Número de empresas según acciones relacionadas con los servicios financieros realizadas a consecuencia de la contingencia sanitaria generada por COVID-19, 2021 (al mes de la entrevista)_No se realizó ninguna acción",Numeric,"12,15",0.0 - 999999999999.999999999999999
M_88_2,"Número de empresas según acciones relacionadas con los servicios financieros realizadas a consecuencia de la contingencia sanitaria generada por COVID-19, 2021 (al mes de la entrevista)_Otra",Numeric,"12,15",0.0 - 999999999999.999999999999999
C_89_1,"Número de empresas según acciones realizadas para continuar o mejorar su operación y comercialización a raíz de la contingencia sanitaria generada por COVID-19, 2020_Total de empresas",Numeric,"12,15",0.0 - 999999999999.999999999999999
D_89_1,"Número de empresas según acciones realizadas para continuar o mejorar su operación y comercialización a raíz de la contingencia sanitaria generada por COVID-19, 2020_Trabajo en modalidad a distancia (trabajo desde casa)",Numeric,"12,15",0.0 - 999999999999.999999999999999
E_89_1,"Número de empresas según acciones realizadas para continuar o mejorar su operación y comercialización a raíz de la contingencia sanitaria generada por COVID-19, 2020_Uso de redes sociales para comercialización y promoción de productos y servicios",Numeric,"12,15",0.0 - 999999999999.999999999999999
F_89_1,"Número de empresas según acciones realizadas para continuar o mejorar su operación y comercialización a raíz de la contingencia sanitaria generada por COVID-19, 2020_Uso de página de Internet de la empresa para comercialización y promoción de productos y servicios",Numeric,"12,15",0.0 - 999999999999.999999999999999
G_89_1,"Número de empresas según acciones realizadas para continuar o mejorar su operación y comercialización a raíz de la contingencia sanitaria generada por COVID-19, 2020_Uso de plataformas de venta en línea (Amazon, Mercado Libre, entre otros)",Numeric,"12,15",0.0 - 999999999999.999999999999999
H_89_1,"Número de empresas según acciones realizadas para continuar o mejorar su operación y comercialización a raíz de la contingencia sanitaria generada por COVID-19, 2020_Afiliación a empresas de servicios para la entrega de sus productos o mercancía (Uber, DiDi, entre otros)",Numeric,"12,15",0.0 - 999999999999.999999999999999
I_89_1,"Número de empresas según acciones realizadas para continuar o mejorar su operación y comercialización a raíz de la contingencia sanitaria generada por COVID-19, 2020_Implementación de entregas a domicilio mediante el personal de la empresa",Numeric,"12,15",0.0 - 999999999999.999999999999999
J_89_1,"Número de empresas según acciones realizadas para continuar o mejorar su operación y comercialización a raíz de la contingencia sanitaria generada por COVID-19, 2020_Adopción de nuevos métodos de pago electrónicos (tarjetas, CoDi, códigos QR, pagos por Internet, entre otros)",Numeric,"12,15",0.0 - 999999999999.999999999999999
K_89_1,"Número de empresas según acciones realizadas para continuar o mejorar su operación y comercialización a raíz de la contingencia sanitaria generada por COVID-19, 2020_Otorgamiento de descuentos o facilidades de pago a los clientes",Numeric,"12,15",0.0 - 999999999999.999999999999999
L_89_1,"Número de empresas según acciones realizadas para continuar o mejorar su operación y comercialización a raíz de la contingencia sanitaria generada por COVID-19, 2020_Incremento o cambio de su oferta de productos o servicios",Numeric,"12,15",0.0 - 999999999999.999999999999999
M_89_1,"Número de empresas según acciones realizadas para continuar o mejorar su operación y comercialización a raíz de la contingencia sanitaria generada por COVID-19, 2020_Incremento de capacidad operativa por el aumento en la demanda de sus productos o servicios",Numeric,"12,15",0.0 - 999999999999.999999999999999
N_89_1,"Número de empresas según acciones realizadas para continuar o mejorar su operación y comercialización a raíz de la contingencia sanitaria generada por COVID-19, 2020_No se realizó ninguna acción",Numeric,"12,15",0.0 - 999999999999.999999999999999
O_89_1,"Número de empresas según acciones realizadas para continuar o mejorar su operación y comercialización a raíz de la contingencia sanitaria generada por COVID-19, 2020_Otra",Numeric,"12,15",0.0 - 999999999999.999999999999999
C_89_2,"Número de empresas según acciones realizadas o que se mantuvieron para continuar o mejorar su operación y comercialización a raíz de la contingencia sanitaria generada por COVID-19, 2021 (al mes de la entrevista)_Total de empresas",Numeric,"12,15",0.0 - 999999999999.999999999999999
D_89_2,"Número de empresas según acciones realizadas o que se mantuvieron para continuar o mejorar su operación y comercialización a raíz de la contingencia sanitaria generada por COVID-19, 2021 (al mes de la entrevista)_Trabajo en modalidad a distancia (trabajo desde casa)",Numeric,"12,15",0.0 - 999999999999.999999999999999
E_89_2,"Número de empresas según acciones realizadas o que se mantuvieron para continuar o mejorar su operación y comercialización a raíz de la contingencia sanitaria generada por COVID-19, 2021 (al mes de la entrevista)_Uso de redes sociales para comercialización y promoción de productos y servicios",Numeric,"12,15",0.0 - 999999999999.999999999999999
F_89_2,"Número de empresas según acciones realizadas o que se mantuvieron para continuar o mejorar su operación y comercialización a raíz de la contingencia sanitaria generada por COVID-19, 2021 (al mes de la entrevista)_Uso de página de Internet de la empresa para comercialización y promoción de productos y servicios",Numeric,"12,15",0.0 - 999999999999.999999999999999
G_89_2,"Número de empresas según acciones realizadas o que se mantuvieron para continuar o mejorar su operación y comercialización a raíz de la contingencia sanitaria generada por COVID-19, 2021 (al mes de la entrevista)_Uso de plataformas de venta en línea (Amazon, Mercado Libre, entre otros)",Numeric,"12,15",0.0 - 999999999999.999999999999999
H_89_2,"Número de empresas según acciones realizadas o que se mantuvieron para continuar o mejorar su operación y comercialización a raíz de la contingencia sanitaria generada por COVID-19, 2021 (al mes de la entrevista)_Afiliación a empresas de servicios para la entrega de sus productos o mercancía (Uber, DiDi, entre otros)",Numeric,"12,15",0.0 - 999999999999.999999999999999
I_89_2,"Número de empresas según acciones realizadas o que se mantuvieron para continuar o mejorar su operación y comercialización a raíz de la contingencia sanitaria generada por COVID-19, 2021 (al mes de la entrevista)_Implementación de entregas a domicilio mediante el personal de la empresa",Numeric,"12,15",0.0 - 999999999999.999999999999999
J_89_2,"Número de empresas según acciones realizadas o que se mantuvieron para continuar o mejorar su operación y comercialización a raíz de la contingencia sanitaria generada por COVID-19, 2021 (al mes de la entrevista)_Adopción de nuevos métodos de pago electrónicos (tarjetas, CoDi, códigos QR, pagos por Internet, entre otros)",Numeric,"12,15",0.0 - 999999999999.999999999999999
K_89_2,"Número de empresas según acciones realizadas o que se mantuvieron para continuar o mejorar su operación y comercialización a raíz de la contingencia sanitaria generada por COVID-19, 2021 (al mes de la entrevista)_Otorgamiento de descuentos o facilidades de pago a los clientes",Numeric,"12,15",0.0 - 999999999999.999999999999999
L_89_2,"Número de empresas según acciones realizadas o que se mantuvieron para continuar o mejorar su operación y comercialización a raíz de la contingencia sanitaria generada por COVID-19, 2021 (al mes de la entrevista)_Incremento o cambio de su oferta de productos o servicios",Numeric,"12,15",0.0 - 999999999999.999999999999999
M_89_2,"Número de empresas según acciones realizadas o que se mantuvieron para continuar o mejorar su operación y comercialización a raíz de la contingencia sanitaria generada por COVID-19, 2021 (al mes de la entrevista)_Incremento de capacidad operativa por el aumento en la demanda de sus productos o servicios",Numeric,"12,15",0.0 - 999999999999.999999999999999
N_89_2,"Número de empresas según acciones realizadas o que se mantuvieron para continuar o mejorar su operación y comercialización a raíz de la contingencia sanitaria generada por COVID-19, 2021 (al mes de la entrevista)_No se realizó ninguna acción",Numeric,"12,15",0.0 - 999999999999.999999999999999
O_89_2,"Número de empresas según acciones realizadas o que se mantuvieron para continuar o mejorar su operación y comercialización a raíz de la contingencia sanitaria generada por COVID-19, 2021 (al mes de la entrevista)_Otra",Numeric,"12,15",0.0 - 999999999999.999999999999999
